{
    "__comment": "Model generated using MrCrayfish's Model Creator (http://mrcrayfish.com/modelcreator/)",
    "textures": {
        "0": "blocks/stone"
    },
    "elements": [
        {
            "name": "A1",
            "from": [ 5.0, 14.0, 6.0 ], 
            "to": [ 6.0, 16.0, 7.0 ], 
            "faces": {
                "north": { "texture": "#0", "uv": [ 9.0, 6.0, 10.0, 8.0 ] },
                "east": { "texture": "#0", "uv": [ 2.0, 3.0, 3.0, 5.0 ] },
                "south": { "texture": "#0", "uv": [ 5.0, 3.0, 6.0, 5.0 ] },
                "west": { "texture": "#0", "uv": [ 7.0, 5.0, 8.0, 7.0 ] },
                "up": { "texture": "#0", "uv": [ 5.0, 8.0, 6.0, 9.0 ] },
                "down": { "texture": "#0", "uv": [ 9.0, 7.0, 10.0, 8.0 ] }
            }
        },
        {
            "name": "A2",
            "from": [ 4.0, 11.0, 6.0 ], 
            "to": [ 5.0, 16.0, 7.0 ], 
            "faces": {
                "north": { "texture": "#0", "uv": [ 2.0, 2.0, 3.0, 7.0 ] },
                "east": { "texture": "#0", "uv": [ 2.0, 2.0, 3.0, 7.0 ] },
                "south": { "texture": "#0", "uv": [ 4.0, 6.0, 5.0, 11.0 ] },
                "west": { "texture": "#0", "uv": [ 6.0, 5.0, 7.0, 10.0 ] },
                "up": { "texture": "#0", "uv": [ 1.0, 4.0, 2.0, 5.0 ] },
                "down": { "texture": "#0", "uv": [ 7.0, 5.0, 8.0, 6.0 ] }
            }
        },
        {
            "name": "A3",
            "from": [ 4.0, 15.0, 5.0 ], 
            "to": [ 5.0, 16.0, 6.0 ], 
            "faces": {
                "north": { "texture": "#0", "uv": [ 2.0, 4.0, 3.0, 5.0 ] },
                "east": { "texture": "#0", "uv": [ 3.0, 5.0, 4.0, 6.0 ] },
                "south": { "texture": "#0", "uv": [ 4.0, 3.0, 5.0, 4.0 ] },
                "west": { "texture": "#0", "uv": [ 5.0, 3.0, 6.0, 4.0 ] },
                "up": { "texture": "#0", "uv": [ 3.0, 6.0, 4.0, 7.0 ] },
                "down": { "texture": "#0", "uv": [ 7.0, 6.0, 8.0, 7.0 ] }
            }
        },
        {
            "name": "B1",
            "from": [ 9.0, 12.0, 12.0 ], 
            "to": [ 10.0, 16.0, 13.0 ], 
            "faces": {
                "north": { "texture": "#0", "uv": [ 9.0, 6.0, 10.0, 10.0 ] },
                "east": { "texture": "#0", "uv": [ 2.0, 3.0, 3.0, 7.0 ] },
                "south": { "texture": "#0", "uv": [ 5.0, 3.0, 6.0, 7.0 ] },
                "west": { "texture": "#0", "uv": [ 7.0, 5.0, 8.0, 9.0 ] },
                "up": { "texture": "#0", "uv": [ 5.0, 8.0, 6.0, 9.0 ] },
                "down": { "texture": "#0", "uv": [ 9.0, 7.0, 10.0, 8.0 ] }
            }
        },
        {
            "name": "B2",
            "from": [ 10.0, 13.0, 12.0 ], 
            "to": [ 11.0, 16.0, 13.0 ], 
            "faces": {
                "north": { "texture": "#0", "uv": [ 9.0, 6.0, 10.0, 9.0 ] },
                "east": { "texture": "#0", "uv": [ 2.0, 3.0, 3.0, 6.0 ] },
                "south": { "texture": "#0", "uv": [ 5.0, 3.0, 6.0, 6.0 ] },
                "west": { "texture": "#0", "uv": [ 7.0, 5.0, 8.0, 8.0 ] },
                "up": { "texture": "#0", "uv": [ 5.0, 8.0, 6.0, 9.0 ] },
                "down": { "texture": "#0", "uv": [ 9.0, 7.0, 10.0, 8.0 ] }
            }
        },
        {
            "name": "B3",
            "from": [ 9.0, 14.0, 11.0 ], 
            "to": [ 10.0, 16.0, 12.0 ], 
            "faces": {
                "north": { "texture": "#0", "uv": [ 9.0, 6.0, 10.0, 8.0 ] },
                "east": { "texture": "#0", "uv": [ 2.0, 3.0, 3.0, 5.0 ] },
                "south": { "texture": "#0", "uv": [ 5.0, 3.0, 6.0, 5.0 ] },
                "west": { "texture": "#0", "uv": [ 7.0, 5.0, 8.0, 7.0 ] },
                "up": { "texture": "#0", "uv": [ 5.0, 8.0, 6.0, 9.0 ] },
                "down": { "texture": "#0", "uv": [ 9.0, 7.0, 10.0, 8.0 ] }
            }
        },
        {
            "name": "B4",
            "from": [ 9.0, 14.0, 13.0 ], 
            "to": [ 10.0, 16.0, 14.0 ], 
            "faces": {
                "north": { "texture": "#0", "uv": [ 9.0, 6.0, 10.0, 8.0 ] },
                "east": { "texture": "#0", "uv": [ 2.0, 3.0, 3.0, 5.0 ] },
                "south": { "texture": "#0", "uv": [ 5.0, 3.0, 6.0, 5.0 ] },
                "west": { "texture": "#0", "uv": [ 7.0, 5.0, 8.0, 7.0 ] },
                "up": { "texture": "#0", "uv": [ 5.0, 8.0, 6.0, 9.0 ] },
                "down": { "texture": "#0", "uv": [ 9.0, 7.0, 10.0, 8.0 ] }
            }
        },
        {
            "name": "B5",
            "from": [ 10.0, 15.0, 11.0 ], 
            "to": [ 11.0, 16.0, 12.0 ], 
            "faces": {
                "north": { "texture": "#0", "uv": [ 9.0, 6.0, 10.0, 7.0 ] },
                "east": { "texture": "#0", "uv": [ 2.0, 3.0, 3.0, 4.0 ] },
                "south": { "texture": "#0", "uv": [ 5.0, 3.0, 6.0, 4.0 ] },
                "west": { "texture": "#0", "uv": [ 7.0, 5.0, 8.0, 6.0 ] },
                "up": { "texture": "#0", "uv": [ 5.0, 8.0, 6.0, 9.0 ] },
                "down": { "texture": "#0", "uv": [ 9.0, 7.0, 10.0, 8.0 ] }
            }
        },
        {
            "name": "B6",
            "from": [ 8.0, 14.0, 12.0 ], 
            "to": [ 9.0, 16.0, 13.0 ], 
            "faces": {
                "north": { "texture": "#0", "uv": [ 9.0, 6.0, 10.0, 8.0 ] },
                "east": { "texture": "#0", "uv": [ 2.0, 3.0, 3.0, 5.0 ] },
                "south": { "texture": "#0", "uv": [ 5.0, 3.0, 6.0, 5.0 ] },
                "west": { "texture": "#0", "uv": [ 7.0, 5.0, 8.0, 7.0 ] },
                "up": { "texture": "#0", "uv": [ 5.0, 8.0, 6.0, 9.0 ] },
                "down": { "texture": "#0", "uv": [ 9.0, 7.0, 10.0, 8.0 ] }
            }
        },
        {
            "name": "C1",
            "from": [ 12.0, 12.0, 4.0 ], 
            "to": [ 13.0, 16.0, 5.0 ], 
            "faces": {
                "north": { "texture": "#0", "uv": [ 9.0, 6.0, 10.0, 10.0 ] },
                "east": { "texture": "#0", "uv": [ 2.0, 3.0, 3.0, 7.0 ] },
                "south": { "texture": "#0", "uv": [ 5.0, 3.0, 6.0, 7.0 ] },
                "west": { "texture": "#0", "uv": [ 7.0, 5.0, 8.0, 9.0 ] },
                "up": { "texture": "#0", "uv": [ 5.0, 8.0, 6.0, 9.0 ] },
                "down": { "texture": "#0", "uv": [ 9.0, 7.0, 10.0, 8.0 ] }
            }
        },
        {
            "name": "C2",
            "from": [ 12.0, 14.0, 5.0 ], 
            "to": [ 13.0, 16.0, 6.0 ], 
            "faces": {
                "north": { "texture": "#0", "uv": [ 9.0, 6.0, 10.0, 8.0 ] },
                "east": { "texture": "#0", "uv": [ 2.0, 3.0, 3.0, 5.0 ] },
                "south": { "texture": "#0", "uv": [ 5.0, 3.0, 6.0, 5.0 ] },
                "west": { "texture": "#0", "uv": [ 7.0, 5.0, 8.0, 7.0 ] },
                "up": { "texture": "#0", "uv": [ 5.0, 8.0, 6.0, 9.0 ] },
                "down": { "texture": "#0", "uv": [ 9.0, 7.0, 10.0, 8.0 ] }
            }
        },
        {
            "name": "C3",
            "from": [ 11.0, 15.0, 4.0 ], 
            "to": [ 12.0, 16.0, 5.0 ], 
            "faces": {
                "north": { "texture": "#0", "uv": [ 9.0, 6.0, 10.0, 7.0 ] },
                "east": { "texture": "#0", "uv": [ 2.0, 3.0, 3.0, 4.0 ] },
                "south": { "texture": "#0", "uv": [ 5.0, 3.0, 6.0, 4.0 ] },
                "west": { "texture": "#0", "uv": [ 7.0, 5.0, 8.0, 6.0 ] },
                "up": { "texture": "#0", "uv": [ 5.0, 8.0, 6.0, 9.0 ] },
                "down": { "texture": "#0", "uv": [ 9.0, 7.0, 10.0, 8.0 ] }
            }
        }
    ]
}