{
	"__comment": "Model generated using MrCrayfish's Model Creator (http://mrcrayfish.com/modelcreator/)",
	"parent": "block/block",
	"textures": {
		"wood": "blocks/planks_oak",
		"particle": "blocks/bookshelf",
		"book": "custom/bookshelf_changed"
	},
	"elements": [ 	 
		{
			"from": [ 0, 0, 0 ],
			"to": [ 16, 16, 16 ],
			"faces": {
				"down": { "uv": [ 16, 16, 0, 0 ], "texture": "#wood", "cullface": "down" },
				"up": { "uv": [ 0, 0, 16, 16 ], "texture": "#wood", "cullface": "up" },
				"north": { "uv": [ 0, 0, 16, 16 ], "texture": "#book", "cullface": "north" },
				"south": { "uv": [ 0, 0, 16, 16 ], "texture": "#book", "cullface": "south" },
				"west": { "uv": [ 0, 0, 16, 16 ], "texture": "#book", "cullface": "west" },
				"east": { "uv": [ 0, 0, 16, 16 ], "texture": "#book", "cullface": "east" }
			}
		}
	]
}