{
	"__comment": "Designed by MinerYT with Cubik Studio - https://cubik.studio",
	"textures": {
		"particle": "blocks/particle",
		"black": "modelstuff/black"
	},
	"elements": [ 	 
		{
			"__comment": "Box1",
			"from": [ 7.5, 7, 5 ],
			"to": [ 7.501, 7.001, 5.001 ],
			"faces": {
				"down": { "uv": [ 7.5, 10.999, 7.501, 11 ], "texture": "#black" },
				"up": { "uv": [ 7.5, 5, 7.501, 5.001 ], "texture": "#black" },
				"north": { "uv": [ 8.499, 8.999001, 8.5, 9 ], "texture": "#black" },
				"south": { "uv": [ 7.5, 8.999001, 7.501, 9 ], "texture": "#black" },
				"west": { "uv": [ 5, 8.999001, 5.001, 9 ], "texture": "#black" },
				"east": { "uv": [ 10.999, 8.999001, 11, 9 ], "texture": "#black" }
			}
		},
		{
			"__comment": "Box2",
			"from": [ 0, 0.01, 1 ],
			"to": [ 16, 16.01, 15 ],
			"faces": {
				"down": { "uv": [ 0, 1, 16, 15 ], "texture": "#black" },
				"up": { "uv": [ 0, 1, 16, 15 ], "texture": "#black" },
				"north": { "uv": [ 0, 0, 16, 15.98999 ], "texture": "#black" },
				"south": { "uv": [ 0, 0, 16, 15.98999 ], "texture": "#black" },
				"west": { "uv": [ 1, 0, 15, 15.98999 ], "texture": "#black" },
				"east": { "uv": [ 1, 0, 15, 15.98999 ], "texture": "#black" }
			}
		}
	]
}