{
	"__comment": "Designed by MinerYT with Cubik Studio - https://cubik.studio",
	"textures": {
		"oak_log": "block/oak_log",
		"cobblestone": "block/cobblestone",
		"particle": "block/oak_log_top"
	},
	"elements": [ 	 
		{
			"__comment": "Box3",
			"from": [ 0, 0, 0 ],
			"to": [ 16, 8, 16 ],
			"faces": {
				"down": { "uv": [ 0, 0, 16, 16 ], "texture": "#oak_log", "rotation": 90 },
				"up": { "uv": [ 0, 0, 16, 16 ], "texture": "#oak_log", "rotation": 90 },
				"north": { "uv": [ 8, 16, 0, 0 ], "texture": "#oak_log", "rotation": 90 },
				"south": { "uv": [ 8, 16, 0, 0 ], "texture": "#oak_log", "rotation": 90 },
				"west": { "uv": [ 0, 8, 16, 16 ], "texture": "#particle", "rotation": 180 },
				"east": { "uv": [ 0, 8, 16, 16 ], "texture": "#particle", "rotation": 180 }
			}
		}
	]
}