{   "parent": "block/block",
    "textures": {
        "bottom": "blocks/stone_andesite",
        "top": "blocks/stone_andesite",
        "side": "blocks/stone_andesite",
		"particle": "blocks/stone_andesite"
    },
    "elements": [
        {   "from": [ 0, 0, 0 ],
            "to": [ 16, 8, 16 ],
            "faces": {
                "down":  { "uv": [ 0, 0, 16, 16 ], "texture": "#bottom", "cullface": "down" },
                "up":    { "uv": [ 0, 0, 16, 16 ], "texture": "#top",    "cullface": "up" },
                "north": { "uv": [ 0, 0, 16, 8 ], "texture": "#side",   "cullface": "north" },
                "south": { "uv": [ 0, 0, 16, 8 ], "texture": "#side",   "cullface": "south" },
                "west":  { "uv": [ 0, 0, 16, 8 ], "texture": "#side",   "cullface": "west" },
                "east":  { "uv": [ 0, 0, 16, 8 ], "texture": "#side",   "cullface": "east" }
            }
        }
    ]
}
