{
	"__comment": "Designed by MinerYT with Cubik Studio - https://cubik.studio",
	"textures": {
		"particle": "blocks/e_particle",
		"cobblestone": "block/cobblestone"
	},
	"elements": [ 	 
		{
			"__comment": "Box1",
			"from": [ 0, 0, 0 ],
			"to": [ 16, 16, 16 ],
			"faces": {
				"down": { "uv": [ 0, 0, 16, 16 ], "texture": "#cobblestone" },
				"up": { "uv": [ 0, 0, 16, 16 ], "texture": "#cobblestone" },
				"north": { "uv": [ 0, 0, 16, 16 ], "texture": "#cobblestone" },
				"south": { "uv": [ 0, 0, 16, 16 ], "texture": "#cobblestone" },
				"west": { "uv": [ 0, 0, 16, 16 ], "texture": "#cobblestone" },
				"east": { "uv": [ 0, 0, 16, 16 ], "texture": "#cobblestone" }
			}
		}
	]
}