{
	"__comment": "Model generated using MrCrayfish's Model Creator (http://mrcrayfish.com/modelcreator/)",
	"textures": {
		"particle": "blocks/furnace_top",
		"0": "blocks/furnace_side",
		"1": "blocks/furnace_front_off",
		"2": "blocks/furnace_top"
	},
	"elements": [ 	 
		{
			"from": [ 0, 0, 0 ],
			"to": [ 3, 16, 16 ],
			"faces": {
				"down": { "uv": [ 0, 0, 3, 16 ], "texture": "#2", "cullface": "down" },
				"up": { "uv": [ 0, 0, 3, 16 ], "texture": "#2", "cullface": "up" },
				"north": { "uv": [ 13, 0, 16, 16 ], "texture": "#0", "cullface": "north" },
				"south": { "uv": [ 0, 0, 3, 16 ], "texture": "#1", "cullface": "south" },
				"west": { "uv": [ 0, 0, 16, 16 ], "texture": "#0", "cullface": "west" },
				"east": { "uv": [ 0, 0, 16, 16 ], "texture": "#0" }
			}
		},
		{
			"from": [ 13, 0, 0 ],
			"to": [ 16, 16, 16 ],
			"faces": {
				"down": { "uv": [ 13, 0, 16, 16 ], "texture": "#2", "cullface": "down" },
				"up": { "uv": [ 13, 0, 16, 16 ], "texture": "#2", "cullface": "up" },
				"north": { "uv": [ 0, 0, 3, 16 ], "texture": "#0", "cullface": "north" },
				"south": { "uv": [ 13, 0, 16, 16 ], "texture": "#1", "cullface": "south" },
				"west": { "uv": [ 0, 0, 16, 16 ], "texture": "#0" },
				"east": { "uv": [ 0, 0, 16, 16 ], "texture": "#0", "cullface": "east" }
			}
		},
		{
			"from": [ 3, 0, 0 ],
			"to": [ 13, 3, 10 ],
			"faces": {
				"down": { "uv": [ 3, 6, 13, 16 ], "texture": "#2", "cullface": "down" },
				"up": { "uv": [ 3, 0, 13, 10 ], "texture": "#2" },
				"north": { "uv": [ 3, 13, 13, 16 ], "texture": "#0", "cullface": "north" },
				"south": { "uv": [ 3, 13, 13, 16 ], "texture": "#1" }
			}
		},
		{
			"from": [ 4, 3, 0 ],
			"to": [ 12, 4, 10 ],
			"faces": {
				"up": { "uv": [ 4, 0, 12, 10 ], "texture": "#2" },
				"north": { "uv": [ 4, 12, 12, 13 ], "texture": "#0", "cullface": "north" },
				"south": { "uv": [ 4, 12, 12, 13 ], "texture": "#1" }
			}
		},
		{
			"from": [ 6, 4, 0 ],
			"to": [ 10, 5, 10 ],
			"faces": {
				"north": { "uv": [ 6, 11, 10, 12 ], "texture": "#0", "cullface": "north" },
				"south": { "uv": [ 6, 11, 10, 12 ], "texture": "#1" }
			}
		},
		{
			"from": [ 3, 0, 10 ],
			"to": [ 13, 0.09999999, 16 ],
			"faces": {
				"down": { "uv": [ 3, 0, 13, 6 ], "texture": "#2", "cullface": "down" },
				"up": { "uv": [ 3, 7, 13, 13 ], "texture": "#2" },
				"south": { "uv": [ 0, 0, 10, 0.1000004 ], "texture": "#2", "cullface": "south" }
			}
		},
		{
			"from": [ 3, 5, 0 ],
			"to": [ 13, 9, 16 ],
			"faces": {
				"down": { "uv": [ 3, 0, 13, 16 ], "texture": "#2" },
				"up": { "uv": [ 3, 0, 13, 16 ], "texture": "#2" },
				"north": { "uv": [ 3, 7, 13, 11 ], "texture": "#0", "cullface": "north" },
				"south": { "uv": [ 3, 7, 13, 11 ], "texture": "#1", "cullface": "south" }
			}
		},
		{
			"from": [ 4, 9, 0 ],
			"to": [ 12, 11, 10 ],
			"faces": {
				"up": { "uv": [ 4, 2, 12, 12 ], "texture": "#2" },
				"north": { "uv": [ 4, 5, 12, 7 ], "texture": "#0", "cullface": "north" },
				"south": { "uv": [ 4, 5, 12, 7 ], "texture": "#1" }
			}
		},
		{
			"from": [ 5, 11, 0 ],
			"to": [ 11, 12, 10 ],
			"faces": {
				"north": { "uv": [ 5, 4, 11, 5 ], "texture": "#0", "cullface": "north" },
				"south": { "uv": [ 5, 3, 11, 4 ], "texture": "#1" }
			}
		},
		{
			"from": [ 3, 12, 0 ],
			"to": [ 13, 16, 16 ],
			"faces": {
				"down": { "uv": [ 3, 0, 13, 16 ], "texture": "#2" },
				"up": { "uv": [ 3, 0, 13, 16 ], "texture": "#2", "cullface": "up" },
				"north": { "uv": [ 3, 0, 13, 4 ], "texture": "#0", "cullface": "north" },
				"south": { "uv": [ 3, 0, 13, 4 ], "texture": "#1", "cullface": "south" }
			}
		},
		{
			"from": [ 3, 3, 0 ],
			"to": [ 4, 5, 16 ],
			"faces": {
				"down": { "uv": [ 1, 0, 2, 16 ], "texture": "#2" },
				"north": { "uv": [ 3, 11, 4, 13 ], "texture": "#0", "cullface": "north" },
				"south": { "uv": [ 3, 11, 4, 13 ], "texture": "#1", "cullface": "south" },
				"east": { "uv": [ 0, 13, 16, 15 ], "texture": "#2" }
			}
		},
		{
			"from": [ 12, 3, 0 ],
			"to": [ 13, 5, 16 ],
			"faces": {
				"down": { "uv": [ 1, 0, 2, 16 ], "texture": "#2" },
				"north": { "uv": [ 3, 11, 4, 13 ], "texture": "#0", "cullface": "north" },
				"south": { "uv": [ 12, 11, 13, 13 ], "texture": "#1", "cullface": "south" },
				"west": { "uv": [ 0, 0, 1, 1 ], "texture": "#2" }
			}
		},
		{
			"from": [ 4, 4, 0 ],
			"to": [ 6, 5, 16 ],
			"faces": {
				"down": { "uv": [ 1, 0, 3, 16 ], "texture": "#2" },
				"north": { "uv": [ 2, 11, 4, 12 ], "texture": "#0", "cullface": "north" },
				"south": { "uv": [ 4, 11, 6, 12 ], "texture": "#1", "cullface": "south" },
				"east": { "uv": [ 0, 1, 16, 2 ], "texture": "#2" }
			}
		},
		{
			"from": [ 10, 4, 0 ],
			"to": [ 12, 5, 16 ],
			"faces": {
				"down": { "uv": [ 1, 0, 3, 16 ], "texture": "#2" },
				"north": { "uv": [ 2, 11, 4, 12 ], "texture": "#0", "cullface": "north" },
				"south": { "uv": [ 10, 11, 12, 12 ], "texture": "#1", "cullface": "south" },
				"west": { "uv": [ 0, 2, 16, 3 ], "texture": "#2" }
			}
		},
		{
			"from": [ 3, 9, 0 ],
			"to": [ 4, 12, 16 ],
			"faces": {
				"north": { "uv": [ 3, 4, 4, 7 ], "texture": "#0", "cullface": "north" },
				"south": { "uv": [ 3, 4, 4, 7 ], "texture": "#1", "cullface": "south" },
				"east": { "uv": [ 0, 2, 16, 5 ], "texture": "#2" }
			}
		},
		{
			"from": [ 12, 9, 0 ],
			"to": [ 13, 12, 16 ],
			"faces": {
				"north": { "uv": [ 3, 4, 4, 7 ], "texture": "#0", "cullface": "north" },
				"south": { "uv": [ 12, 4, 13, 7 ], "texture": "#1", "cullface": "south" },
				"west": { "uv": [ 0, 1, 16, 4 ], "texture": "#2" }
			}
		},
		{
			"from": [ 4, 11, 0 ],
			"to": [ 5, 12, 16 ],
			"faces": {
				"down": { "uv": [ 1, 0, 2, 16 ], "texture": "#2" },
				"north": { "uv": [ 13, 3, 14, 4 ], "texture": "#0", "cullface": "north" },
				"south": { "uv": [ 4, 4, 5, 5 ], "texture": "#1", "cullface": "south" },
				"east": { "uv": [ 0, 4, 16, 5 ], "texture": "#2" }
			}
		},
		{
			"from": [ 11, 11, 0 ],
			"to": [ 12, 12, 16 ],
			"faces": {
				"down": { "uv": [ 1, 0, 2, 16 ], "texture": "#2" },
				"north": { "uv": [ 10, 3, 11, 4 ], "texture": "#0", "cullface": "north" },
				"south": { "uv": [ 4, 4, 5, 5 ], "texture": "#1", "cullface": "south" },
				"west": { "uv": [ 0, 1, 16, 2 ], "texture": "#2" }
			}
		}
	]
}