{
	"__comment": "Designed by MinerYT with Cubik Studio - https://cubik.studio",
	"textures": {
		"particle": "blocks/e_particle",
		"texture": "blocks/e_texture"
	},
	"elements": [ 	 
		{
			"__comment": "Box1",
			"from": [ 7.5, 7, 5 ],
			"to": [ 7.501, 7.001, 5.001 ],
			"faces": {
				"down": { "uv": [ 7.5, 10.999, 7.501, 11 ], "texture": "#texture" },
				"up": { "uv": [ 7.5, 5, 7.501, 5.001 ], "texture": "#texture" },
				"north": { "uv": [ 8.499, 8.999001, 8.5, 9 ], "texture": "#texture" },
				"south": { "uv": [ 7.5, 8.999001, 7.501, 9 ], "texture": "#texture" },
				"west": { "uv": [ 5, 8.999001, 5.001, 9 ], "texture": "#texture" },
				"east": { "uv": [ 10.999, 8.999001, 11, 9 ], "texture": "#texture" }
			}
		}
	]
}