{
	"__comment": "Designed by MinerYT with Cubik Studio - https://cubik.studio",
	"textures": {
		"particle": "block/gray_concrete",
		"texture": "block/dark_oak_log"
	},
	"elements": [ 	 
		{
			"__comment": "Box1",
			"from": [ 0, 2, 14 ],
			"to": [ 16, 6, 16 ],
			"faces": {
				"down": { "uv": [ 0, 0, 16, 2 ], "texture": "#texture" },
				"up": { "uv": [ 0, 14, 16, 16 ], "texture": "#texture" },
				"north": { "uv": [ 0, 10, 16, 14 ], "texture": "#texture" },
				"south": { "uv": [ 0, 10, 16, 14 ], "texture": "#texture" },
				"west": { "uv": [ 14, 10, 16, 14 ], "texture": "#texture" },
				"east": { "uv": [ 0, 10, 2, 14 ], "texture": "#texture" }
			}
		},
		{
			"__comment": "Box6",
			"from": [ 2, 0, 15 ],
			"to": [ 4, 16, 16 ],
			"faces": {
				"down": { "uv": [ 2, 0, 4, 1 ], "texture": "#particle" },
				"up": { "uv": [ 2, 15, 4, 16 ], "texture": "#particle" },
				"north": { "uv": [ 12, 0, 14, 16 ], "texture": "#particle" },
				"south": { "uv": [ 2, 0, 4, 16 ], "texture": "#particle" },
				"west": { "uv": [ 15, 0, 16, 16 ], "texture": "#particle" },
				"east": { "uv": [ 0, 0, 1, 16 ], "texture": "#particle" }
			}
		},
		{
			"__comment": "Box6",
			"from": [ 12, 0, 15 ],
			"to": [ 14, 16, 16 ],
			"faces": {
				"down": { "uv": [ 12, 0, 14, 1 ], "texture": "#particle" },
				"up": { "uv": [ 12, 15, 14, 16 ], "texture": "#particle" },
				"north": { "uv": [ 2, 0, 4, 16 ], "texture": "#particle" },
				"south": { "uv": [ 12, 0, 14, 16 ], "texture": "#particle" },
				"west": { "uv": [ 15, 0, 16, 16 ], "texture": "#particle" },
				"east": { "uv": [ 0, 0, 1, 16 ], "texture": "#particle" }
			}
		}
	]
}