{
	"__comment": "Designed by MinerYT with Cubik Studio - https://cubik.studio",
	"textures": {
		"oak_log": "block/oak_log",
		"cobblestone": "block/cobblestone",
		"particle": "block/oak_log_top"
	},
	"elements": [ 	 
		{
			"__comment": "Box1",
			"from": [ 4, 0, 4 ],
			"to": [ 12, 8, 12 ],
			"faces": {
				"down": { "uv": [ 4, 4, 12, 12 ], "texture": "#cobblestone" },
				"up": { "uv": [ 4, 4, 12, 12 ], "texture": "#cobblestone" },
				"north": { "uv": [ 4, 8, 12, 16 ], "texture": "#cobblestone" },
				"south": { "uv": [ 4, 8, 12, 16 ], "texture": "#cobblestone" },
				"west": { "uv": [ 4, 8, 12, 16 ], "texture": "#cobblestone" },
				"east": { "uv": [ 4, 8, 12, 16 ], "texture": "#cobblestone" }
			}
		},
		{
			"__comment": "Box3",
			"from": [ 0, 8, 0 ],
			"to": [ 16, 16, 16 ],
			"faces": {
				"down": { "uv": [ 0, 0, 16, 16 ], "texture": "#oak_log", "rotation": 90 },
				"up": { "uv": [ 0, 0, 16, 16 ], "texture": "#oak_log", "rotation": 90 },
				"north": { "uv": [ 0, 0, 8, 16 ], "texture": "#oak_log", "rotation": 90 },
				"south": { "uv": [ 0, 0, 8, 16 ], "texture": "#oak_log", "rotation": 90 },
				"west": { "uv": [ 0, 8, 16, 16 ], "texture": "#particle" },
				"east": { "uv": [ 0, 8, 16, 16 ], "texture": "#particle" }
			}
		}
	]
}