{
	"__comment": "Model generated using MrCrayfish's Model Creator (http://mrcrayfish.com/modelcreator/)",
	"textures": {
		"0": "blocks/planks_spruce",
		"1": "blocks/planks_big_oak",
		"2": "blocks/planks_oak",
		"particle": "blocks/planks_spruce"
	},
	"elements": [ 	 
		{
			"from": [ 3, 0, 3 ],
			"to": [ 4, 5, 4 ],
			"faces": {
				"down": { "uv": [ 0, 0, 1, 1 ], "texture": "#0", "cullface": "down" },
				"north": { "uv": [ 0, 0, 1, 5 ], "texture": "#0" },
				"south": { "uv": [ 0, 0, 1, 5 ], "texture": "#0" },
				"west": { "uv": [ 0, 0, 1, 5 ], "texture": "#0" },
				"east": { "uv": [ 0, 0, 1, 5 ], "texture": "#0" }
			}
		},
		{
			"from": [ 3, 10, 3 ],
			"to": [ 4, 11, 4 ],
			"faces": {
				"north": { "uv": [ 0, 0, 1, 1 ], "texture": "#1" },
				"south": { "uv": [ 0, 0, 1, 1 ], "texture": "#1" },
				"west": { "uv": [ 0, 0, 1, 1 ], "texture": "#1" },
				"east": { "uv": [ 0, 0, 1, 1 ], "texture": "#1" }
			}
		},
		{
			"from": [ 3, 5, 3 ],
			"to": [ 4, 6, 4 ],
			"faces": {
				"north": { "uv": [ 0, 0, 1, 1 ], "texture": "#1" },
				"south": { "uv": [ 0, 0, 1, 1 ], "texture": "#1" },
				"west": { "uv": [ 0, 0, 1, 1 ], "texture": "#1" },
				"east": { "uv": [ 0, 0, 1, 1 ], "texture": "#1" }
			}
		},
		{
			"from": [ 3, 6, 3 ],
			"to": [ 4, 10, 4 ],
			"faces": {
				"north": { "uv": [ 0, 0, 1, 4 ], "texture": "#0" },
				"south": { "uv": [ 0, 0, 1, 4 ], "texture": "#0" },
				"west": { "uv": [ 0, 0, 1, 4 ], "texture": "#0" },
				"east": { "uv": [ 0, 0, 1, 4 ], "texture": "#0" }
			}
		},
		{
			"from": [ 3, 11, 3 ],
			"to": [ 4, 16, 4 ],
			"faces": {
				"up": { "uv": [ 0, 0, 1, 1 ], "texture": "#0", "cullface": "up" },
				"north": { "uv": [ 0, 0, 1, 5 ], "texture": "#0" },
				"south": { "uv": [ 0, 0, 1, 5 ], "texture": "#0" },
				"west": { "uv": [ 0, 0, 1, 5 ], "texture": "#0" },
				"east": { "uv": [ 0, 0, 1, 5 ], "texture": "#0" }
			}
		},
		{
			"from": [ 4, 0, 2 ],
			"to": [ 6, 5, 3 ],
			"faces": {
				"down": { "uv": [ 0, 0, 2, 1 ], "texture": "#0", "cullface": "down" },
				"north": { "uv": [ 0, 0, 2, 5 ], "texture": "#0" },
				"south": { "uv": [ 0, 0, 2, 5 ], "texture": "#0" },
				"west": { "uv": [ 0, 0, 1, 5 ], "texture": "#0" },
				"east": { "uv": [ 0, 0, 1, 5 ], "texture": "#0" }
			}
		},
		{
			"from": [ 6, 0, 1 ],
			"to": [ 10, 5, 2 ],
			"faces": {
				"down": { "uv": [ 0, 0, 4, 1 ], "texture": "#0", "cullface": "down" },
				"north": { "uv": [ 0, 0, 4, 5 ], "texture": "#0" },
				"south": { "uv": [ 0, 0, 4, 5 ], "texture": "#0" },
				"west": { "uv": [ 0, 0, 1, 5 ], "texture": "#0" },
				"east": { "uv": [ 0, 0, 1, 5 ], "texture": "#0" }
			}
		},
		{
			"from": [ 10, 0, 2 ],
			"to": [ 12, 5, 3 ],
			"faces": {
				"down": { "uv": [ 0, 0, 2, 1 ], "texture": "#0", "cullface": "down" },
				"north": { "uv": [ 0, 0, 2, 5 ], "texture": "#0" },
				"south": { "uv": [ 0, 0, 2, 5 ], "texture": "#0" },
				"west": { "uv": [ 0, 0, 1, 5 ], "texture": "#0" },
				"east": { "uv": [ 0, 0, 1, 5 ], "texture": "#0" }
			}
		},
		{
			"from": [ 10, 0, 13 ],
			"to": [ 12, 5, 14 ],
			"faces": {
				"down": { "uv": [ 0, 0, 2, 1 ], "texture": "#0", "cullface": "down" },
				"north": { "uv": [ 0, 0, 2, 5 ], "texture": "#0" },
				"south": { "uv": [ 0, 0, 2, 5 ], "texture": "#0" },
				"west": { "uv": [ 0, 0, 1, 5 ], "texture": "#0" },
				"east": { "uv": [ 0, 0, 1, 5 ], "texture": "#0" }
			}
		},
		{
			"from": [ 4, 0, 13 ],
			"to": [ 6, 5, 14 ],
			"faces": {
				"down": { "uv": [ 0, 0, 2, 1 ], "texture": "#0", "cullface": "down" },
				"north": { "uv": [ 0, 0, 2, 5 ], "texture": "#0" },
				"south": { "uv": [ 0, 0, 2, 5 ], "texture": "#0" },
				"west": { "uv": [ 0, 0, 1, 5 ], "texture": "#0" },
				"east": { "uv": [ 0, 0, 1, 5 ], "texture": "#0" }
			}
		},
		{
			"from": [ 6, 0, 14 ],
			"to": [ 10, 5, 15 ],
			"faces": {
				"down": { "uv": [ 0, 0, 4, 1 ], "texture": "#0", "cullface": "down" },
				"north": { "uv": [ 0, 0, 4, 5 ], "texture": "#0" },
				"south": { "uv": [ 0, 0, 4, 5 ], "texture": "#0" },
				"west": { "uv": [ 0, 0, 1, 5 ], "texture": "#0" },
				"east": { "uv": [ 0, 0, 1, 5 ], "texture": "#0" }
			}
		},
		{
			"from": [ 2, 0, 4 ],
			"to": [ 3, 5, 6 ],
			"faces": {
				"down": { "uv": [ 0, 0, 1, 2 ], "texture": "#0", "cullface": "down" },
				"north": { "uv": [ 0, 0, 1, 5 ], "texture": "#0" },
				"south": { "uv": [ 0, 0, 1, 5 ], "texture": "#0" },
				"west": { "uv": [ 0, 0, 2, 5 ], "texture": "#0" },
				"east": { "uv": [ 0, 0, 2, 5 ], "texture": "#0" }
			}
		},
		{
			"from": [ 2, 0, 10 ],
			"to": [ 3, 5, 12 ],
			"faces": {
				"down": { "uv": [ 0, 0, 1, 2 ], "texture": "#0", "cullface": "down" },
				"north": { "uv": [ 0, 0, 1, 5 ], "texture": "#0" },
				"south": { "uv": [ 0, 0, 1, 5 ], "texture": "#0" },
				"west": { "uv": [ 0, 0, 2, 5 ], "texture": "#0" },
				"east": { "uv": [ 0, 0, 2, 5 ], "texture": "#0" }
			}
		},
		{
			"from": [ 13, 0, 10 ],
			"to": [ 14, 5, 12 ],
			"faces": {
				"down": { "uv": [ 0, 0, 1, 2 ], "texture": "#0", "cullface": "down" },
				"north": { "uv": [ 0, 0, 1, 5 ], "texture": "#0" },
				"south": { "uv": [ 0, 0, 1, 5 ], "texture": "#0" },
				"west": { "uv": [ 0, 0, 2, 5 ], "texture": "#0" },
				"east": { "uv": [ 0, 0, 2, 5 ], "texture": "#0" }
			}
		},
		{
			"from": [ 13, 0, 4 ],
			"to": [ 14, 5, 6 ],
			"faces": {
				"down": { "uv": [ 0, 0, 1, 2 ], "texture": "#0", "cullface": "down" },
				"north": { "uv": [ 0, 0, 1, 5 ], "texture": "#0" },
				"south": { "uv": [ 0, 0, 1, 5 ], "texture": "#0" },
				"west": { "uv": [ 0, 0, 2, 5 ], "texture": "#0" },
				"east": { "uv": [ 0, 0, 2, 5 ], "texture": "#0" }
			}
		},
		{
			"from": [ 14, 0, 6 ],
			"to": [ 15, 5, 10 ],
			"faces": {
				"down": { "uv": [ 0, 0, 1, 4 ], "texture": "#0", "cullface": "down" },
				"north": { "uv": [ 0, 0, 1, 5 ], "texture": "#0" },
				"south": { "uv": [ 0, 0, 1, 5 ], "texture": "#0" },
				"west": { "uv": [ 0, 0, 4, 5 ], "texture": "#0" },
				"east": { "uv": [ 0, 0, 4, 5 ], "texture": "#0" }
			}
		},
		{
			"from": [ 1, 0, 6 ],
			"to": [ 2, 5, 10 ],
			"faces": {
				"down": { "uv": [ 0, 0, 1, 4 ], "texture": "#0", "cullface": "down" },
				"north": { "uv": [ 0, 0, 1, 5 ], "texture": "#0" },
				"south": { "uv": [ 0, 0, 1, 5 ], "texture": "#0" },
				"west": { "uv": [ 0, 0, 4, 5 ], "texture": "#0" },
				"east": { "uv": [ 0, 0, 4, 5 ], "texture": "#0" }
			}
		},
		{
			"from": [ 12, 0, 3 ],
			"to": [ 13, 5, 4 ],
			"faces": {
				"down": { "uv": [ 0, 0, 1, 1 ], "texture": "#0", "cullface": "down" },
				"north": { "uv": [ 0, 0, 1, 5 ], "texture": "#0" },
				"south": { "uv": [ 0, 0, 1, 5 ], "texture": "#0" },
				"west": { "uv": [ 0, 0, 1, 5 ], "texture": "#0" },
				"east": { "uv": [ 0, 0, 1, 5 ], "texture": "#0" }
			}
		},
		{
			"from": [ 12, 0, 12 ],
			"to": [ 13, 5, 13 ],
			"faces": {
				"down": { "uv": [ 0, 0, 1, 1 ], "texture": "#0", "cullface": "down" },
				"north": { "uv": [ 0, 0, 1, 5 ], "texture": "#0" },
				"south": { "uv": [ 0, 0, 1, 5 ], "texture": "#0" },
				"west": { "uv": [ 0, 0, 1, 5 ], "texture": "#0" },
				"east": { "uv": [ 0, 0, 1, 5 ], "texture": "#0" }
			}
		},
		{
			"from": [ 3, 0, 12 ],
			"to": [ 4, 5, 13 ],
			"faces": {
				"down": { "uv": [ 0, 0, 1, 1 ], "texture": "#0", "cullface": "down" },
				"north": { "uv": [ 0, 0, 1, 5 ], "texture": "#0" },
				"south": { "uv": [ 0, 0, 1, 5 ], "texture": "#0" },
				"west": { "uv": [ 0, 0, 1, 5 ], "texture": "#0" },
				"east": { "uv": [ 0, 0, 1, 5 ], "texture": "#0" }
			}
		},
		{
			"from": [ 3, 11, 12 ],
			"to": [ 4, 16, 13 ],
			"faces": {
				"up": { "uv": [ 0, 0, 1, 1 ], "texture": "#0", "cullface": "up" },
				"north": { "uv": [ 0, 0, 1, 5 ], "texture": "#0" },
				"south": { "uv": [ 0, 0, 1, 5 ], "texture": "#0" },
				"west": { "uv": [ 0, 0, 1, 5 ], "texture": "#0" },
				"east": { "uv": [ 0, 0, 1, 5 ], "texture": "#0" }
			}
		},
		{
			"from": [ 12, 11, 12 ],
			"to": [ 13, 16, 13 ],
			"faces": {
				"up": { "uv": [ 0, 0, 1, 1 ], "texture": "#0", "cullface": "up" },
				"north": { "uv": [ 0, 0, 1, 5 ], "texture": "#0" },
				"south": { "uv": [ 0, 0, 1, 5 ], "texture": "#0" },
				"west": { "uv": [ 0, 0, 1, 5 ], "texture": "#0" },
				"east": { "uv": [ 0, 0, 1, 5 ], "texture": "#0" }
			}
		},
		{
			"from": [ 12, 11, 3 ],
			"to": [ 13, 16, 4 ],
			"faces": {
				"up": { "uv": [ 0, 0, 1, 1 ], "texture": "#0", "cullface": "up" },
				"north": { "uv": [ 0, 0, 1, 5 ], "texture": "#0" },
				"south": { "uv": [ 0, 0, 1, 5 ], "texture": "#0" },
				"west": { "uv": [ 0, 0, 1, 5 ], "texture": "#0" },
				"east": { "uv": [ 0, 0, 1, 5 ], "texture": "#0" }
			}
		},
		{
			"from": [ 12, 6, 12 ],
			"to": [ 13, 10, 13 ],
			"faces": {
				"north": { "uv": [ 0, 0, 1, 4 ], "texture": "#0" },
				"south": { "uv": [ 0, 0, 1, 4 ], "texture": "#0" },
				"west": { "uv": [ 0, 0, 1, 4 ], "texture": "#0" },
				"east": { "uv": [ 0, 0, 1, 4 ], "texture": "#0" }
			}
		},
		{
			"from": [ 12, 6, 3 ],
			"to": [ 13, 10, 4 ],
			"faces": {
				"north": { "uv": [ 0, 0, 1, 4 ], "texture": "#0" },
				"south": { "uv": [ 0, 0, 1, 4 ], "texture": "#0" },
				"west": { "uv": [ 0, 0, 1, 4 ], "texture": "#0" },
				"east": { "uv": [ 0, 0, 1, 4 ], "texture": "#0" }
			}
		},
		{
			"from": [ 3, 6, 12 ],
			"to": [ 4, 10, 13 ],
			"faces": {
				"north": { "uv": [ 0, 0, 1, 4 ], "texture": "#0" },
				"south": { "uv": [ 0, 0, 1, 4 ], "texture": "#0" },
				"west": { "uv": [ 0, 0, 1, 4 ], "texture": "#0" },
				"east": { "uv": [ 0, 0, 1, 4 ], "texture": "#0" }
			}
		},
		{
			"from": [ 13, 11, 4 ],
			"to": [ 14, 16, 6 ],
			"faces": {
				"up": { "uv": [ 0, 0, 1, 2 ], "texture": "#0", "cullface": "up" },
				"north": { "uv": [ 0, 0, 1, 5 ], "texture": "#0" },
				"south": { "uv": [ 0, 0, 1, 5 ], "texture": "#0" },
				"west": { "uv": [ 0, 0, 2, 5 ], "texture": "#0" },
				"east": { "uv": [ 0, 0, 2, 5 ], "texture": "#0" }
			}
		},
		{
			"from": [ 13, 11, 10 ],
			"to": [ 14, 16, 12 ],
			"faces": {
				"up": { "uv": [ 0, 0, 1, 2 ], "texture": "#0", "cullface": "up" },
				"north": { "uv": [ 0, 0, 1, 5 ], "texture": "#0" },
				"south": { "uv": [ 0, 0, 1, 5 ], "texture": "#0" },
				"west": { "uv": [ 0, 0, 2, 5 ], "texture": "#0" },
				"east": { "uv": [ 0, 0, 2, 5 ], "texture": "#0" }
			}
		},
		{
			"from": [ 2, 11, 10 ],
			"to": [ 3, 16, 12 ],
			"faces": {
				"up": { "uv": [ 0, 0, 1, 2 ], "texture": "#0", "cullface": "up" },
				"north": { "uv": [ 0, 0, 1, 5 ], "texture": "#0" },
				"south": { "uv": [ 0, 0, 1, 5 ], "texture": "#0" },
				"west": { "uv": [ 0, 0, 2, 5 ], "texture": "#0" },
				"east": { "uv": [ 0, 0, 2, 5 ], "texture": "#0" }
			}
		},
		{
			"from": [ 2, 11, 4 ],
			"to": [ 3, 16, 6 ],
			"faces": {
				"up": { "uv": [ 0, 0, 1, 2 ], "texture": "#0", "cullface": "up" },
				"north": { "uv": [ 0, 0, 1, 5 ], "texture": "#0" },
				"south": { "uv": [ 0, 0, 1, 5 ], "texture": "#0" },
				"west": { "uv": [ 0, 0, 2, 5 ], "texture": "#0" },
				"east": { "uv": [ 0, 0, 2, 5 ], "texture": "#0" }
			}
		},
		{
			"from": [ 1, 11, 6 ],
			"to": [ 2, 16, 10 ],
			"faces": {
				"up": { "uv": [ 0, 0, 1, 4 ], "texture": "#0", "cullface": "up" },
				"north": { "uv": [ 0, 0, 1, 5 ], "texture": "#0" },
				"south": { "uv": [ 0, 0, 1, 5 ], "texture": "#0" },
				"west": { "uv": [ 0, 0, 4, 5 ], "texture": "#0" },
				"east": { "uv": [ 0, 0, 4, 5 ], "texture": "#0" }
			}
		},
		{
			"from": [ 14, 11, 6 ],
			"to": [ 15, 16, 10 ],
			"faces": {
				"up": { "uv": [ 0, 0, 1, 4 ], "texture": "#0", "cullface": "up" },
				"north": { "uv": [ 0, 0, 1, 5 ], "texture": "#0" },
				"south": { "uv": [ 0, 0, 1, 5 ], "texture": "#0" },
				"west": { "uv": [ 0, 0, 4, 5 ], "texture": "#0" },
				"east": { "uv": [ 0, 0, 4, 5 ], "texture": "#0" }
			}
		},
		{
			"from": [ 2, 6, 4 ],
			"to": [ 3, 10, 6 ],
			"faces": {
				"north": { "uv": [ 0, 0, 1, 4 ], "texture": "#0" },
				"south": { "uv": [ 0, 0, 1, 4 ], "texture": "#0" },
				"west": { "uv": [ 0, 0, 2, 4 ], "texture": "#0" },
				"east": { "uv": [ 0, 0, 2, 4 ], "texture": "#0" }
			}
		},
		{
			"from": [ 13, 6, 4 ],
			"to": [ 14, 10, 6 ],
			"faces": {
				"north": { "uv": [ 0, 0, 1, 4 ], "texture": "#0" },
				"south": { "uv": [ 0, 0, 1, 4 ], "texture": "#0" },
				"west": { "uv": [ 0, 0, 2, 4 ], "texture": "#0" },
				"east": { "uv": [ 0, 0, 2, 4 ], "texture": "#0" }
			}
		},
		{
			"from": [ 13, 6, 10 ],
			"to": [ 14, 10, 12 ],
			"faces": {
				"north": { "uv": [ 0, 0, 1, 4 ], "texture": "#0" },
				"south": { "uv": [ 0, 0, 1, 4 ], "texture": "#0" },
				"west": { "uv": [ 0, 0, 2, 4 ], "texture": "#0" },
				"east": { "uv": [ 0, 0, 2, 4 ], "texture": "#0" }
			}
		},
		{
			"from": [ 2, 6, 10 ],
			"to": [ 3, 10, 12 ],
			"faces": {
				"north": { "uv": [ 0, 0, 1, 4 ], "texture": "#0" },
				"south": { "uv": [ 0, 0, 1, 4 ], "texture": "#0" },
				"west": { "uv": [ 0, 0, 2, 4 ], "texture": "#0" },
				"east": { "uv": [ 0, 0, 2, 4 ], "texture": "#0" }
			}
		},
		{
			"from": [ 10, 6, 13 ],
			"to": [ 12, 10, 14 ],
			"faces": {
				"north": { "uv": [ 0, 0, 2, 4 ], "texture": "#0" },
				"south": { "uv": [ 0, 0, 2, 4 ], "texture": "#0" },
				"west": { "uv": [ 0, 0, 1, 4 ], "texture": "#0" },
				"east": { "uv": [ 0, 0, 1, 4 ], "texture": "#0" }
			}
		},
		{
			"from": [ 4, 6, 13 ],
			"to": [ 6, 10, 14 ],
			"faces": {
				"north": { "uv": [ 0, 0, 2, 4 ], "texture": "#0" },
				"south": { "uv": [ 0, 0, 2, 4 ], "texture": "#0" },
				"west": { "uv": [ 0, 0, 1, 4 ], "texture": "#0" },
				"east": { "uv": [ 0, 0, 1, 4 ], "texture": "#0" }
			}
		},
		{
			"from": [ 4, 6, 2 ],
			"to": [ 6, 10, 3 ],
			"faces": {
				"north": { "uv": [ 0, 0, 2, 4 ], "texture": "#0" },
				"south": { "uv": [ 0, 0, 2, 4 ], "texture": "#0" },
				"west": { "uv": [ 0, 0, 1, 4 ], "texture": "#0" },
				"east": { "uv": [ 0, 0, 1, 4 ], "texture": "#0" }
			}
		},
		{
			"from": [ 10, 6, 2 ],
			"to": [ 12, 10, 3 ],
			"faces": {
				"north": { "uv": [ 0, 0, 2, 4 ], "texture": "#0" },
				"south": { "uv": [ 0, 0, 2, 4 ], "texture": "#0" },
				"west": { "uv": [ 0, 0, 1, 4 ], "texture": "#0" },
				"east": { "uv": [ 0, 0, 1, 4 ], "texture": "#0" }
			}
		},
		{
			"from": [ 14, 6, 6 ],
			"to": [ 15, 10, 10 ],
			"faces": {
				"north": { "uv": [ 0, 0, 1, 4 ], "texture": "#0" },
				"south": { "uv": [ 0, 0, 1, 4 ], "texture": "#0" },
				"west": { "uv": [ 0, 0, 4, 4 ], "texture": "#0" },
				"east": { "uv": [ 0, 0, 4, 4 ], "texture": "#0" }
			}
		},
		{
			"from": [ 1, 6, 6 ],
			"to": [ 2, 10, 10 ],
			"faces": {
				"north": { "uv": [ 0, 0, 1, 4 ], "texture": "#0" },
				"south": { "uv": [ 0, 0, 1, 4 ], "texture": "#0" },
				"west": { "uv": [ 0, 0, 4, 4 ], "texture": "#0" },
				"east": { "uv": [ 0, 0, 4, 4 ], "texture": "#0" }
			}
		},
		{
			"from": [ 10, 11, 2 ],
			"to": [ 12, 16, 3 ],
			"faces": {
				"up": { "uv": [ 0, 0, 2, 1 ], "texture": "#0", "cullface": "up" },
				"north": { "uv": [ 0, 0, 2, 5 ], "texture": "#0" },
				"south": { "uv": [ 0, 0, 2, 5 ], "texture": "#0" },
				"west": { "uv": [ 0, 0, 1, 5 ], "texture": "#0" },
				"east": { "uv": [ 0, 0, 1, 5 ], "texture": "#0" }
			}
		},
		{
			"from": [ 4, 11, 2 ],
			"to": [ 6, 16, 3 ],
			"faces": {
				"up": { "uv": [ 0, 0, 2, 1 ], "texture": "#0", "cullface": "up" },
				"north": { "uv": [ 0, 0, 2, 5 ], "texture": "#0" },
				"south": { "uv": [ 0, 0, 2, 5 ], "texture": "#0" },
				"west": { "uv": [ 0, 0, 1, 5 ], "texture": "#0" },
				"east": { "uv": [ 0, 0, 1, 5 ], "texture": "#0" }
			}
		},
		{
			"from": [ 4, 11, 13 ],
			"to": [ 6, 16, 14 ],
			"faces": {
				"up": { "uv": [ 0, 0, 2, 1 ], "texture": "#0", "cullface": "up" },
				"north": { "uv": [ 0, 0, 2, 5 ], "texture": "#0" },
				"south": { "uv": [ 0, 0, 2, 5 ], "texture": "#0" },
				"west": { "uv": [ 0, 0, 1, 5 ], "texture": "#0" },
				"east": { "uv": [ 0, 0, 1, 5 ], "texture": "#0" }
			}
		},
		{
			"from": [ 10, 11, 13 ],
			"to": [ 12, 16, 14 ],
			"faces": {
				"up": { "uv": [ 0, 0, 2, 1 ], "texture": "#0", "cullface": "up" },
				"north": { "uv": [ 0, 0, 2, 5 ], "texture": "#0" },
				"south": { "uv": [ 0, 0, 2, 5 ], "texture": "#0" },
				"west": { "uv": [ 0, 0, 1, 5 ], "texture": "#0" },
				"east": { "uv": [ 0, 0, 1, 5 ], "texture": "#0" }
			}
		},
		{
			"from": [ 6, 11, 14 ],
			"to": [ 10, 16, 15 ],
			"faces": {
				"up": { "uv": [ 0, 0, 4, 1 ], "texture": "#0", "cullface": "up" },
				"north": { "uv": [ 0, 0, 4, 5 ], "texture": "#0" },
				"south": { "uv": [ 0, 0, 4, 5 ], "texture": "#0" },
				"west": { "uv": [ 0, 0, 1, 5 ], "texture": "#0" },
				"east": { "uv": [ 0, 0, 1, 5 ], "texture": "#0" }
			}
		},
		{
			"from": [ 6, 11, 1 ],
			"to": [ 10, 16, 2 ],
			"faces": {
				"up": { "uv": [ 0, 0, 4, 1 ], "texture": "#0", "cullface": "up" },
				"north": { "uv": [ 0, 0, 4, 5 ], "texture": "#0" },
				"south": { "uv": [ 0, 0, 4, 5 ], "texture": "#0" },
				"west": { "uv": [ 0, 0, 1, 5 ], "texture": "#0" },
				"east": { "uv": [ 0, 0, 1, 5 ], "texture": "#0" }
			}
		},
		{
			"from": [ 6, 6, 1 ],
			"to": [ 10, 10, 2 ],
			"faces": {
				"north": { "uv": [ 0, 0, 4, 4 ], "texture": "#0" },
				"south": { "uv": [ 0, 0, 4, 4 ], "texture": "#0" },
				"west": { "uv": [ 0, 0, 1, 4 ], "texture": "#0" },
				"east": { "uv": [ 0, 0, 1, 4 ], "texture": "#0" }
			}
		},
		{
			"from": [ 6, 6, 14 ],
			"to": [ 10, 10, 15 ],
			"faces": {
				"north": { "uv": [ 0, 0, 4, 4 ], "texture": "#0" },
				"south": { "uv": [ 0, 0, 4, 4 ], "texture": "#0" },
				"west": { "uv": [ 0, 0, 1, 4 ], "texture": "#0" },
				"east": { "uv": [ 0, 0, 1, 4 ], "texture": "#0" }
			}
		},
		{
			"from": [ 4, 5, 2 ],
			"to": [ 6, 6, 3 ],
			"faces": {
				"north": { "uv": [ 0, 0, 2, 1 ], "texture": "#1" },
				"south": { "uv": [ 0, 0, 2, 1 ], "texture": "#1" },
				"west": { "uv": [ 0, 0, 1, 1 ], "texture": "#1" },
				"east": { "uv": [ 0, 0, 1, 1 ], "texture": "#1" }
			}
		},
		{
			"from": [ 10, 5, 2 ],
			"to": [ 12, 6, 3 ],
			"faces": {
				"north": { "uv": [ 0, 0, 2, 1 ], "texture": "#1" },
				"south": { "uv": [ 0, 0, 2, 1 ], "texture": "#1" },
				"west": { "uv": [ 0, 0, 1, 1 ], "texture": "#1" },
				"east": { "uv": [ 0, 0, 1, 1 ], "texture": "#1" }
			}
		},
		{
			"from": [ 10, 5, 13 ],
			"to": [ 12, 6, 14 ],
			"faces": {
				"north": { "uv": [ 0, 0, 2, 1 ], "texture": "#1" },
				"south": { "uv": [ 0, 0, 2, 1 ], "texture": "#1" },
				"west": { "uv": [ 0, 0, 1, 1 ], "texture": "#1" },
				"east": { "uv": [ 0, 0, 1, 1 ], "texture": "#1" }
			}
		},
		{
			"from": [ 4, 5, 13 ],
			"to": [ 6, 6, 14 ],
			"faces": {
				"north": { "uv": [ 0, 0, 2, 1 ], "texture": "#1" },
				"south": { "uv": [ 0, 0, 2, 1 ], "texture": "#1" },
				"west": { "uv": [ 0, 0, 1, 1 ], "texture": "#1" },
				"east": { "uv": [ 0, 0, 1, 1 ], "texture": "#1" }
			}
		},
		{
			"from": [ 6, 5, 14 ],
			"to": [ 10, 6, 15 ],
			"faces": {
				"north": { "uv": [ 0, 0, 4, 1 ], "texture": "#1" },
				"south": { "uv": [ 0, 0, 4, 1 ], "texture": "#1" },
				"west": { "uv": [ 0, 0, 1, 1 ], "texture": "#1" },
				"east": { "uv": [ 0, 0, 1, 1 ], "texture": "#1" }
			}
		},
		{
			"from": [ 6, 5, 1 ],
			"to": [ 10, 6, 2 ],
			"faces": {
				"north": { "uv": [ 0, 0, 4, 1 ], "texture": "#1" },
				"south": { "uv": [ 0, 0, 4, 1 ], "texture": "#1" },
				"west": { "uv": [ 0, 0, 1, 1 ], "texture": "#1" },
				"east": { "uv": [ 0, 0, 1, 1 ], "texture": "#1" }
			}
		},
		{
			"from": [ 14, 5, 6 ],
			"to": [ 15, 6, 10 ],
			"faces": {
				"north": { "uv": [ 0, 0, 1, 1 ], "texture": "#1" },
				"south": { "uv": [ 0, 0, 1, 1 ], "texture": "#1" },
				"west": { "uv": [ 0, 0, 4, 1 ], "texture": "#1" },
				"east": { "uv": [ 0, 0, 4, 1 ], "texture": "#1" }
			}
		},
		{
			"from": [ 1, 5, 6 ],
			"to": [ 2, 6, 10 ],
			"faces": {
				"north": { "uv": [ 0, 0, 1, 1 ], "texture": "#1" },
				"south": { "uv": [ 0, 0, 1, 1 ], "texture": "#1" },
				"west": { "uv": [ 0, 0, 4, 1 ], "texture": "#1" },
				"east": { "uv": [ 0, 0, 4, 1 ], "texture": "#1" }
			}
		},
		{
			"from": [ 2, 5, 4 ],
			"to": [ 3, 6, 6 ],
			"faces": {
				"north": { "uv": [ 0, 0, 1, 1 ], "texture": "#1" },
				"south": { "uv": [ 0, 0, 1, 1 ], "texture": "#1" },
				"west": { "uv": [ 0, 0, 2, 1 ], "texture": "#1" },
				"east": { "uv": [ 0, 0, 2, 1 ], "texture": "#1" }
			}
		},
		{
			"from": [ 13, 5, 4 ],
			"to": [ 14, 6, 6 ],
			"faces": {
				"north": { "uv": [ 0, 0, 1, 1 ], "texture": "#1" },
				"south": { "uv": [ 0, 0, 1, 1 ], "texture": "#1" },
				"west": { "uv": [ 0, 0, 2, 1 ], "texture": "#1" },
				"east": { "uv": [ 0, 0, 2, 1 ], "texture": "#1" }
			}
		},
		{
			"from": [ 13, 5, 10 ],
			"to": [ 14, 6, 12 ],
			"faces": {
				"north": { "uv": [ 0, 0, 1, 1 ], "texture": "#1" },
				"south": { "uv": [ 0, 0, 1, 1 ], "texture": "#1" },
				"west": { "uv": [ 0, 0, 2, 1 ], "texture": "#1" },
				"east": { "uv": [ 0, 0, 2, 1 ], "texture": "#1" }
			}
		},
		{
			"from": [ 2, 5, 10 ],
			"to": [ 3, 6, 12 ],
			"faces": {
				"north": { "uv": [ 0, 0, 1, 1 ], "texture": "#1" },
				"south": { "uv": [ 0, 0, 1, 1 ], "texture": "#1" },
				"west": { "uv": [ 0, 0, 2, 1 ], "texture": "#1" },
				"east": { "uv": [ 0, 0, 2, 1 ], "texture": "#1" }
			}
		},
		{
			"from": [ 12, 5, 3 ],
			"to": [ 13, 6, 4 ],
			"faces": {
				"north": { "uv": [ 0, 0, 1, 1 ], "texture": "#1" },
				"south": { "uv": [ 0, 0, 1, 1 ], "texture": "#1" },
				"west": { "uv": [ 0, 0, 1, 1 ], "texture": "#1" },
				"east": { "uv": [ 0, 0, 1, 1 ], "texture": "#1" }
			}
		},
		{
			"from": [ 12, 5, 12 ],
			"to": [ 13, 6, 13 ],
			"faces": {
				"north": { "uv": [ 0, 0, 1, 1 ], "texture": "#1" },
				"south": { "uv": [ 0, 0, 1, 1 ], "texture": "#1" },
				"west": { "uv": [ 0, 0, 1, 1 ], "texture": "#1" },
				"east": { "uv": [ 0, 0, 1, 1 ], "texture": "#1" }
			}
		},
		{
			"from": [ 3, 5, 12 ],
			"to": [ 4, 6, 13 ],
			"faces": {
				"north": { "uv": [ 0, 0, 1, 1 ], "texture": "#1" },
				"south": { "uv": [ 0, 0, 1, 1 ], "texture": "#1" },
				"west": { "uv": [ 0, 0, 1, 1 ], "texture": "#1" },
				"east": { "uv": [ 0, 0, 1, 1 ], "texture": "#1" }
			}
		},
		{
			"from": [ 12, 10, 3 ],
			"to": [ 13, 11, 4 ],
			"faces": {
				"north": { "uv": [ 0, 0, 1, 1 ], "texture": "#1" },
				"south": { "uv": [ 0, 0, 1, 1 ], "texture": "#1" },
				"west": { "uv": [ 0, 0, 1, 1 ], "texture": "#1" },
				"east": { "uv": [ 0, 0, 1, 1 ], "texture": "#1" }
			}
		},
		{
			"from": [ 12, 10, 12 ],
			"to": [ 13, 11, 13 ],
			"faces": {
				"north": { "uv": [ 0, 0, 1, 1 ], "texture": "#1" },
				"south": { "uv": [ 0, 0, 1, 1 ], "texture": "#1" },
				"west": { "uv": [ 0, 0, 1, 1 ], "texture": "#1" },
				"east": { "uv": [ 0, 0, 1, 1 ], "texture": "#1" }
			}
		},
		{
			"from": [ 3, 10, 12 ],
			"to": [ 4, 11, 13 ],
			"faces": {
				"north": { "uv": [ 0, 0, 1, 1 ], "texture": "#1" },
				"south": { "uv": [ 0, 0, 1, 1 ], "texture": "#1" },
				"west": { "uv": [ 0, 0, 1, 1 ], "texture": "#1" },
				"east": { "uv": [ 0, 0, 1, 1 ], "texture": "#1" }
			}
		},
		{
			"from": [ 4, 10, 13 ],
			"to": [ 6, 11, 14 ],
			"faces": {
				"north": { "uv": [ 0, 0, 2, 1 ], "texture": "#1" },
				"south": { "uv": [ 0, 0, 2, 1 ], "texture": "#1" },
				"west": { "uv": [ 0, 0, 1, 1 ], "texture": "#1" },
				"east": { "uv": [ 0, 0, 1, 1 ], "texture": "#1" }
			}
		},
		{
			"from": [ 10, 10, 13 ],
			"to": [ 12, 11, 14 ],
			"faces": {
				"north": { "uv": [ 0, 0, 2, 1 ], "texture": "#1" },
				"south": { "uv": [ 0, 0, 2, 1 ], "texture": "#1" },
				"west": { "uv": [ 0, 0, 1, 1 ], "texture": "#1" },
				"east": { "uv": [ 0, 0, 1, 1 ], "texture": "#1" }
			}
		},
		{
			"from": [ 10, 10, 2 ],
			"to": [ 12, 11, 3 ],
			"faces": {
				"north": { "uv": [ 0, 0, 2, 1 ], "texture": "#1" },
				"south": { "uv": [ 0, 0, 2, 1 ], "texture": "#1" },
				"west": { "uv": [ 0, 0, 1, 1 ], "texture": "#1" },
				"east": { "uv": [ 0, 0, 1, 1 ], "texture": "#1" }
			}
		},
		{
			"from": [ 4, 10, 2 ],
			"to": [ 6, 11, 3 ],
			"faces": {
				"north": { "uv": [ 0, 0, 2, 1 ], "texture": "#1" },
				"south": { "uv": [ 0, 0, 2, 1 ], "texture": "#1" },
				"west": { "uv": [ 0, 0, 1, 1 ], "texture": "#1" },
				"east": { "uv": [ 0, 0, 1, 1 ], "texture": "#1" }
			}
		},
		{
			"from": [ 2, 10, 4 ],
			"to": [ 3, 11, 6 ],
			"faces": {
				"north": { "uv": [ 0, 0, 1, 1 ], "texture": "#1" },
				"south": { "uv": [ 0, 0, 1, 1 ], "texture": "#1" },
				"west": { "uv": [ 0, 0, 2, 1 ], "texture": "#1" },
				"east": { "uv": [ 0, 0, 2, 1 ], "texture": "#1" }
			}
		},
		{
			"from": [ 2, 10, 10 ],
			"to": [ 3, 11, 12 ],
			"faces": {
				"north": { "uv": [ 0, 0, 1, 1 ], "texture": "#1" },
				"south": { "uv": [ 0, 0, 1, 1 ], "texture": "#1" },
				"west": { "uv": [ 0, 0, 2, 1 ], "texture": "#1" },
				"east": { "uv": [ 0, 0, 2, 1 ], "texture": "#1" }
			}
		},
		{
			"from": [ 13, 10, 10 ],
			"to": [ 14, 11, 12 ],
			"faces": {
				"north": { "uv": [ 0, 0, 1, 1 ], "texture": "#1" },
				"south": { "uv": [ 0, 0, 1, 1 ], "texture": "#1" },
				"west": { "uv": [ 0, 0, 2, 1 ], "texture": "#1" },
				"east": { "uv": [ 0, 0, 2, 1 ], "texture": "#1" }
			}
		},
		{
			"from": [ 13, 10, 4 ],
			"to": [ 14, 11, 6 ],
			"faces": {
				"north": { "uv": [ 0, 0, 1, 1 ], "texture": "#1" },
				"south": { "uv": [ 0, 0, 1, 1 ], "texture": "#1" },
				"west": { "uv": [ 0, 0, 2, 1 ], "texture": "#1" },
				"east": { "uv": [ 0, 0, 2, 1 ], "texture": "#1" }
			}
		},
		{
			"from": [ 14, 10, 6 ],
			"to": [ 15, 11, 10 ],
			"faces": {
				"north": { "uv": [ 0, 0, 1, 1 ], "texture": "#1" },
				"south": { "uv": [ 0, 0, 1, 1 ], "texture": "#1" },
				"west": { "uv": [ 0, 0, 4, 1 ], "texture": "#1" },
				"east": { "uv": [ 0, 0, 4, 1 ], "texture": "#1" }
			}
		},
		{
			"from": [ 1, 10, 6 ],
			"to": [ 2, 11, 10 ],
			"faces": {
				"north": { "uv": [ 0, 0, 1, 1 ], "texture": "#1" },
				"south": { "uv": [ 0, 0, 1, 1 ], "texture": "#1" },
				"west": { "uv": [ 0, 0, 4, 1 ], "texture": "#1" },
				"east": { "uv": [ 0, 0, 4, 1 ], "texture": "#1" }
			}
		},
		{
			"from": [ 6, 10, 14 ],
			"to": [ 10, 11, 15 ],
			"faces": {
				"north": { "uv": [ 0, 0, 4, 1 ], "texture": "#1" },
				"south": { "uv": [ 0, 0, 4, 1 ], "texture": "#1" },
				"west": { "uv": [ 0, 0, 1, 1 ], "texture": "#1" },
				"east": { "uv": [ 0, 0, 1, 1 ], "texture": "#1" }
			}
		},
		{
			"from": [ 6, 10, 1 ],
			"to": [ 10, 11, 2 ],
			"faces": {
				"north": { "uv": [ 0, 0, 4, 1 ], "texture": "#1" },
				"south": { "uv": [ 0, 0, 4, 1 ], "texture": "#1" },
				"west": { "uv": [ 0, 0, 1, 1 ], "texture": "#1" },
				"east": { "uv": [ 0, 0, 1, 1 ], "texture": "#1" }
			}
		},
		{
			"from": [ 6, 14, 2 ],
			"to": [ 10, 15, 14 ],
			"faces": {
				"down": { "uv": [ 0, 0, 4, 12 ], "texture": "#2" },
				"up": { "uv": [ 0, 0, 4, 12 ], "texture": "#2" },
				"west": { "uv": [ 0, 0, 12, 1 ], "texture": "#2" },
				"east": { "uv": [ 0, 0, 12, 1 ], "texture": "#2" }
			}
		},
		{
			"from": [ 10, 14, 3 ],
			"to": [ 12, 15, 13 ],
			"faces": {
				"down": { "uv": [ 0, 0, 2, 10 ], "texture": "#2" },
				"up": { "uv": [ 0, 0, 2, 10 ], "texture": "#2" },
				"east": { "uv": [ 0, 0, 10, 1 ], "texture": "#2" }
			}
		},
		{
			"from": [ 4, 14, 3 ],
			"to": [ 6, 15, 13 ],
			"faces": {
				"down": { "uv": [ 0, 0, 2, 10 ], "texture": "#2" },
				"up": { "uv": [ 0, 0, 2, 10 ], "texture": "#2" },
				"west": { "uv": [ 0, 0, 10, 1 ], "texture": "#2" }
			}
		},
		{
			"from": [ 3, 14, 4 ],
			"to": [ 4, 15, 12 ],
			"faces": {
				"down": { "uv": [ 0, 0, 1, 8 ], "texture": "#2" },
				"up": { "uv": [ 0, 0, 1, 8 ], "texture": "#2" },
				"west": { "uv": [ 0, 0, 8, 1 ], "texture": "#2" }
			}
		},
		{
			"from": [ 12, 14, 4 ],
			"to": [ 13, 15, 12 ],
			"faces": {
				"down": { "uv": [ 0, 0, 1, 8 ], "texture": "#2" },
				"up": { "uv": [ 0, 0, 1, 8 ], "texture": "#2" },
				"east": { "uv": [ 0, 0, 8, 1 ], "texture": "#2" }
			}
		},
		{
			"from": [ 13, 14, 6 ],
			"to": [ 14, 15, 10 ],
			"faces": {
				"down": { "uv": [ 0, 0, 1, 4 ], "texture": "#2" },
				"up": { "uv": [ 0, 0, 1, 4 ], "texture": "#2" }
			}
		},
		{
			"from": [ 2, 14, 6 ],
			"to": [ 3, 15, 10 ],
			"faces": {
				"down": { "uv": [ 0, 0, 1, 4 ], "texture": "#2" },
				"up": { "uv": [ 0, 0, 1, 4 ], "texture": "#2" }
			}
		},
		{
			"from": [ 2, 1, 6 ],
			"to": [ 3, 2, 10 ],
			"faces": {
				"down": { "uv": [ 0, 0, 1, 4 ], "texture": "#2" },
				"up": { "uv": [ 0, 0, 1, 4 ], "texture": "#2" }
			}
		},
		{
			"from": [ 13, 1, 6 ],
			"to": [ 14, 2, 10 ],
			"faces": {
				"down": { "uv": [ 0, 0, 1, 4 ], "texture": "#2" },
				"up": { "uv": [ 0, 0, 1, 4 ], "texture": "#2" }
			}
		},
		{
			"from": [ 12, 1, 4 ],
			"to": [ 13, 2, 12 ],
			"faces": {
				"down": { "uv": [ 0, 0, 1, 8 ], "texture": "#2" },
				"up": { "uv": [ 0, 0, 1, 8 ], "texture": "#2" },
				"east": { "uv": [ 0, 0, 8, 1 ], "texture": "#2" }
			}
		},
		{
			"from": [ 3, 1, 4 ],
			"to": [ 4, 2, 12 ],
			"faces": {
				"down": { "uv": [ 0, 0, 1, 8 ], "texture": "#2" },
				"up": { "uv": [ 0, 0, 1, 8 ], "texture": "#2" },
				"west": { "uv": [ 0, 0, 8, 1 ], "texture": "#2" }
			}
		},
		{
			"from": [ 4, 1, 3 ],
			"to": [ 6, 2, 13 ],
			"faces": {
				"down": { "uv": [ 0, 0, 2, 10 ], "texture": "#2" },
				"up": { "uv": [ 0, 0, 2, 10 ], "texture": "#2" },
				"west": { "uv": [ 0, 0, 10, 1 ], "texture": "#2" }
			}
		},
		{
			"from": [ 10, 1, 3 ],
			"to": [ 12, 2, 13 ],
			"faces": {
				"down": { "uv": [ 0, 0, 2, 10 ], "texture": "#2" },
				"up": { "uv": [ 0, 0, 2, 10 ], "texture": "#2" },
				"east": { "uv": [ 0, 0, 10, 1 ], "texture": "#2" }
			}
		},
		{
			"from": [ 6, 1, 2 ],
			"to": [ 10, 2, 14 ],
			"faces": {
				"down": { "uv": [ 0, 0, 4, 12 ], "texture": "#2" },
				"up": { "uv": [ 0, 0, 4, 12 ], "texture": "#2" },
				"west": { "uv": [ 0, 0, 12, 1 ], "texture": "#2" },
				"east": { "uv": [ 0, 0, 12, 1 ], "texture": "#2" }
			}
		}
	]
}