{
    "__comment": "Model generated using MrCrayfish's Model Creator (http://mrcrayfish.coitem/map/modelcreator/)",
"ambientocclusion": false,
    "textures": {
        "0": "item/character/player/enderpig"
    },
"display": { 
        "head": {
           "rotation": [ 0, 180, 0 ],
           "translation": [ 0, -29, 0 ],
           "scale": [ 1.9, 1.9, 1.9 ]
        }
},
    "elements": [
        {
            "name": "LeftLeg",
            "from": [ 8.0, 0.0, 6.0 ], 
            "to": [ 12.0, 11.5, 10.0 ], 
            "faces": {
                "north": { "texture": "#0", "uv": [ 3.0, 13.0, 4.0, 16.0 ] },
                "east": { "texture": "#0", "uv": [ 1.0, 13.0, 0.0, 16.0 ] },
                "south": { "texture": "#0", "uv": [ 1.0, 13.0, 2.0, 16.0 ] },
                "west": { "texture": "#0", "uv": [ 0.0, 13.0, 1.0, 16.0 ] },
                "up": { "texture": "#0", "uv": [ 1.0, 12.0, 2.0, 13.0 ] },
                "down": { "texture": "#0", "uv": [ 2.0, 12.0, 3.0, 13.0 ] }
            }
        },
        {
            "name": "RightLeg",
            "from": [ 4.0, 0.0, 6.0 ], 
            "to": [ 8.0, 11.5, 10.0 ], 
            "faces": {
                "north": { "texture": "#0", "uv": [ 3.0, 13.0, 4.0, 16.0 ] },
                "east": { "texture": "#0", "uv": [ 2.0, 13.0, 2.0, 16.0 ] },
                "south": { "texture": "#0", "uv": [ 2.0, 13.0, 1.0, 16.0 ] },
                "west": { "texture": "#0", "uv": [ 0.0, 13.0, 1.0, 16.0 ] },
                "up": { "texture": "#0", "uv": [ 1.0, 12.0, 2.0, 13.0 ] },
                "down": { "texture": "#0", "uv": [ 2.0, 12.0, 3.0, 13.0 ] }
            }
        },
        {
            "name": "RightArm",
            "from": [ 0.0, 11.5, 6.0 ], 
            "to": [ 4.0, 23.5, 10.0 ], 
            "faces": {
                "north": { "texture": "#0", "uv": [ 13.0, 13.0, 14.0, 16.0 ] },
                "east": { "texture": "#0", "uv": [ 12.0, 13.0, 13.0, 16.0 ], "rotation": 90 },
                "south": { "texture": "#0", "uv": [ 12.0, 13.0, 11.0, 16.0 ] },
                "west": { "texture": "#0", "uv": [ 10.0, 13.0, 11.0, 16.0 ] },
                "up": { "texture": "#0", "uv": [ 11.0, 12.0, 12.0, 13.0 ] },
                "down": { "texture": "#0", "uv": [ 12.0, 12.0, 13.0, 13.0 ], "rotation": 180 }
            }
        },
        {
            "name": "Head",
            "from": [ 4.0, 23.5, 4.0 ], 
            "to": [ 12.0, 31.5, 12.0 ], 
            "faces": {
                "north": { "texture": "#0", "uv": [ 8.0, 10.0, 6.0, 12.0 ] },
                "east": { "texture": "#0", "uv": [ 4.0, 10.0, 6.0, 12.0 ] },
                "south": { "texture": "#0", "uv": [ 2.0, 10.0, 4.0, 12.0 ] },
                "west": { "texture": "#0", "uv": [ 2.0, 12.0, 0.0, 10.0 ], "rotation": 180 },
                "up": { "texture": "#0", "uv": [ 2.0, 8.0, 4.0, 10.0 ] },
                "down": { "texture": "#0", "uv": [ 4.0, 8.0, 6.0, 10.0 ] }
            }
        },
        {
            "name": "Body",
            "from": [ 4.0, 11.5, 6.0 ], 
            "to": [ 12.0, 23.5, 10.0 ], 
            "faces": {
                "north": { "texture": "#0", "uv": [ 8.0, 13.0, 10.0, 16.0 ] },
                "east": { "texture": "#0", "uv": [ 4.0, 13.0, 5.0, 16.0 ] },
                "south": { "texture": "#0", "uv": [ 5.0, 13.0, 7.0, 16.0 ] },
                "west": { "texture": "#0", "uv": [ 7.0, 13.0, 8.0, 16.0 ] },
                "up": { "texture": "#0", "uv": [ 5.0, 12.0, 7.0, 13.0 ] },
                "down": { "texture": "#0", "uv": [ 7.0, 12.0, 9.0, 13.0 ] }
            }
        },
        {
            "name": "LeftArm",
            "from": [ 12.0, 11.5, 6.0 ], 
            "to": [ 16.0, 23.5, 10.0 ], 
            "faces": {
                "north": { "texture": "#0", "uv": [ 13.0, 13.0, 14.0, 16.0 ] },
                "east": { "texture": "#0", "uv": [ 11.0, 13.0, 10.0, 16.0 ] },
                "south": { "texture": "#0", "uv": [ 12.0, 13.0, 11.0, 16.0 ] },
                "west": { "texture": "#0", "uv": [ 13.0, 13.0, 12.0, 16.0 ] },
                "up": { "texture": "#0", "uv": [ 12.0, 12.0, 11.0, 13.0 ] },
                "down": { "texture": "#0", "uv": [ 13.0, 12.0, 12.0, 13.0 ] }
            }
        }
    ]
}