{
	"__comment": "Model generated using MrCrayfish's Model Creator (http://mrcrayfish.com/modelcreator/)",
	"textures": {
		"0": "custom/custom11"
	},
	"elements": [ 	 
		{
			"from": [ -3, 0, 6 ],
			"to": [ 0, 1, 10 ],
			"faces": {
				"down": { "uv": [ 0, 0, 3, 4 ], "texture": "#0" },
				"up": { "uv": [ 0, 0, 3, 4 ], "texture": "#0" },
				"north": { "uv": [ 0, 0, 3, 1 ], "texture": "#0" },
				"south": { "uv": [ 0, 0, 3, 1 ], "texture": "#0" },
				"west": { "uv": [ 0, 0, 4, 1 ], "texture": "#0" }
			}
		},
		{
			"from": [ 16, 0, 6 ],
			"to": [ 19, 1, 10 ],
			"faces": {
				"down": { "uv": [ 0, 0, 3, 4 ], "texture": "#0" },
				"up": { "uv": [ 0, 0, 3, 4 ], "texture": "#0" },
				"north": { "uv": [ 0, 0, 3, 1 ], "texture": "#0" },
				"south": { "uv": [ 0, 0, 3, 1 ], "texture": "#0" },
				"east": { "uv": [ 0, 0, 4, 1 ], "texture": "#0" }
			}
		},
		{
			"from": [ 6, 0, -3 ],
			"to": [ 10, 1, 0 ],
			"faces": {
				"down": { "uv": [ 0, 0, 4, 3 ], "texture": "#0" },
				"up": { "uv": [ 0, 0, 4, 3 ], "texture": "#0" },
				"north": { "uv": [ 0, 0, 4, 1 ], "texture": "#0" },
				"west": { "uv": [ 0, 0, 3, 1 ], "texture": "#0" },
				"east": { "uv": [ 0, 0, 3, 1 ], "texture": "#0" }
			}
		},
		{
			"from": [ 6, 0, 16 ],
			"to": [ 10, 1, 19 ],
			"faces": {
				"down": { "uv": [ 0, 0, 4, 3 ], "texture": "#0", "cullface": "down" },
				"up": { "uv": [ 0, 0, 4, 3 ], "texture": "#0" },
				"south": { "uv": [ 0, 0, 4, 1 ], "texture": "#0", "cullface": "south" },
				"west": { "uv": [ 0, 0, 3, 1 ], "texture": "#0" },
				"east": { "uv": [ 0, 0, 3, 1 ], "texture": "#0" }
			}
		},
		{
			"from": [ 0, -3.5, 6 ],
			"to": [ 1, -2.5, 10 ],
			"rotation": { "origin": [ 8, 8, 8 ], "axis": "z", "angle": -22.5 },
			"faces": {
				"down": { "uv": [ 0, 0, 1, 4 ], "texture": "#0", "cullface": "west" },
				"up": { "uv": [ 0, 0, 1, 4 ], "texture": "#0", "cullface": "west" },
				"north": { "uv": [ 0, 0, 1, 1 ], "texture": "#0", "cullface": "west" },
				"south": { "uv": [ 0, 0, 1, 1 ], "texture": "#0", "cullface": "west" },
				"west": { "uv": [ 0, 0, 4, 1 ], "texture": "#0", "cullface": "west" }
			}
		},
		{
			"from": [ 15, -3.5, 6 ],
			"to": [ 16, -2.5, 10 ],
			"rotation": { "origin": [ 8, 8, 8 ], "axis": "z", "angle": 22.5 },
			"faces": {
				"down": { "uv": [ 0, 0, 1, 4 ], "texture": "#0", "cullface": "east" },
				"up": { "uv": [ 0, 0, 1, 4 ], "texture": "#0", "cullface": "east" },
				"north": { "uv": [ 0, 0, 1, 1 ], "texture": "#0", "cullface": "east" },
				"south": { "uv": [ 0, 0, 1, 1 ], "texture": "#0", "cullface": "east" },
				"east": { "uv": [ 0, 0, 4, 1 ], "texture": "#0", "cullface": "east" }
			}
		},
		{
			"from": [ 6, -3.5, 0 ],
			"to": [ 10, -2.5, 1 ],
			"rotation": { "origin": [ 8, 8, 8 ], "axis": "x", "angle": 22.5 },
			"faces": {
				"down": { "uv": [ 0, 0, 4, 1 ], "texture": "#0", "cullface": "north" },
				"up": { "uv": [ 0, 0, 4, 1 ], "texture": "#0", "cullface": "north" },
				"north": { "uv": [ 0, 0, 4, 1 ], "texture": "#0", "cullface": "north" },
				"west": { "uv": [ 0, 0, 1, 1 ], "texture": "#0", "cullface": "north" },
				"east": { "uv": [ 0, 0, 1, 1 ], "texture": "#0", "cullface": "north" }
			}
		},
		{
			"from": [ 6, -3.5, 15 ],
			"to": [ 10, -2.5, 16 ],
			"rotation": { "origin": [ 8, 8, 8 ], "axis": "x", "angle": -22.5 },
			"faces": {
				"down": { "uv": [ 0, 0, 4, 1 ], "texture": "#0", "cullface": "south" },
				"up": { "uv": [ 0, 0, 4, 1 ], "texture": "#0", "cullface": "south" },
				"south": { "uv": [ 0, 0, 4, 1 ], "texture": "#0", "cullface": "south" },
				"west": { "uv": [ 0, 0, 1, 1 ], "texture": "#0", "cullface": "south" },
				"east": { "uv": [ 0, 0, 1, 1 ], "texture": "#0", "cullface": "south" }
			}
		},
		{
			"from": [ 4, -5.7, 6 ],
			"to": [ 5, -4.7, 10 ],
			"rotation": { "origin": [ 8, 8, 8 ], "axis": "z", "angle": -45 },
			"faces": {
				"down": { "uv": [ 0, 0, 1, 4 ], "texture": "#0", "cullface": "west" },
				"up": { "uv": [ 0, 0, 1, 4 ], "texture": "#0", "cullface": "west" },
				"north": { "uv": [ 0, 0, 1, 1 ], "texture": "#0", "cullface": "west" },
				"south": { "uv": [ 0, 0, 1, 1 ], "texture": "#0", "cullface": "west" },
				"west": { "uv": [ 0, 0, 4, 1 ], "texture": "#0", "cullface": "west" },
				"east": { "uv": [ 0, 0, 4, 1 ], "texture": "#0", "cullface": "west" }
			}
		},
		{
			"from": [ 11, -5.7, 6 ],
			"to": [ 12, -4.7, 10 ],
			"rotation": { "origin": [ 8, 8, 8 ], "axis": "z", "angle": 45 },
			"faces": {
				"down": { "uv": [ 0, 0, 1, 4 ], "texture": "#0", "cullface": "east" },
				"up": { "uv": [ 0, 0, 1, 4 ], "texture": "#0", "cullface": "east" },
				"north": { "uv": [ 0, 0, 1, 1 ], "texture": "#0", "cullface": "east" },
				"south": { "uv": [ 0, 0, 1, 1 ], "texture": "#0", "cullface": "east" },
				"west": { "uv": [ 0, 0, 4, 1 ], "texture": "#0", "cullface": "east" },
				"east": { "uv": [ 0, 0, 4, 1 ], "texture": "#0", "cullface": "east" }
			}
		},
		{
			"from": [ 6, -5.7, 4 ],
			"to": [ 10, -4.7, 5 ],
			"rotation": { "origin": [ 8, 8, 8 ], "axis": "x", "angle": 45 },
			"faces": {
				"down": { "uv": [ 0, 0, 4, 1 ], "texture": "#0", "cullface": "north" },
				"up": { "uv": [ 0, 0, 4, 1 ], "texture": "#0", "cullface": "north" },
				"north": { "uv": [ 0, 0, 4, 1 ], "texture": "#0", "cullface": "north" },
				"south": { "uv": [ 0, 0, 4, 1 ], "texture": "#0", "cullface": "north" },
				"west": { "uv": [ 0, 0, 1, 1 ], "texture": "#0", "cullface": "north" },
				"east": { "uv": [ 0, 0, 1, 1 ], "texture": "#0", "cullface": "north" }
			}
		},
		{
			"from": [ 6, -5.7, 11 ],
			"to": [ 10, -4.7, 12 ],
			"rotation": { "origin": [ 8, 8, 8 ], "axis": "x", "angle": -45 },
			"faces": {
				"down": { "uv": [ 0, 0, 4, 1 ], "texture": "#0", "cullface": "south" },
				"up": { "uv": [ 0, 0, 4, 1 ], "texture": "#0", "cullface": "south" },
				"north": { "uv": [ 0, 0, 4, 1 ], "texture": "#0", "cullface": "south" },
				"south": { "uv": [ 0, 0, 4, 1 ], "texture": "#0", "cullface": "south" },
				"west": { "uv": [ 0, 0, 1, 1 ], "texture": "#0", "cullface": "south" },
				"east": { "uv": [ 0, 0, 1, 1 ], "texture": "#0", "cullface": "south" }
			}
		},
		{
			"from": [ -6.2, 6.5, 6 ],
			"to": [ -5.2, 7.5, 10 ],
			"rotation": { "origin": [ 8, 8, 8 ], "axis": "z", "angle": 22.5 },
			"faces": {
				"down": { "uv": [ 0, 0, 1, 4 ], "texture": "#0", "cullface": "west" },
				"north": { "uv": [ 0, 0, 1, 1 ], "texture": "#0", "cullface": "west" },
				"south": { "uv": [ 0, 0, 1, 1 ], "texture": "#0", "cullface": "west" },
				"west": { "uv": [ 0, 0, 4, 1 ], "texture": "#0", "cullface": "west" },
				"east": { "uv": [ 0, 0, 4, 1 ], "texture": "#0", "cullface": "west" }
			}
		},
		{
			"from": [ 21.2, 6.5, 6 ],
			"to": [ 22.2, 7.5, 10 ],
			"rotation": { "origin": [ 8, 8, 8 ], "axis": "z", "angle": -22.5 },
			"faces": {
				"down": { "uv": [ 0, 0, 1, 4 ], "texture": "#0", "cullface": "east" },
				"north": { "uv": [ 0, 0, 1, 1 ], "texture": "#0", "cullface": "east" },
				"south": { "uv": [ 0, 0, 1, 1 ], "texture": "#0", "cullface": "east" },
				"west": { "uv": [ 0, 0, 4, 1 ], "texture": "#0", "cullface": "east" },
				"east": { "uv": [ 0, 0, 4, 1 ], "texture": "#0", "cullface": "east" }
			}
		},
		{
			"from": [ 6, 6.5, -6.2 ],
			"to": [ 10, 7.5, -5.2 ],
			"rotation": { "origin": [ 8, 8, 8 ], "axis": "x", "angle": -22.5 },
			"faces": {
				"down": { "uv": [ 0, 0, 4, 1 ], "texture": "#0", "cullface": "north" },
				"north": { "uv": [ 0, 0, 4, 1 ], "texture": "#0", "cullface": "north" },
				"south": { "uv": [ 0, 0, 4, 1 ], "texture": "#0", "cullface": "north" },
				"west": { "uv": [ 0, 0, 1, 1 ], "texture": "#0", "cullface": "north" },
				"east": { "uv": [ 0, 0, 1, 1 ], "texture": "#0", "cullface": "north" }
			}
		},
		{
			"from": [ 6, 6.5, 21.2 ],
			"to": [ 10, 7.5, 22.2 ],
			"rotation": { "origin": [ 8, 8, 8 ], "axis": "x", "angle": 22.5 },
			"faces": {
				"down": { "uv": [ 0, 0, 4, 1 ], "texture": "#0", "cullface": "south" },
				"north": { "uv": [ 0, 0, 4, 1 ], "texture": "#0", "cullface": "south" },
				"south": { "uv": [ 0, 0, 4, 1 ], "texture": "#0", "cullface": "south" },
				"west": { "uv": [ 0, 0, 1, 1 ], "texture": "#0", "cullface": "south" },
				"east": { "uv": [ 0, 0, 1, 1 ], "texture": "#0", "cullface": "south" }
			}
		},
		{
			"from": [ -4.9, 2.1, 6 ],
			"to": [ -3.9, 5.1, 10 ],
			"faces": {
				"down": { "uv": [ 0, 0, 1, 4 ], "texture": "#0", "cullface": "west" },
				"up": { "uv": [ 0, 0, 1, 4 ], "texture": "#0", "cullface": "west" },
				"north": { "uv": [ 0, 0, 1, 3 ], "texture": "#0", "cullface": "west" },
				"south": { "uv": [ 0, 0, 1, 3 ], "texture": "#0", "cullface": "west" },
				"west": { "uv": [ 0, 0, 4, 3 ], "texture": "#0", "cullface": "west" },
				"east": { "uv": [ 0, 0, 4, 3 ], "texture": "#0", "cullface": "west" }
			}
		},
		{
			"from": [ 19.9, 2.1, 6 ],
			"to": [ 20.9, 5.1, 10 ],
			"faces": {
				"down": { "uv": [ 0, 0, 1, 4 ], "texture": "#0", "cullface": "east" },
				"up": { "uv": [ 0, 0, 1, 4 ], "texture": "#0", "cullface": "east" },
				"north": { "uv": [ 0, 0, 1, 3 ], "texture": "#0", "cullface": "east" },
				"south": { "uv": [ 0, 0, 1, 3 ], "texture": "#0", "cullface": "east" },
				"west": { "uv": [ 0, 0, 4, 3 ], "texture": "#0", "cullface": "east" },
				"east": { "uv": [ 0, 0, 4, 3 ], "texture": "#0", "cullface": "east" }
			}
		},
		{
			"from": [ 6, 2.1, -4.9 ],
			"to": [ 10, 5.1, -3.9 ],
			"faces": {
				"down": { "uv": [ 0, 0, 4, 1 ], "texture": "#0", "cullface": "north" },
				"up": { "uv": [ 0, 0, 4, 1 ], "texture": "#0", "cullface": "north" },
				"north": { "uv": [ 0, 0, 4, 3 ], "texture": "#0", "cullface": "north" },
				"south": { "uv": [ 0, 0, 4, 3 ], "texture": "#0", "cullface": "north" },
				"west": { "uv": [ 0, 0, 1, 3 ], "texture": "#0", "cullface": "north" },
				"east": { "uv": [ 0, 0, 1, 3 ], "texture": "#0", "cullface": "north" }
			}
		},
		{
			"from": [ 6, 2.1, 19.9 ],
			"to": [ 10, 5.1, 20.9 ],
			"faces": {
				"down": { "uv": [ 0, 0, 4, 1 ], "texture": "#0", "cullface": "south" },
				"up": { "uv": [ 0, 0, 4, 1 ], "texture": "#0", "cullface": "south" },
				"north": { "uv": [ 0, 0, 4, 3 ], "texture": "#0", "cullface": "south" },
				"south": { "uv": [ 0, 0, 4, 3 ], "texture": "#0", "cullface": "south" },
				"west": { "uv": [ 0, 0, 1, 3 ], "texture": "#0", "cullface": "south" },
				"east": { "uv": [ 0, 0, 1, 3 ], "texture": "#0", "cullface": "south" }
			}
		},
		{
			"from": [ -4.8, 4.6, 4.6 ],
			"to": [ -4, 7.3, 7.3 ],
			"rotation": { "origin": [ 8, 8, 8 ], "axis": "x", "angle": -45 },
			"faces": {
				"up": { "uv": [ 0, 0, 0.8, 2.7 ], "texture": "#0", "cullface": "west" },
				"south": { "uv": [ 0, 0, 0.8, 2.7 ], "texture": "#0", "cullface": "west" },
				"west": { "uv": [ 0, 0, 2.7, 2.7 ], "texture": "#0", "cullface": "west" },
				"east": { "uv": [ 0, 0, 2.7, 2.7 ], "texture": "#0", "cullface": "west" }
			}
		},
		{
			"from": [ 20, 4.6, 4.6 ],
			"to": [ 20.8, 7.3, 7.3 ],
			"rotation": { "origin": [ 8, 8, 8 ], "axis": "x", "angle": -45 },
			"faces": {
				"up": { "uv": [ 0, 0, 0.8, 2.7 ], "texture": "#0", "cullface": "east" },
				"south": { "uv": [ 0, 0, 0.8, 2.7 ], "texture": "#0", "cullface": "east" },
				"west": { "uv": [ 0, 0, 2.7, 2.7 ], "texture": "#0", "cullface": "east" },
				"east": { "uv": [ 0, 0, 2.7, 2.7 ], "texture": "#0", "cullface": "east" }
			}
		},
		{
			"from": [ 8.7, 4.6, -4.8 ],
			"to": [ 11.4, 7.3, -4 ],
			"rotation": { "origin": [ 8, 8, 8 ], "axis": "z", "angle": -45 },
			"faces": {
				"up": { "uv": [ 0, 0, 2.7, 0.8000002 ], "texture": "#0", "cullface": "north" },
				"north": { "uv": [ 0, 0, 2.7, 2.7 ], "texture": "#0", "cullface": "north" },
				"south": { "uv": [ 0, 0, 2.7, 2.7 ], "texture": "#0", "cullface": "north" },
				"west": { "uv": [ 0, 0, 0.8, 2.7 ], "texture": "#0", "cullface": "north" }
			}
		},
		{
			"from": [ 8.7, 4.6, 20 ],
			"to": [ 11.4, 7.3, 20.8 ],
			"rotation": { "origin": [ 8, 8, 8 ], "axis": "z", "angle": -45 },
			"faces": {
				"up": { "uv": [ 0, 0, 2.7, 0.8000002 ], "texture": "#0", "cullface": "south" },
				"north": { "uv": [ 0, 0, 2.7, 2.7 ], "texture": "#0", "cullface": "south" },
				"south": { "uv": [ 0, 0, 2.7, 2.7 ], "texture": "#0", "cullface": "south" },
				"west": { "uv": [ 0, 0, 0.8, 2.7 ], "texture": "#0", "cullface": "south" }
			}
		},
		{
			"from": [ 0, 0, 0 ],
			"to": [ 16, 1, 16 ],
			"faces": {
				"down": { "uv": [ 0, 0, 16, 16 ], "texture": "#0", "cullface": "down" },
				"up": { "uv": [ 0, 0, 16, 16 ], "texture": "#0" },
				"north": { "uv": [ 0, 0, 16, 1 ], "texture": "#0", "cullface": "north" },
				"south": { "uv": [ 0, 0, 16, 1 ], "texture": "#0", "cullface": "south" },
				"west": { "uv": [ 0, 0, 16, 1 ], "texture": "#0", "cullface": "west" },
				"east": { "uv": [ 0, 0, 16, 1 ], "texture": "#0", "cullface": "east" }
			}
		},
		{
			"from": [ 7, 0, 0 ],
			"to": [ 9, 1.5, 16 ],
			"faces": {
				"up": { "uv": [ 7, 0, 9, 16 ], "texture": "#0" },
				"north": { "uv": [ 0, 0, 2, 1.5 ], "texture": "#0", "cullface": "north" },
				"south": { "uv": [ 0, 0, 2, 1.5 ], "texture": "#0", "cullface": "south" },
				"west": { "uv": [ 0, 0, 16, 1.5 ], "texture": "#0" },
				"east": { "uv": [ 0, 0, 16, 1.5 ], "texture": "#0" }
			}
		},
		{
			"from": [ 9, 0, 7 ],
			"to": [ 16, 1.5, 9 ],
			"faces": {
				"up": { "uv": [ 9, 7, 16, 9 ], "texture": "#0" },
				"north": { "uv": [ 0, 0, 7, 1.5 ], "texture": "#0" },
				"south": { "uv": [ 0, 0, 7, 1.5 ], "texture": "#0" },
				"east": { "uv": [ 0, 0, 2, 1.5 ], "texture": "#0", "cullface": "east" }
			}
		},
		{
			"from": [ 0, 0, 7 ],
			"to": [ 7, 1.5, 9 ],
			"faces": {
				"up": { "uv": [ 0, 7, 7, 9 ], "texture": "#0" },
				"north": { "uv": [ 0, 0, 7, 1.5 ], "texture": "#0" },
				"south": { "uv": [ 0, 0, 7, 1.5 ], "texture": "#0" },
				"west": { "uv": [ 0, 0, 2, 1.5 ], "texture": "#0", "cullface": "west" }
			}
		}
	],
	"display": {
		"head": {
			"translation":  [ 0, -34, 0 ],
			"scale":  [ 1.5, 3, 1.5 ]
		}
	}
}