{
    "__comment": "Model generated using MrCrayfish's Model Creator (http://mrcrayfish.com/modelcreator/)",
    "textures": {
        "0": "item/character/blaze/blaze3"
    },
	"display":
	{
    "head": { 
		"rotation": [ 0, 0, 0 ], 
		"translation": [ 0, -34, 0], 
		"scale": [ 1.6, 1.6, 1.6 ]
		}
	},
   "elements": [
        {
            "name": "Skull",
            "from": [ 3.4999999925494194, 0.0, 3.4999999925494194 ], 
            "to": [ 12.49999999254942, 9.0, 12.49999999254942 ], 
            "faces": {
                "north": { "texture": "#0", "uv": [ 4.0, 4.0, 8.0, 8.0 ] },
                "east": { "texture": "#0", "uv": [ 0.0, 4.0, 4.0, 8.0 ] },
                "south": { "texture": "#0", "uv": [ 16.0, 4.0, 12.0, 8.0 ] },
                "west": { "texture": "#0", "uv": [ 8.0, 4.0, 12.0, 8.0 ] },
                "up": { "texture": "#0", "uv": [ 4.0, 0.0, 8.0, 4.0 ] },
                "down": { "texture": "#0", "uv": [ 8.0, 0.0, 12.0, 4.0 ] }
            }
        },
        {
            "name": "FrontA",
            "from": [ 3.4999999925494194, 0.0, 3.0 ], 
            "to": [ 12.49999999254942, 3.4000000059604645, 3.4999999925494194 ], 
            "faces": {
                "north": { "texture": "#0", "uv": [ 4.0, 6.5, 8.0, 8.0 ] },
                "east": { "texture": "#0", "uv": [ 5.0, 6.5, 5.0, 8.0 ] },
                "south": { "texture": "#0", "uv": [ 0.0, 0.0, 9.0, 3.4000000059604645 ] },
                "west": { "texture": "#0", "uv": [ 7.0, 6.5, 7.0, 8.0 ] },
                "up": { "texture": "#0", "uv": [ 4.0, 7.0, 8.0, 8.0 ] },
                "down": { "texture": "#0", "uv": [ 4.0, 7.0, 8.0, 8.0 ] }
            }
        },
        {
            "name": "FrontB",
            "from": [ 11.399999991059303, 3.3999999910593033, 3.0 ], 
            "to": [ 12.49999999254942, 4.499999992549419, 3.4999999925494194 ], 
            "faces": {
                "north": { "texture": "#0", "uv": [ 5.0, 8.0, 5.0, 7.4000000059604645 ] },
                "east": { "texture": "#0", "uv": [ 5.0, 7.0, 5.0, 7.4000000059604645 ] },
                "south": { "texture": "#0", "uv": [ 0.0, 0.0, 0.5, 0.5 ] },
                "west": { "texture": "#0", "uv": [ 7.0, 7.0, 7.0, 7.4000000059604645 ] },
                "up": { "texture": "#0", "uv": [ 5.0, 7.0, 5.0, 8.0 ] },
                "down": { "texture": "#0", "uv": [ 4.0, 7.0, 8.0, 8.0 ] }
            }
        },
        {
            "name": "Top",
            "from": [ 4.0, 9.0, 4.0 ], 
            "to": [ 12.0, 9.49999999254942, 12.0 ], 
            "faces": {
                "north": { "texture": "#0", "uv": [ 4.0, 3.5, 8.0, 4.0 ] },
                "east": { "texture": "#0", "uv": [ 4.0, 3.5, 8.0, 4.0 ] },
                "south": { "texture": "#0", "uv": [ 4.5, 0.5, 8.0, 1.0 ] },
                "west": { "texture": "#0", "uv": [ 7.9999999999999964, 2.7755575615628914E-17, 7.4999999999999964, 3.9999999999999996 ], "rotation": 90 },
                "up": { "texture": "#0", "uv": [ 4.5, 0.5, 7.5, 3.5 ] },
                "down": { "texture": "#0", "uv": [ 8.0, 0.0, 12.0, 4.0 ] }
            }
        },
        {
            "name": "EyeA",
            "from": [ 9.099999986588955, 4.499999992549419, 3.4000000059604645 ], 
            "to": [ 10.199999988079071, 5.5999999940395355, 3.4999999925494194 ], 
            "faces": {
                "north": { "texture": "#0", "uv": [ 5.0, 8.0, 5.0, 7.4000000059604645 ] },
                "east": { "texture": "#0", "uv": [ 5.0, 7.0, 5.0, 7.4000000059604645 ] },
                "south": { "texture": "#0", "uv": [ 0.0, 0.0, 0.5, 0.5 ] },
                "west": { "texture": "#0", "uv": [ 7.0, 7.0, 7.0, 7.4000000059604645 ] },
                "up": { "texture": "#0", "uv": [ 5.0, 7.0, 5.0, 8.0 ] },
                "down": { "texture": "#0", "uv": [ 4.0, 7.0, 8.0, 8.0 ] }
            }
        },
        {
            "name": "EyeB",
            "from": [ 5.799999982118607, 4.499999992549419, 3.4000000059604645 ], 
            "to": [ 6.899999983608723, 5.5999999940395355, 3.4999999925494194 ], 
            "faces": {
                "north": { "texture": "#0", "uv": [ 5.0, 8.0, 5.0, 7.4000000059604645 ] },
                "east": { "texture": "#0", "uv": [ 5.0, 7.0, 5.0, 7.4000000059604645 ] },
                "south": { "texture": "#0", "uv": [ 0.0, 0.0, 0.5, 0.5 ] },
                "west": { "texture": "#0", "uv": [ 7.0, 7.0, 7.0, 7.4000000059604645 ] },
                "up": { "texture": "#0", "uv": [ 5.0, 7.0, 5.0, 8.0 ] },
                "down": { "texture": "#0", "uv": [ 4.0, 7.0, 8.0, 8.0 ] }
            }
        }
    ]
}