{
	"__comment": "Model generated using MrCrayfish's Model Creator (http://mrcrayfish.com/modelcreator/)",
	"textures": {
		"0": "item/character/blaze/blaze0"
	},
	"elements": [ 	 
		{
			"from": [ 3.5, 0, 3.5 ],
			"to": [ 12.5, 9, 12.5 ],
			"faces": {
				"down": { "uv": [ 8, 0, 12, 4 ], "texture": "#0", "cullface": "down" },
				"up": { "uv": [ 4, 0, 8, 4 ], "texture": "#0" },
				"north": { "uv": [ 4, 4, 8, 8 ], "texture": "#0" },
				"south": { "uv": [ 16, 4, 12, 8 ], "texture": "#0" },
				"west": { "uv": [ 8, 4, 12, 8 ], "texture": "#0" },
				"east": { "uv": [ 0, 4, 4, 8 ], "texture": "#0" }
			}
		},
		{
			"from": [ 3.5, 0, 3 ],
			"to": [ 12.5, 3.4, 3.5 ],
			"faces": {
				"down": { "uv": [ 4, 7, 8, 8 ], "texture": "#0", "cullface": "down" },
				"up": { "uv": [ 4, 7, 8, 8 ], "texture": "#0" },
				"north": { "uv": [ 4, 6.5, 8, 8 ], "texture": "#0" },
				"west": { "uv": [ 7, 6.5, 7, 8 ], "texture": "#0" },
				"east": { "uv": [ 5, 6.5, 5, 8 ], "texture": "#0" }
			}
		},
		{
			"from": [ 11.4, 3.4, 3 ],
			"to": [ 12.5, 4.5, 3.5 ],
			"faces": {
				"up": { "uv": [ 5, 7, 5, 8 ], "texture": "#0" },
				"north": { "uv": [ 5, 8, 5, 7.4 ], "texture": "#0" },
				"west": { "uv": [ 7, 7, 7, 7.4 ], "texture": "#0" },
				"east": { "uv": [ 5, 7, 5, 7.4 ], "texture": "#0" }
			}
		},
		{
			"from": [ 4, 9, 4 ],
			"to": [ 12, 9.5, 12 ],
			"faces": {
				"up": { "uv": [ 4.5, 0.5, 7.5, 3.5 ], "texture": "#0" },
				"north": { "uv": [ 4, 3.5, 8, 4 ], "texture": "#0" },
				"south": { "uv": [ 4.5, 0.5, 8, 1 ], "texture": "#0" },
				"west": { "uv": [ 8, 0, 7.5, 4 ], "texture": "#0", "rotation": 90 },
				"east": { "uv": [ 4, 3.5, 8, 4 ], "texture": "#0" }
			}
		}
	],
	"display": {
		"head": {
			"translation":  [ 0, -34, 0 ],
			"scale":  [ 1.6, 1.6, 1.6 ]
		}
	}
}