{
	"__comment": "Model generated using MrCrayfish's Model Creator (http://mrcrayfish.coitem/map/modelcreator/)",
	"textures": {
		"0": "blocks/gold_block"
	},
	"elements": [ 	 
		{
			"from": [ 7, 28, 3.5 ],
			"to": [ 9, 30, 4.5 ],
			"faces": {
				"up": { "uv": [ 10, 12, 12, 13 ], "texture": "#0", "cullface": "up" },
				"north": { "uv": [ 9, 14, 11, 16 ], "texture": "#0", "cullface": "up" },
				"south": { "uv": [ 10, 14, 12, 16 ], "texture": "#0", "cullface": "up" },
				"west": { "uv": [ 10, 14, 11, 16 ], "texture": "#0", "cullface": "up" },
				"east": { "uv": [ 10, 14, 11, 16 ], "texture": "#0", "cullface": "up" }
			}
		},
		{
			"from": [ 7, 28, 2.6 ],
			"to": [ 9, 30, 3.6 ],
			"rotation": { "origin": [ 8, 8, 8 ], "axis": "y", "angle": 45 },
			"faces": {
				"down": { "uv": [ 11, 15, 13, 16 ], "texture": "#0", "cullface": "up" },
				"up": { "uv": [ 10, 12, 12, 13 ], "texture": "#0", "cullface": "up" },
				"north": { "uv": [ 9, 14, 11, 16 ], "texture": "#0", "cullface": "up" },
				"south": { "uv": [ 10, 14, 12, 16 ], "texture": "#0", "cullface": "up" },
				"west": { "uv": [ 10, 14, 11, 16 ], "texture": "#0", "cullface": "up" },
				"east": { "uv": [ 10, 14, 11, 16 ], "texture": "#0", "cullface": "up" }
			}
		},
		{
			"from": [ 7, 28, 12.4 ],
			"to": [ 9, 30, 13.4 ],
			"rotation": { "origin": [ 8, 8, 8 ], "axis": "y", "angle": 45 },
			"faces": {
				"down": { "uv": [ 11, 15, 13, 16 ], "texture": "#0", "cullface": "up" },
				"up": { "uv": [ 10, 12, 12, 13 ], "texture": "#0", "cullface": "up" },
				"north": { "uv": [ 9, 14, 11, 16 ], "texture": "#0", "cullface": "up" },
				"south": { "uv": [ 10, 14, 12, 16 ], "texture": "#0", "cullface": "up" },
				"west": { "uv": [ 10, 14, 11, 16 ], "texture": "#0", "cullface": "up" },
				"east": { "uv": [ 10, 14, 11, 16 ], "texture": "#0", "cullface": "up" }
			}
		},
		{
			"from": [ 7, 28, 12.4 ],
			"to": [ 9, 30, 13.4 ],
			"rotation": { "origin": [ 8, 8, 8 ], "axis": "y", "angle": -45 },
			"faces": {
				"down": { "uv": [ 11, 15, 13, 16 ], "texture": "#0", "cullface": "up" },
				"up": { "uv": [ 10, 12, 12, 13 ], "texture": "#0", "cullface": "up" },
				"north": { "uv": [ 9, 14, 11, 16 ], "texture": "#0", "cullface": "up" },
				"south": { "uv": [ 10, 14, 12, 16 ], "texture": "#0", "cullface": "up" },
				"west": { "uv": [ 10, 14, 11, 16 ], "texture": "#0", "cullface": "up" },
				"east": { "uv": [ 10, 14, 11, 16 ], "texture": "#0", "cullface": "up" }
			}
		},
		{
			"from": [ 7, 28, 2.6 ],
			"to": [ 9, 30, 3.6 ],
			"rotation": { "origin": [ 8, 8, 8 ], "axis": "y", "angle": -45 },
			"faces": {
				"down": { "uv": [ 11, 15, 13, 16 ], "texture": "#0", "cullface": "up" },
				"up": { "uv": [ 10, 12, 12, 13 ], "texture": "#0", "cullface": "up" },
				"north": { "uv": [ 9, 14, 11, 16 ], "texture": "#0", "cullface": "up" },
				"south": { "uv": [ 10, 14, 12, 16 ], "texture": "#0", "cullface": "up" },
				"west": { "uv": [ 10, 14, 11, 16 ], "texture": "#0", "cullface": "up" },
				"east": { "uv": [ 10, 14, 11, 16 ], "texture": "#0", "cullface": "up" }
			}
		},
		{
			"from": [ 3.5, 27.1, 4 ],
			"to": [ 4.5, 28.1, 12 ],
			"faces": {
				"up": { "uv": [ 1, 1, 2, 9 ], "texture": "#0", "cullface": "up" },
				"north": { "uv": [ 0, 0, 1, 1 ], "texture": "#0", "cullface": "up" },
				"south": { "uv": [ 0, 0, 1, 1 ], "texture": "#0", "cullface": "up" },
				"west": { "uv": [ 0, 0, 8, 1 ], "texture": "#0", "cullface": "up" },
				"east": { "uv": [ 0, 0, 8, 1 ], "texture": "#0", "cullface": "up" }
			}
		},
		{
			"from": [ 11.5, 27.1, 4 ],
			"to": [ 12.5, 28.1, 12 ],
			"faces": {
				"up": { "uv": [ 1, 1, 2, 9 ], "texture": "#0", "cullface": "up" },
				"north": { "uv": [ 0, 0, 1, 1 ], "texture": "#0", "cullface": "up" },
				"south": { "uv": [ 0, 0, 1, 1 ], "texture": "#0", "cullface": "up" },
				"west": { "uv": [ 0, 0, 8, 1 ], "texture": "#0", "cullface": "up" },
				"east": { "uv": [ 0, 0, 8, 1 ], "texture": "#0", "cullface": "up" }
			}
		},
		{
			"from": [ 4, 27.1, 3.5 ],
			"to": [ 12, 28.1, 4.5 ],
			"faces": {
				"up": { "uv": [ 1, 1, 9, 2 ], "texture": "#0", "cullface": "up" },
				"north": { "uv": [ 0, 0, 8, 1 ], "texture": "#0", "cullface": "up" },
				"south": { "uv": [ 0, 0, 8, 1 ], "texture": "#0", "cullface": "up" },
				"west": { "uv": [ 0, 0, 1, 1 ], "texture": "#0", "cullface": "up" },
				"east": { "uv": [ 0, 0, 1, 1 ], "texture": "#0", "cullface": "up" }
			}
		},
		{
			"from": [ 4, 27.1, 11.5 ],
			"to": [ 12, 28.1, 12.5 ],
			"faces": {
				"up": { "uv": [ 1, 1, 9, 2 ], "texture": "#0", "cullface": "up" },
				"north": { "uv": [ 0, 0, 8, 1 ], "texture": "#0", "cullface": "up" },
				"south": { "uv": [ 0, 0, 8, 1 ], "texture": "#0", "cullface": "up" },
				"west": { "uv": [ 0, 0, 1, 1 ], "texture": "#0", "cullface": "up" },
				"east": { "uv": [ 0, 0, 1, 1 ], "texture": "#0", "cullface": "up" }
			}
		},
		{
			"from": [ 7, 27, 11.9 ],
			"to": [ 9, 28, 12.9 ],
			"rotation": { "origin": [ 8, 8, 8 ], "axis": "y", "angle": -45 },
			"faces": {
				"down": { "uv": [ 1, 1, 3, 2 ], "texture": "#0", "cullface": "up" },
				"up": { "uv": [ 1, 1, 3, 2 ], "texture": "#0", "cullface": "up" },
				"north": { "uv": [ 0, 0, 2, 1 ], "texture": "#0", "cullface": "up" },
				"south": { "uv": [ 0, 0, 2, 1 ], "texture": "#0", "cullface": "up" }
			}
		},
		{
			"from": [ 7, 27, 11.9 ],
			"to": [ 9, 28, 12.9 ],
			"rotation": { "origin": [ 8, 8, 8 ], "axis": "y", "angle": 45 },
			"faces": {
				"down": { "uv": [ 1, 1, 3, 2 ], "texture": "#0", "cullface": "up" },
				"up": { "uv": [ 1, 1, 3, 2 ], "texture": "#0", "cullface": "up" },
				"north": { "uv": [ 0, 0, 2, 1 ], "texture": "#0", "cullface": "up" },
				"south": { "uv": [ 0, 0, 2, 1 ], "texture": "#0", "cullface": "up" }
			}
		},
		{
			"from": [ 7, 27, 3.1 ],
			"to": [ 9, 28, 4.1 ],
			"rotation": { "origin": [ 8, 8, 8 ], "axis": "y", "angle": 45 },
			"faces": {
				"down": { "uv": [ 1, 1, 3, 2 ], "texture": "#0", "cullface": "up" },
				"up": { "uv": [ 1, 1, 3, 2 ], "texture": "#0", "cullface": "up" },
				"north": { "uv": [ 0, 0, 2, 1 ], "texture": "#0", "cullface": "up" },
				"south": { "uv": [ 0, 0, 2, 1 ], "texture": "#0", "cullface": "up" }
			}
		},
		{
			"from": [ 7, 27, 3.1 ],
			"to": [ 9, 28, 4.1 ],
			"rotation": { "origin": [ 8, 8, 8 ], "axis": "y", "angle": -45 },
			"faces": {
				"down": { "uv": [ 1, 1, 3, 2 ], "texture": "#0", "cullface": "up" },
				"up": { "uv": [ 1, 1, 3, 2 ], "texture": "#0", "cullface": "up" },
				"north": { "uv": [ 0, 0, 2, 1 ], "texture": "#0", "cullface": "up" },
				"south": { "uv": [ 0, 0, 2, 1 ], "texture": "#0", "cullface": "up" }
			}
		},
		{
			"from": [ 3.5, 26.1, 4 ],
			"to": [ 4.5, 27.1, 12 ],
			"faces": {
				"down": { "uv": [ 1, 1, 2, 9 ], "texture": "#0", "cullface": "up" },
				"north": { "uv": [ 0, 0, 1, 1 ], "texture": "#0", "cullface": "up" },
				"south": { "uv": [ 0, 0, 1, 1 ], "texture": "#0", "cullface": "up" },
				"west": { "uv": [ 0, 0, 8, 1 ], "texture": "#0", "cullface": "up" },
				"east": { "uv": [ 0, 0, 8, 1 ], "texture": "#0", "cullface": "up" }
			}
		},
		{
			"from": [ 11.5, 26.1, 4 ],
			"to": [ 12.5, 27.1, 12 ],
			"faces": {
				"down": { "uv": [ 1, 1, 2, 9 ], "texture": "#0", "cullface": "up" },
				"north": { "uv": [ 0, 0, 1, 1 ], "texture": "#0", "cullface": "up" },
				"south": { "uv": [ 0, 0, 1, 1 ], "texture": "#0", "cullface": "up" },
				"west": { "uv": [ 0, 0, 8, 1 ], "texture": "#0", "cullface": "up" },
				"east": { "uv": [ 0, 0, 8, 1 ], "texture": "#0", "cullface": "up" }
			}
		},
		{
			"from": [ 4, 26.1, 3.5 ],
			"to": [ 12, 27.1, 4.5 ],
			"faces": {
				"down": { "uv": [ 1, 1, 9, 2 ], "texture": "#0", "cullface": "up" },
				"north": { "uv": [ 0, 0, 8, 1 ], "texture": "#0", "cullface": "up" },
				"south": { "uv": [ 0, 0, 8, 1 ], "texture": "#0", "cullface": "up" },
				"west": { "uv": [ 0, 0, 1, 1 ], "texture": "#0", "cullface": "up" },
				"east": { "uv": [ 0, 0, 1, 1 ], "texture": "#0", "cullface": "up" }
			}
		},
		{
			"from": [ 4, 26.1, 11.5 ],
			"to": [ 12, 27.1, 12.5 ],
			"faces": {
				"down": { "uv": [ 1, 1, 9, 2 ], "texture": "#0", "cullface": "up" },
				"north": { "uv": [ 0, 0, 8, 1 ], "texture": "#0", "cullface": "up" },
				"south": { "uv": [ 0, 0, 8, 1 ], "texture": "#0", "cullface": "up" },
				"west": { "uv": [ 0, 0, 1, 1 ], "texture": "#0", "cullface": "up" },
				"east": { "uv": [ 0, 0, 1, 1 ], "texture": "#0", "cullface": "up" }
			}
		},
		{
			"from": [ 7, 26, 11.9 ],
			"to": [ 9, 27, 12.9 ],
			"rotation": { "origin": [ 8, 8, 8 ], "axis": "y", "angle": -45 },
			"faces": {
				"down": { "uv": [ 1, 1, 3, 2 ], "texture": "#0", "cullface": "up" },
				"up": { "uv": [ 1, 1, 3, 2 ], "texture": "#0", "cullface": "up" },
				"north": { "uv": [ 0, 0, 2, 1 ], "texture": "#0", "cullface": "up" },
				"south": { "uv": [ 0, 0, 2, 1 ], "texture": "#0", "cullface": "up" }
			}
		},
		{
			"from": [ 7, 26, 11.9 ],
			"to": [ 9, 27, 12.9 ],
			"rotation": { "origin": [ 8, 8, 8 ], "axis": "y", "angle": 45 },
			"faces": {
				"down": { "uv": [ 1, 1, 3, 2 ], "texture": "#0", "cullface": "up" },
				"up": { "uv": [ 1, 1, 3, 2 ], "texture": "#0", "cullface": "up" },
				"north": { "uv": [ 0, 0, 2, 1 ], "texture": "#0", "cullface": "up" },
				"south": { "uv": [ 0, 0, 2, 1 ], "texture": "#0", "cullface": "up" }
			}
		},
		{
			"from": [ 7, 26, 3.1 ],
			"to": [ 9, 27, 4.1 ],
			"rotation": { "origin": [ 8, 8, 8 ], "axis": "y", "angle": 45 },
			"faces": {
				"down": { "uv": [ 1, 1, 3, 2 ], "texture": "#0", "cullface": "up" },
				"up": { "uv": [ 1, 1, 3, 2 ], "texture": "#0", "cullface": "up" },
				"north": { "uv": [ 0, 0, 2, 1 ], "texture": "#0", "cullface": "up" },
				"south": { "uv": [ 0, 0, 2, 1 ], "texture": "#0", "cullface": "up" }
			}
		},
		{
			"from": [ 7, 26, 3.1 ],
			"to": [ 9, 27, 4.1 ],
			"rotation": { "origin": [ 8, 8, 8 ], "axis": "y", "angle": -45 },
			"faces": {
				"down": { "uv": [ 1, 1, 3, 2 ], "texture": "#0", "cullface": "up" },
				"up": { "uv": [ 1, 1, 3, 2 ], "texture": "#0", "cullface": "up" },
				"north": { "uv": [ 0, 0, 2, 1 ], "texture": "#0", "cullface": "up" },
				"south": { "uv": [ 0, 0, 2, 1 ], "texture": "#0", "cullface": "up" }
			}
		},
		{
			"from": [ 7, 28, 11.5 ],
			"to": [ 9, 30, 12.5 ],
			"faces": {
				"up": { "uv": [ 10, 12, 12, 13 ], "texture": "#0", "cullface": "up" },
				"north": { "uv": [ 9, 14, 11, 16 ], "texture": "#0", "cullface": "up" },
				"south": { "uv": [ 10, 14, 12, 16 ], "texture": "#0", "cullface": "up" },
				"west": { "uv": [ 10, 14, 11, 16 ], "texture": "#0", "cullface": "up" },
				"east": { "uv": [ 10, 14, 11, 16 ], "texture": "#0", "cullface": "up" }
			}
		},
		{
			"from": [ 11.5, 28, 7 ],
			"to": [ 12.5, 30, 9 ],
			"faces": {
				"up": { "uv": [ 10, 12, 11, 14 ], "texture": "#0", "cullface": "up" },
				"north": { "uv": [ 9, 14, 10, 16 ], "texture": "#0", "cullface": "up" },
				"south": { "uv": [ 10, 14, 11, 16 ], "texture": "#0", "cullface": "up" },
				"west": { "uv": [ 10, 14, 12, 16 ], "texture": "#0", "cullface": "up" },
				"east": { "uv": [ 10, 14, 12, 16 ], "texture": "#0", "cullface": "up" }
			}
		},
		{
			"from": [ 3.5, 28, 7 ],
			"to": [ 4.5, 30, 9 ],
			"faces": {
				"up": { "uv": [ 10, 12, 11, 14 ], "texture": "#0", "cullface": "up" },
				"north": { "uv": [ 9, 14, 10, 16 ], "texture": "#0", "cullface": "up" },
				"south": { "uv": [ 10, 14, 11, 16 ], "texture": "#0", "cullface": "up" },
				"west": { "uv": [ 10, 14, 12, 16 ], "texture": "#0", "cullface": "up" },
				"east": { "uv": [ 10, 14, 12, 16 ], "texture": "#0", "cullface": "up" }
			}
		}
	],
	"display": {
		"head": {
			"translation":  [ 0, -67, 0 ],
			"scale":  [ 2, 2, 2 ]
		}
	}
}