{
	"__comment": "Model generated using MrCrayfish's Model Creator (http://mrcrayfish.com/modelcreator/)",
	"textures": {
		"0": "blocks/ice"
	},
	"elements": [ 	 
		{
			"from": [ 4, 12, 4 ],
			"to": [ 12, 19, 12 ],
			"faces": {
				"up": { "uv": [ 0, 0, 8, 8 ], "texture": "#0", "cullface": "up" },
				"north": { "uv": [ 0, 0, 8, 7 ], "texture": "#0", "cullface": "up" },
				"south": { "uv": [ 0, 0, 8, 7 ], "texture": "#0", "cullface": "up" },
				"west": { "uv": [ 0, 0, 8, 7 ], "texture": "#0", "cullface": "up" },
				"east": { "uv": [ 0, 0, 8, 7 ], "texture": "#0", "cullface": "up" }
			}
		},
		{
			"from": [ 16, 4, 4 ],
			"to": [ 24, 12, 12 ],
			"rotation": { "origin": [ 8, 8, 8 ], "axis": "z", "angle": -22.5 },
			"faces": {
				"down": { "uv": [ 0, 0, 8, 8 ], "texture": "#0", "cullface": "east" },
				"up": { "uv": [ 0, 0, 8, 8 ], "texture": "#0", "cullface": "east" },
				"north": { "uv": [ 0, 0, 8, 8 ], "texture": "#0", "cullface": "east" },
				"south": { "uv": [ 0, 0, 8, 8 ], "texture": "#0", "cullface": "east" },
				"west": { "uv": [ 0, 0, 8, 8 ], "texture": "#0", "cullface": "east" },
				"east": { "uv": [ 0, 0, 8, 8 ], "texture": "#0", "cullface": "east" }
			}
		},
		{
			"from": [ -8, 4, 4 ],
			"to": [ 0, 12, 12 ],
			"rotation": { "origin": [ 8, 8, 8 ], "axis": "z", "angle": 22.5 },
			"faces": {
				"down": { "uv": [ 0, 0, 8, 8 ], "texture": "#0", "cullface": "west" },
				"up": { "uv": [ 0, 0, 8, 8 ], "texture": "#0", "cullface": "west" },
				"north": { "uv": [ 0, 0, 8, 8 ], "texture": "#0", "cullface": "west" },
				"south": { "uv": [ 0, 0, 8, 8 ], "texture": "#0", "cullface": "west" },
				"west": { "uv": [ 0, 0, 8, 8 ], "texture": "#0", "cullface": "west" },
				"east": { "uv": [ 0, 0, 8, 8 ], "texture": "#0", "cullface": "west" }
			}
		},
		{
			"from": [ 4, 4, -8 ],
			"to": [ 12, 12, 0 ],
			"rotation": { "origin": [ 8, 8, 8 ], "axis": "x", "angle": -22.5 },
			"faces": {
				"down": { "uv": [ 0, 0, 8, 8 ], "texture": "#0", "cullface": "north" },
				"up": { "uv": [ 0, 0, 8, 8 ], "texture": "#0", "cullface": "north" },
				"north": { "uv": [ 0, 0, 8, 8 ], "texture": "#0", "cullface": "north" },
				"south": { "uv": [ 0, 0, 8, 8 ], "texture": "#0", "cullface": "north" },
				"west": { "uv": [ 0, 0, 8, 8 ], "texture": "#0", "cullface": "north" },
				"east": { "uv": [ 0, 0, 8, 8 ], "texture": "#0", "cullface": "north" }
			}
		},
		{
			"from": [ 4, 4, 16 ],
			"to": [ 12, 12, 24 ],
			"rotation": { "origin": [ 8, 8, 8 ], "axis": "x", "angle": 22.5 },
			"faces": {
				"down": { "uv": [ 0, 0, 8, 8 ], "texture": "#0", "cullface": "south" },
				"up": { "uv": [ 0, 0, 8, 8 ], "texture": "#0", "cullface": "south" },
				"north": { "uv": [ 0, 0, 8, 8 ], "texture": "#0", "cullface": "south" },
				"south": { "uv": [ 0, 0, 8, 8 ], "texture": "#0", "cullface": "south" },
				"west": { "uv": [ 0, 0, 8, 8 ], "texture": "#0", "cullface": "south" },
				"east": { "uv": [ 0, 0, 8, 8 ], "texture": "#0", "cullface": "south" }
			}
		},
		{
			"from": [ -6, 0, 4 ],
			"to": [ 2, 8, 12 ],
			"rotation": { "origin": [ 8, 8, 8 ], "axis": "y", "angle": -45 },
			"faces": {
				"down": { "uv": [ 0, 0, 8, 8 ], "texture": "#0" },
				"up": { "uv": [ 0, 0, 8, 8 ], "texture": "#0" },
				"north": { "uv": [ 0, 0, 8, 8 ], "texture": "#0" },
				"south": { "uv": [ 0, 0, 8, 8 ], "texture": "#0" },
				"west": { "uv": [ 0, 0, 8, 8 ], "texture": "#0" },
				"east": { "uv": [ 0, 0, 8, 8 ], "texture": "#0" }
			}
		},
		{
			"from": [ 14, 0, 4 ],
			"to": [ 22, 8, 12 ],
			"rotation": { "origin": [ 8, 8, 8 ], "axis": "y", "angle": -45 },
			"faces": {
				"down": { "uv": [ 0, 0, 8, 8 ], "texture": "#0" },
				"up": { "uv": [ 0, 0, 8, 8 ], "texture": "#0" },
				"north": { "uv": [ 0, 0, 8, 8 ], "texture": "#0" },
				"south": { "uv": [ 0, 0, 8, 8 ], "texture": "#0" },
				"west": { "uv": [ 0, 0, 8, 8 ], "texture": "#0" },
				"east": { "uv": [ 0, 0, 8, 8 ], "texture": "#0" }
			}
		},
		{
			"from": [ -6, 0, 4 ],
			"to": [ 2, 8, 12 ],
			"rotation": { "origin": [ 8, 8, 8 ], "axis": "y", "angle": 45 },
			"faces": {
				"down": { "uv": [ 0, 0, 8, 8 ], "texture": "#0" },
				"up": { "uv": [ 0, 0, 8, 8 ], "texture": "#0" },
				"north": { "uv": [ 0, 0, 8, 8 ], "texture": "#0" },
				"south": { "uv": [ 0, 0, 8, 8 ], "texture": "#0" },
				"west": { "uv": [ 0, 0, 8, 8 ], "texture": "#0" },
				"east": { "uv": [ 0, 0, 8, 8 ], "texture": "#0" }
			}
		},
		{
			"from": [ 14, 0, 4 ],
			"to": [ 22, 8, 12 ],
			"rotation": { "origin": [ 8, 8, 8 ], "axis": "y", "angle": 45 },
			"faces": {
				"down": { "uv": [ 0, 0, 8, 8 ], "texture": "#0" },
				"up": { "uv": [ 0, 0, 8, 8 ], "texture": "#0" },
				"north": { "uv": [ 0, 0, 8, 8 ], "texture": "#0" },
				"south": { "uv": [ 0, 0, 8, 8 ], "texture": "#0" },
				"west": { "uv": [ 0, 0, 8, 8 ], "texture": "#0" },
				"east": { "uv": [ 0, 0, 8, 8 ], "texture": "#0" }
			}
		},
		{
			"from": [ 10, 10, 3 ],
			"to": [ 18, 18, 13 ],
			"rotation": { "origin": [ 8, 8, 8 ], "axis": "z", "angle": -45 },
			"faces": {
				"down": { "uv": [ 0, 0, 8, 10 ], "texture": "#0", "cullface": "east" },
				"up": { "uv": [ 0, 0, 8, 10 ], "texture": "#0", "cullface": "east" },
				"north": { "uv": [ 0, 0, 8, 8 ], "texture": "#0", "cullface": "east" },
				"south": { "uv": [ 0, 0, 8, 8 ], "texture": "#0", "cullface": "east" },
				"west": { "uv": [ 0, 0, 10, 8 ], "texture": "#0", "cullface": "east" },
				"east": { "uv": [ 0, 0, 10, 8 ], "texture": "#0", "cullface": "east" }
			}
		},
		{
			"from": [ -2, 10, 3 ],
			"to": [ 6, 18, 13 ],
			"rotation": { "origin": [ 8, 8, 8 ], "axis": "z", "angle": 45 },
			"faces": {
				"down": { "uv": [ 0, 0, 8, 10 ], "texture": "#0", "cullface": "west" },
				"up": { "uv": [ 0, 0, 8, 10 ], "texture": "#0", "cullface": "west" },
				"north": { "uv": [ 0, 0, 8, 8 ], "texture": "#0", "cullface": "west" },
				"south": { "uv": [ 0, 0, 8, 8 ], "texture": "#0", "cullface": "west" },
				"west": { "uv": [ 0, 0, 10, 8 ], "texture": "#0", "cullface": "west" },
				"east": { "uv": [ 0, 0, 10, 8 ], "texture": "#0", "cullface": "west" }
			}
		},
		{
			"from": [ 3, 10, -2 ],
			"to": [ 13, 18, 6 ],
			"rotation": { "origin": [ 8, 8, 8 ], "axis": "x", "angle": -45 },
			"faces": {
				"down": { "uv": [ 0, 0, 10, 8 ], "texture": "#0", "cullface": "north" },
				"up": { "uv": [ 0, 0, 10, 8 ], "texture": "#0", "cullface": "north" },
				"north": { "uv": [ 0, 0, 10, 8 ], "texture": "#0", "cullface": "north" },
				"south": { "uv": [ 0, 0, 10, 8 ], "texture": "#0", "cullface": "north" },
				"west": { "uv": [ 0, 0, 8, 8 ], "texture": "#0", "cullface": "north" },
				"east": { "uv": [ 0, 0, 8, 8 ], "texture": "#0", "cullface": "north" }
			}
		},
		{
			"from": [ 3, 10, 10 ],
			"to": [ 13, 18, 18 ],
			"rotation": { "origin": [ 8, 8, 8 ], "axis": "x", "angle": 45 },
			"faces": {
				"down": { "uv": [ 0, 0, 10, 8 ], "texture": "#0", "cullface": "south" },
				"up": { "uv": [ 0, 0, 10, 8 ], "texture": "#0", "cullface": "south" },
				"north": { "uv": [ 0, 0, 10, 8 ], "texture": "#0", "cullface": "south" },
				"south": { "uv": [ 0, 0, 10, 8 ], "texture": "#0", "cullface": "south" },
				"west": { "uv": [ 0, 0, 8, 8 ], "texture": "#0", "cullface": "south" },
				"east": { "uv": [ 0, 0, 8, 8 ], "texture": "#0", "cullface": "south" }
			}
		},
		{
			"from": [ 0, 7, 0 ],
			"to": [ 16, 12, 16 ],
			"faces": {
				"down": { "uv": [ 0, 0, 16, 16 ], "texture": "#0" },
				"up": { "uv": [ 0, 0, 16, 16 ], "texture": "#0" },
				"north": { "uv": [ 0, 0, 16, 5 ], "texture": "#0", "cullface": "north" },
				"south": { "uv": [ 0, 0, 16, 5 ], "texture": "#0", "cullface": "south" },
				"west": { "uv": [ 0, 0, 16, 5 ], "texture": "#0", "cullface": "west" },
				"east": { "uv": [ 0, 0, 16, 5 ], "texture": "#0", "cullface": "east" }
			}
		},
		{
			"from": [ -1, 7, 3.5 ],
			"to": [ 5, 15, 12.5 ],
			"rotation": { "origin": [ 8, 8, 8 ], "axis": "z", "angle": -22.5 },
			"faces": {
				"down": { "uv": [ 0, 0, 6, 9 ], "texture": "#0", "cullface": "west" },
				"up": { "uv": [ 0, 0, 6, 9 ], "texture": "#0", "cullface": "west" },
				"north": { "uv": [ 0, 0, 6, 8 ], "texture": "#0", "cullface": "west" },
				"south": { "uv": [ 0, 0, 6, 8 ], "texture": "#0", "cullface": "west" },
				"west": { "uv": [ 0, 0, 9, 8 ], "texture": "#0", "cullface": "west" },
				"east": { "uv": [ 0, 0, 9, 8 ], "texture": "#0", "cullface": "west" }
			}
		},
		{
			"from": [ 11, 7, 3.5 ],
			"to": [ 17, 15, 12.5 ],
			"rotation": { "origin": [ 8, 8, 8 ], "axis": "z", "angle": 22.5 },
			"faces": {
				"down": { "uv": [ 0, 0, 6, 9 ], "texture": "#0", "cullface": "east" },
				"up": { "uv": [ 0, 0, 6, 9 ], "texture": "#0", "cullface": "east" },
				"north": { "uv": [ 0, 0, 6, 8 ], "texture": "#0", "cullface": "east" },
				"south": { "uv": [ 0, 0, 6, 8 ], "texture": "#0", "cullface": "east" },
				"west": { "uv": [ 0, 0, 9, 8 ], "texture": "#0", "cullface": "east" },
				"east": { "uv": [ 0, 0, 9, 8 ], "texture": "#0", "cullface": "east" }
			}
		},
		{
			"from": [ 3.5, 7, 11 ],
			"to": [ 12.5, 15, 17 ],
			"rotation": { "origin": [ 8, 8, 8 ], "axis": "x", "angle": -22.5 },
			"faces": {
				"down": { "uv": [ 0, 0, 9, 6 ], "texture": "#0", "cullface": "south" },
				"up": { "uv": [ 0, 0, 9, 6 ], "texture": "#0", "cullface": "south" },
				"north": { "uv": [ 0, 0, 9, 8 ], "texture": "#0", "cullface": "south" },
				"south": { "uv": [ 0, 0, 9, 8 ], "texture": "#0", "cullface": "south" },
				"west": { "uv": [ 0, 0, 6, 8 ], "texture": "#0", "cullface": "south" },
				"east": { "uv": [ 0, 0, 6, 8 ], "texture": "#0", "cullface": "south" }
			}
		},
		{
			"from": [ 3.5, 7, -1 ],
			"to": [ 12.5, 15, 5 ],
			"rotation": { "origin": [ 8, 8, 8 ], "axis": "x", "angle": 22.5 },
			"faces": {
				"down": { "uv": [ 0, 0, 9, 6 ], "texture": "#0", "cullface": "north" },
				"up": { "uv": [ 0, 0, 9, 6 ], "texture": "#0", "cullface": "north" },
				"north": { "uv": [ 0, 0, 9, 8 ], "texture": "#0", "cullface": "north" },
				"south": { "uv": [ 0, 0, 9, 8 ], "texture": "#0", "cullface": "north" },
				"west": { "uv": [ 0, 0, 6, 8 ], "texture": "#0", "cullface": "north" },
				"east": { "uv": [ 0, 0, 6, 8 ], "texture": "#0", "cullface": "north" }
			}
		},
		{
			"from": [ 4, 0, 4 ],
			"to": [ 12, 7, 12 ],
			"faces": {
				"down": { "uv": [ 0, 0, 8, 8 ], "texture": "#0", "cullface": "down" },
				"north": { "uv": [ 0, 0, 8, 7 ], "texture": "#0" },
				"south": { "uv": [ 0, 0, 8, 7 ], "texture": "#0" },
				"west": { "uv": [ 0, 0, 8, 7 ], "texture": "#0" },
				"east": { "uv": [ 0, 0, 8, 7 ], "texture": "#0" }
			}
		},
		{
			"from": [ 5, 18.8, 5 ],
			"to": [ 11, 20, 11 ],
			"rotation": { "origin": [ 8, 8, 8 ], "axis": "y", "angle": -22.5 },
			"faces": {
				"up": { "uv": [ 0, 0, 6, 6 ], "texture": "#0", "cullface": "up" },
				"north": { "uv": [ 0, 0, 6, 1.2 ], "texture": "#0", "cullface": "up" },
				"south": { "uv": [ 0, 0, 6, 1.2 ], "texture": "#0", "cullface": "up" },
				"west": { "uv": [ 0, 0, 6, 1.2 ], "texture": "#0", "cullface": "up" },
				"east": { "uv": [ 0, 0, 6, 1.2 ], "texture": "#0", "cullface": "up" }
			}
		},
		{
			"from": [ 5, 18.8, 5 ],
			"to": [ 11, 20.2, 11 ],
			"rotation": { "origin": [ 8, 8, 8 ], "axis": "y", "angle": 22.5 },
			"faces": {
				"up": { "uv": [ 0, 0, 6, 6 ], "texture": "#0", "cullface": "up" },
				"north": { "uv": [ 0, 0, 6, 1.4 ], "texture": "#0", "cullface": "up" },
				"south": { "uv": [ 0, 0, 6, 1.4 ], "texture": "#0", "cullface": "up" },
				"west": { "uv": [ 0, 0, 6, 1.4 ], "texture": "#0", "cullface": "up" },
				"east": { "uv": [ 0, 0, 6, 1.4 ], "texture": "#0", "cullface": "up" }
			}
		},
		{
			"from": [ 6, 19.8, 6 ],
			"to": [ 10, 21, 10 ],
			"rotation": { "origin": [ 8, 8, 8 ], "axis": "y", "angle": -45 },
			"faces": {
				"down": { "uv": [ 0, 0, 4, 4 ], "texture": "#0", "cullface": "up" },
				"up": { "uv": [ 0, 0, 4, 4 ], "texture": "#0", "cullface": "up" },
				"north": { "uv": [ 0, 0, 4, 1.2 ], "texture": "#0", "cullface": "up" },
				"south": { "uv": [ 0, 0, 4, 1.2 ], "texture": "#0", "cullface": "up" },
				"west": { "uv": [ 0, 0, 4, 1.2 ], "texture": "#0", "cullface": "up" },
				"east": { "uv": [ 0, 0, 4, 1.2 ], "texture": "#0", "cullface": "up" }
			}
		},
		{
			"from": [ 6, 19.8, 6 ],
			"to": [ 10, 21.2, 10 ],
			"faces": {
				"down": { "uv": [ 0, 0, 4, 4 ], "texture": "#0", "cullface": "up" },
				"up": { "uv": [ 0, 0, 4, 4 ], "texture": "#0", "cullface": "up" },
				"north": { "uv": [ 0, 0, 4, 1.4 ], "texture": "#0", "cullface": "up" },
				"south": { "uv": [ 0, 0, 4, 1.4 ], "texture": "#0", "cullface": "up" },
				"west": { "uv": [ 0, 0, 4, 1.4 ], "texture": "#0", "cullface": "up" },
				"east": { "uv": [ 0, 0, 4, 1.4 ], "texture": "#0", "cullface": "up" }
			}
		}
	],
	"display": {
		"gui": {
			"scale":  [ 0.5, 0.75, 0.5 ]
		},
		"head": {
			"translation":  [ 0, 5, 0 ],
			"scale":  [ 3.5, 4, 3.5 ]
		}
	}
}