{
	"__comment": "Model generated using MrCrayfish's Model Creator (http://mrcrayfish.com/modelcreator/)",
	"textures": {
		"0": "custom/snow"
	},
	"elements": [ 	 
		{
			"from": [ 1, 0, 0 ],
			"to": [ 7, 1, 6 ],
			"faces": {
				"down": { "uv": [ 0, 0, 6, 6 ], "texture": "#0", "cullface": "down" },
				"up": { "uv": [ 0, 0, 6, 6 ], "texture": "#0" },
				"north": { "uv": [ 0, 0, 6, 1 ], "texture": "#0", "cullface": "north" },
				"south": { "uv": [ 0, 0, 6, 1 ], "texture": "#0" },
				"west": { "uv": [ 0, 0, 6, 1 ], "texture": "#0" },
				"east": { "uv": [ 0, 0, 6, 1 ], "texture": "#0" }
			}
		},
		{
			"from": [ 9, 0, 9 ],
			"to": [ 14, 1, 14 ],
			"faces": {
				"down": { "uv": [ 0, 0, 5, 5 ], "texture": "#0", "cullface": "down" },
				"up": { "uv": [ 0, 0, 5, 5 ], "texture": "#0" },
				"north": { "uv": [ 0, 0, 5, 1 ], "texture": "#0" },
				"south": { "uv": [ 0, 0, 5, 1 ], "texture": "#0" },
				"west": { "uv": [ 0, 0, 5, 1 ], "texture": "#0" },
				"east": { "uv": [ 0, 0, 5, 1 ], "texture": "#0" }
			}
		},
		{
			"from": [ 10, 0, 4 ],
			"to": [ 15, 1, 9 ],
			"faces": {
				"down": { "uv": [ 0, 0, 5, 5 ], "texture": "#0", "cullface": "down" },
				"up": { "uv": [ 0, 0, 5, 5 ], "texture": "#0" },
				"north": { "uv": [ 0, 0, 5, 1 ], "texture": "#0" },
				"south": { "uv": [ 0, 0, 5, 1 ], "texture": "#0" },
				"west": { "uv": [ 0, 0, 5, 1 ], "texture": "#0" },
				"east": { "uv": [ 0, 0, 5, 1 ], "texture": "#0" }
			}
		},
		{
			"from": [ 2, 0, 8 ],
			"to": [ 7, 1, 13 ],
			"faces": {
				"down": { "uv": [ 0, 0, 5, 5 ], "texture": "#0", "cullface": "down" },
				"up": { "uv": [ 0, 0, 5, 5 ], "texture": "#0" },
				"north": { "uv": [ 0, 0, 5, 1 ], "texture": "#0" },
				"south": { "uv": [ 0, 0, 5, 1 ], "texture": "#0" },
				"west": { "uv": [ 0, 0, 5, 1 ], "texture": "#0" },
				"east": { "uv": [ 0, 0, 5, 1 ], "texture": "#0" }
			}
		},
		{
			"from": [ 3, 0, 13 ],
			"to": [ 8, 1, 15 ],
			"faces": {
				"down": { "uv": [ 0, 0, 5, 2 ], "texture": "#0", "cullface": "down" },
				"up": { "uv": [ 0, 0, 5, 2 ], "texture": "#0" },
				"north": { "uv": [ 0, 0, 5, 1 ], "texture": "#0" },
				"south": { "uv": [ 0, 0, 5, 1 ], "texture": "#0" },
				"west": { "uv": [ 0, 0, 5, 1 ], "texture": "#0" }
			}
		},
		{
			"from": [ 0, 0, 6 ],
			"to": [ 5, 1, 8 ],
			"faces": {
				"down": { "uv": [ 0, 0, 5, 5 ], "texture": "#0", "cullface": "down" },
				"up": { "uv": [ 0, 0, 5, 2 ], "texture": "#0" },
				"north": { "uv": [ 0, 0, 5, 1 ], "texture": "#0" },
				"south": { "uv": [ 0, 0, 5, 1 ], "texture": "#0" },
				"west": { "uv": [ 0, 0, 5, 1 ], "texture": "#0", "cullface": "west" },
				"east": { "uv": [ 0, 0, 5, 1 ], "texture": "#0" }
			}
		},
		{
			"from": [ 7, 0, 1 ],
			"to": [ 12, 1, 4 ],
			"faces": {
				"down": { "uv": [ 0, 0, 5, 5 ], "texture": "#0", "cullface": "down" },
				"up": { "uv": [ 0, 0, 5, 3 ], "texture": "#0" },
				"north": { "uv": [ 0, 0, 5, 1 ], "texture": "#0" },
				"south": { "uv": [ 0, 0, 5, 1 ], "texture": "#0" },
				"east": { "uv": [ 0, 0, 5, 1 ], "texture": "#0" }
			}
		},
		{
			"from": [ 9, 1, 6 ],
			"to": [ 14, 2, 9 ],
			"faces": {
				"down": { "uv": [ 0, 0, 5, 5 ], "texture": "#0" },
				"up": { "uv": [ 0, 0, 5, 3 ], "texture": "#0" },
				"north": { "uv": [ 0, 0, 5, 1 ], "texture": "#0" },
				"south": { "uv": [ 0, 0, 5, 1 ], "texture": "#0" },
				"west": { "uv": [ 0, 0, 5, 1 ], "texture": "#0" },
				"east": { "uv": [ 0, 0, 5, 1 ], "texture": "#0" }
			}
		},
		{
			"from": [ 2, 1, 4 ],
			"to": [ 7, 2, 7 ],
			"faces": {
				"down": { "uv": [ 0, 0, 5, 5 ], "texture": "#0" },
				"up": { "uv": [ 0, 0, 5, 3 ], "texture": "#0" },
				"north": { "uv": [ 0, 0, 5, 1 ], "texture": "#0" },
				"south": { "uv": [ 0, 0, 5, 1 ], "texture": "#0" },
				"west": { "uv": [ 0, 0, 5, 1 ], "texture": "#0" },
				"east": { "uv": [ 0, 0, 5, 1 ], "texture": "#0" }
			}
		},
		{
			"from": [ 4, 1, 12 ],
			"to": [ 7, 2, 14 ],
			"faces": {
				"down": { "uv": [ 0, 0, 3, 2 ], "texture": "#0" },
				"up": { "uv": [ 0, 0, 3, 2 ], "texture": "#0" },
				"north": { "uv": [ 0, 0, 3, 1 ], "texture": "#0" },
				"south": { "uv": [ 0, 0, 3, 1 ], "texture": "#0" },
				"west": { "uv": [ 0, 0, 2, 1 ], "texture": "#0" },
				"east": { "uv": [ 0, 0, 2, 1 ], "texture": "#0" }
			}
		},
		{
			"from": [ 8, 0, 13 ],
			"to": [ 9, 1, 15 ],
			"faces": {
				"down": { "uv": [ 0, 0, 1, 2 ], "texture": "#0", "cullface": "down" },
				"up": { "uv": [ 0, 0, 1, 2 ], "texture": "#0" },
				"north": { "uv": [ 0, 0, 1, 1 ], "texture": "#0" },
				"south": { "uv": [ 0, 0, 1, 1 ], "texture": "#0" },
				"east": { "uv": [ 0, 0, 2, 1 ], "texture": "#0" }
			}
		},
		{
			"from": [ 1, 0, 10 ],
			"to": [ 2, 1, 12 ],
			"faces": {
				"down": { "uv": [ 0, 0, 1, 2 ], "texture": "#0", "cullface": "down" },
				"up": { "uv": [ 0, 0, 1, 2 ], "texture": "#0" },
				"north": { "uv": [ 0, 0, 1, 1 ], "texture": "#0" },
				"south": { "uv": [ 0, 0, 1, 1 ], "texture": "#0" },
				"west": { "uv": [ 0, 0, 2, 1 ], "texture": "#0" }
			}
		},
		{
			"from": [ 14, 0, 9 ],
			"to": [ 15, 1, 11 ],
			"faces": {
				"down": { "uv": [ 0, 0, 1, 2 ], "texture": "#0", "cullface": "down" },
				"up": { "uv": [ 0, 0, 1, 2 ], "texture": "#0" },
				"south": { "uv": [ 0, 0, 1, 1 ], "texture": "#0" },
				"east": { "uv": [ 0, 0, 2, 1 ], "texture": "#0" }
			}
		},
		{
			"from": [ 10, 1, 11 ],
			"to": [ 12, 2, 14 ],
			"faces": {
				"up": { "uv": [ 0, 0, 2, 3 ], "texture": "#0" },
				"north": { "uv": [ 0, 0, 2, 1 ], "texture": "#0" },
				"south": { "uv": [ 0, 0, 2, 1 ], "texture": "#0" },
				"west": { "uv": [ 0, 0, 3, 1 ], "texture": "#0" },
				"east": { "uv": [ 0, 0, 3, 1 ], "texture": "#0" }
			}
		},
		{
			"from": [ 8, 1, 2 ],
			"to": [ 10, 2, 5 ],
			"faces": {
				"down": { "uv": [ 0, 0, 2, 3 ], "texture": "#0" },
				"up": { "uv": [ 0, 0, 2, 3 ], "texture": "#0" },
				"north": { "uv": [ 0, 0, 2, 1 ], "texture": "#0" },
				"south": { "uv": [ 0, 0, 2, 1 ], "texture": "#0" },
				"west": { "uv": [ 0, 0, 3, 1 ], "texture": "#0" },
				"east": { "uv": [ 0, 0, 3, 1 ], "texture": "#0" }
			}
		},
		{
			"from": [ 4, 1, 2 ],
			"to": [ 6, 2, 4 ],
			"faces": {
				"up": { "uv": [ 0, 0, 2, 2 ], "texture": "#0" },
				"north": { "uv": [ 0, 0, 2, 1 ], "texture": "#0" },
				"west": { "uv": [ 0, 0, 2, 1 ], "texture": "#0" },
				"east": { "uv": [ 0, 0, 2, 1 ], "texture": "#0" }
			}
		}
	],
	"display": {
		"head": {
			"translation":  [ 0, -66, 0 ],
			"scale":  [ 1.7, 1.7, 1.7 ]
		}
	}
}