{
	"__comment": "Model generated using MrCrayfish's Model Creator (http://mrcrayfish.coitem/map/modelcreator/)",
	"textures": {
		"0": "blocks/wool_colored_purple"
	},
	"elements": [ 	 
		{
			"from": [ 7.9, 3, 4.1 ],
			"to": [ 8.199999, 4, 4.6 ],
			"faces": {
				"down": { "uv": [ 0, 0, 0.3, 0.5 ], "texture": "#0" },
				"up": { "uv": [ 0, 0, 0.3, 0.5 ], "texture": "#0" },
				"north": { "uv": [ 0, 0, 0.3, 1 ], "texture": "#0" },
				"south": { "uv": [ 0, 0, 0.3, 1 ], "texture": "#0" },
				"east": { "uv": [ 0, 0, 0.5, 1 ], "texture": "#0" }
			}
		},
		{
			"from": [ 7.5, 2.7, 4 ],
			"to": [ 7.9, 4, 4.5 ],
			"faces": {
				"down": { "uv": [ 0, 0, 0.4, 0.5 ], "texture": "#0" },
				"up": { "uv": [ 0, 0, 0.4, 0.5 ], "texture": "#0" },
				"north": { "uv": [ 0, 0, 0.4, 1.3 ], "texture": "#0" },
				"south": { "uv": [ 0, 0, 0.4, 1.3 ], "texture": "#0" },
				"west": { "uv": [ 0, 0, 0.5, 1.3 ], "texture": "#0" },
				"east": { "uv": [ 0, 0, 0.5, 1.3 ], "texture": "#0" }
			}
		},
		{
			"from": [ 7.1, 1.9, 4 ],
			"to": [ 7.5, 3.6, 4.5 ],
			"faces": {
				"down": { "uv": [ 0, 0, 0.4, 0.5 ], "texture": "#0" },
				"up": { "uv": [ 0, 0, 0.4, 0.5 ], "texture": "#0" },
				"north": { "uv": [ 0, 0, 0.4, 1.7 ], "texture": "#0" },
				"south": { "uv": [ 0, 0, 0.4, 1.7 ], "texture": "#0" },
				"west": { "uv": [ 0, 0, 0.5, 1.7 ], "texture": "#0" },
				"east": { "uv": [ 0, 0, 0.5, 1.7 ], "texture": "#0" }
			}
		},
		{
			"from": [ 6.5, 1.9, 4.1 ],
			"to": [ 6.9, 3.6, 4.6 ],
			"rotation": { "origin": [ 6.7, 1.9, 4 ], "axis": "z", "angle": -22.5 },
			"faces": {
				"down": { "uv": [ 0, 0, 0.4, 0.5 ], "texture": "#0" },
				"north": { "uv": [ 0, 0, 0.4, 1.7 ], "texture": "#0" },
				"south": { "uv": [ 0, 0, 0.4, 1.7 ], "texture": "#0" },
				"west": { "uv": [ 0, 0, 0.5, 1.7 ], "texture": "#0" },
				"east": { "uv": [ 0, 0, 0.5, 1.7 ], "texture": "#0" }
			}
		},
		{
			"from": [ 6.9, 2.8, 3.8 ],
			"to": [ 7.3, 3.8, 4.3 ],
			"rotation": { "origin": [ 7.9, 3, 4.1 ], "axis": "z", "angle": -22.5 },
			"faces": {
				"down": { "uv": [ 0, 0, 0.4, 0.5 ], "texture": "#0" },
				"up": { "uv": [ 0, 0, 0.4, 0.5 ], "texture": "#0" },
				"north": { "uv": [ 6, 3, 6.4, 4 ], "texture": "#0" },
				"south": { "uv": [ 0, 0, 0.4, 1 ], "texture": "#0" },
				"west": { "uv": [ 0, 0, 0.5, 1 ], "texture": "#0" },
				"east": { "uv": [ 0, 0, 0.5, 1 ], "texture": "#0" }
			}
		},
		{
			"from": [ 7, 2.1, 3.9 ],
			"to": [ 7.4, 3.1, 4.4 ],
			"rotation": { "origin": [ 7.9, 3, 4.1 ], "axis": "z", "angle": -22.5 },
			"faces": {
				"down": { "uv": [ 0, 0, 0.4, 0.5 ], "texture": "#0" },
				"north": { "uv": [ 6, 3, 6.4, 4 ], "texture": "#0" },
				"south": { "uv": [ 0, 0, 0.4, 1 ], "texture": "#0" },
				"west": { "uv": [ 0, 0, 0.5, 1 ], "texture": "#0" }
			}
		},
		{
			"from": [ 6.6, 3.3, 3.9 ],
			"to": [ 7, 3.7, 4.4 ],
			"rotation": { "origin": [ 7.9, 3, 4.1 ], "axis": "z", "angle": -22.5 },
			"faces": {
				"down": { "uv": [ 0, 0, 0.4, 0.5 ], "texture": "#0" },
				"up": { "uv": [ 0, 0, 0.4, 0.5 ], "texture": "#0" },
				"north": { "uv": [ 1, 0, 1.4, 0.3999996 ], "texture": "#0" },
				"south": { "uv": [ 0, 0, 0.4, 0.3999996 ], "texture": "#0" },
				"west": { "uv": [ 0, 0, 0.5, 0.3999996 ], "texture": "#0" },
				"east": { "uv": [ 0, 0, 0.5, 0.3999996 ], "texture": "#0" }
			}
		},
		{
			"from": [ 6.6, 3.1, 3.7 ],
			"to": [ 7, 4, 4.2 ],
			"rotation": { "origin": [ 6.6, 3.3, 3.9 ], "axis": "z", "angle": -45 },
			"faces": {
				"down": { "uv": [ 0, 0, 0.4, 0.5 ], "texture": "#0" },
				"up": { "uv": [ 0, 0, 0.4, 0.5 ], "texture": "#0" },
				"north": { "uv": [ 1, 0, 1.4, 0.8999996 ], "texture": "#0" },
				"south": { "uv": [ 0, 0, 0.4, 0.8999996 ], "texture": "#0" },
				"west": { "uv": [ 0, 0, 0.5, 0.8999996 ], "texture": "#0" },
				"east": { "uv": [ 0, 0, 0.5, 0.8999996 ], "texture": "#0" }
			}
		},
		{
			"from": [ 6.3, 3.5, 3.7 ],
			"to": [ 6.599999, 4, 4.2 ],
			"rotation": { "origin": [ 6.6, 3.3, 3.9 ], "axis": "z", "angle": -45 },
			"faces": {
				"down": { "uv": [ 0, 0, 0.3, 0.5 ], "texture": "#0" },
				"up": { "uv": [ 0, 0, 0.3, 0.5 ], "texture": "#0" },
				"north": { "uv": [ 1, 1, 1.3, 1.5 ], "texture": "#0" },
				"south": { "uv": [ 0, 0, 0.3, 0.5 ], "texture": "#0" },
				"west": { "uv": [ 0, 0, 0.5, 0.5 ], "texture": "#0" },
				"east": { "uv": [ 0, 0, 0.5, 0.5 ], "texture": "#0" }
			}
		},
		{
			"from": [ 6, 1.8, 3.7 ],
			"to": [ 6.4, 2.9, 4.2 ],
			"rotation": { "origin": [ 6.7, 1.9, 4 ], "axis": "z", "angle": -45 },
			"faces": {
				"down": { "uv": [ 0, 0, 0.4, 0.5 ], "texture": "#0" },
				"up": { "uv": [ 0, 0, 0.4, 0.5 ], "texture": "#0" },
				"north": { "uv": [ 0, 0, 0.4, 1.1 ], "texture": "#0" },
				"south": { "uv": [ 0, 0, 0.4, 1.1 ], "texture": "#0" },
				"west": { "uv": [ 0, 0, 0.5, 1.1 ], "texture": "#0" },
				"east": { "uv": [ 0, 0, 0.5, 1.1 ], "texture": "#0" }
			}
		},
		{
			"from": [ 5.7, 1.6, 3.6 ],
			"to": [ 6.1, 2.8, 4.1 ],
			"rotation": { "origin": [ 6.7, 1.9, 4 ], "axis": "z", "angle": -45 },
			"faces": {
				"down": { "uv": [ 0, 0, 0.4, 0.5 ], "texture": "#0" },
				"up": { "uv": [ 0, 0, 0.4, 0.5 ], "texture": "#0" },
				"north": { "uv": [ 0, 3, 0.4, 4.2 ], "texture": "#0" },
				"south": { "uv": [ 0, 0, 0.4, 1.2 ], "texture": "#0" },
				"west": { "uv": [ 0, 0, 0.5, 1.2 ], "texture": "#0" },
				"east": { "uv": [ 0, 0, 0.5, 1.2 ], "texture": "#0" }
			}
		},
		{
			"from": [ 6, 3.5, 3.8 ],
			"to": [ 7.1, 3.8, 4.2 ],
			"rotation": { "origin": [ 6, 3.9, 8 ], "axis": "z", "angle": 22.5 },
			"faces": {
				"down": { "uv": [ 0, 0, 1.1, 0.3999996 ], "texture": "#0" },
				"up": { "uv": [ 0, 0, 1.1, 0.3999996 ], "texture": "#0" },
				"north": { "uv": [ 0, 0, 1.1, 0.3000002 ], "texture": "#0" },
				"south": { "uv": [ 0, 0, 1.1, 0.3000002 ], "texture": "#0" },
				"west": { "uv": [ 0, 0, 0.4, 0.3000002 ], "texture": "#0" },
				"east": { "uv": [ 0, 0, 0.4, 0.3000002 ], "texture": "#0" }
			}
		},
		{
			"from": [ 5.6, 3.2, 3.8 ],
			"to": [ 6.5, 3.5, 4.2 ],
			"rotation": { "origin": [ 6, 3.9, 8 ], "axis": "z", "angle": 22.5 },
			"faces": {
				"down": { "uv": [ 0, 0, 0.9, 0.3999996 ], "texture": "#0" },
				"up": { "uv": [ 0, 0, 0.9, 0.3999996 ], "texture": "#0" },
				"north": { "uv": [ 0, 0, 0.9, 0.3000002 ], "texture": "#0" },
				"south": { "uv": [ 0, 0, 0.9, 0.3000002 ], "texture": "#0" },
				"east": { "uv": [ 0, 0, 0.4, 0.3000002 ], "texture": "#0" }
			}
		},
		{
			"from": [ 5.1, 2.9, 3.8 ],
			"to": [ 6.5, 3.2, 4.2 ],
			"rotation": { "origin": [ 6, 3.9, 8 ], "axis": "z", "angle": 22.5 },
			"faces": {
				"down": { "uv": [ 0, 0, 1.4, 0.3999996 ], "texture": "#0" },
				"up": { "uv": [ 0, 0, 1.4, 0.3999996 ], "texture": "#0" },
				"north": { "uv": [ 0, 0, 1.4, 0.3000002 ], "texture": "#0" },
				"south": { "uv": [ 0, 0, 1.4, 0.3000002 ], "texture": "#0" },
				"west": { "uv": [ 0, 0, 0.4, 0.3000002 ], "texture": "#0" },
				"east": { "uv": [ 0, 0, 0.4, 0.3000002 ], "texture": "#0" }
			}
		},
		{
			"from": [ 4.8, 2.5, 3.9 ],
			"to": [ 6.5, 2.8, 4.099999 ],
			"faces": {
				"down": { "uv": [ 0, 0, 1.7, 0.1999998 ], "texture": "#0" },
				"up": { "uv": [ 0, 0, 1.7, 0.1999998 ], "texture": "#0" },
				"north": { "uv": [ 0, 0, 1.7, 0.3000002 ], "texture": "#0" },
				"south": { "uv": [ 0, 0, 1.7, 0.3000002 ], "texture": "#0" },
				"west": { "uv": [ 0, 0, 0.2, 0.3000002 ], "texture": "#0" },
				"east": { "uv": [ 0, 0, 0.2, 0.3000002 ], "texture": "#0" }
			}
		},
		{
			"from": [ 5.8, 2.8, 3.9 ],
			"to": [ 6.4, 3, 4.099999 ],
			"faces": {
				"north": { "uv": [ 0, 0, 0.6, 0.1999998 ], "texture": "#0" },
				"south": { "uv": [ 0, 0, 0.6, 0.1999998 ], "texture": "#0" },
				"west": { "uv": [ 0, 0, 0.2, 0.1999998 ], "texture": "#0" },
				"east": { "uv": [ 0, 0, 0.2, 0.1999998 ], "texture": "#0" }
			}
		},
		{
			"from": [ 5.3, 3, 3.9 ],
			"to": [ 6.5, 3.3, 4.099999 ],
			"faces": {
				"down": { "uv": [ 0, 0, 1.2, 0.1999998 ], "texture": "#0" },
				"up": { "uv": [ 0, 0, 1.2, 0.1999998 ], "texture": "#0" },
				"north": { "uv": [ 0, 0, 1.2, 0.3000002 ], "texture": "#0" },
				"south": { "uv": [ 0, 0, 1.2, 0.3000002 ], "texture": "#0" },
				"west": { "uv": [ 0, 0, 0.2, 0.3000002 ], "texture": "#0" },
				"east": { "uv": [ 0, 0, 0.2, 0.3000002 ], "texture": "#0" }
			}
		},
		{
			"from": [ 3.5, 2.4, 4 ],
			"to": [ 6.5, 2.7, 4.2 ],
			"rotation": { "origin": [ 6, 3.9, 8 ], "axis": "z", "angle": -22.5 },
			"faces": {
				"down": { "uv": [ 0, 0, 3, 0.1999998 ], "texture": "#0" },
				"up": { "uv": [ 0, 0, 3, 0.1999998 ], "texture": "#0" },
				"north": { "uv": [ 0, 0, 3, 0.3000002 ], "texture": "#0" },
				"south": { "uv": [ 0, 0, 3, 0.3000002 ], "texture": "#0" },
				"west": { "uv": [ 0, 0, 0.2, 0.3000002 ], "texture": "#0" },
				"east": { "uv": [ 0, 0, 0.2, 0.3000002 ], "texture": "#0" }
			}
		},
		{
			"from": [ 5.1, 4.2, 4 ],
			"to": [ 6.8, 4.5, 4.2 ],
			"rotation": { "origin": [ 6, 3.9, 8 ], "axis": "z", "angle": -22.5 },
			"faces": {
				"down": { "uv": [ 0, 0, 1.7, 0.1999998 ], "texture": "#0" },
				"up": { "uv": [ 0, 0, 1.7, 0.1999998 ], "texture": "#0" },
				"north": { "uv": [ 0, 0, 1.7, 0.3000002 ], "texture": "#0" },
				"south": { "uv": [ 0, 0, 1.7, 0.3000002 ], "texture": "#0" },
				"west": { "uv": [ 0, 0, 0.2, 0.3000002 ], "texture": "#0" },
				"east": { "uv": [ 0, 0, 0.2, 0.3000002 ], "texture": "#0" }
			}
		},
		{
			"from": [ 4.1, 4.6, 4 ],
			"to": [ 6.8, 4.9, 4.2 ],
			"rotation": { "origin": [ 6, 3.9, 8 ], "axis": "z", "angle": -45 },
			"faces": {
				"down": { "uv": [ 0, 0, 2.7, 0.1999998 ], "texture": "#0" },
				"up": { "uv": [ 0, 0, 2.7, 0.1999998 ], "texture": "#0" },
				"north": { "uv": [ 0, 0, 2.7, 0.3000002 ], "texture": "#0" },
				"south": { "uv": [ 0, 0, 2.7, 0.3000002 ], "texture": "#0" },
				"west": { "uv": [ 0, 0, 0.2, 0.3000002 ], "texture": "#0" },
				"east": { "uv": [ 0, 0, 0.2, 0.3000002 ], "texture": "#0" }
			}
		},
		{
			"from": [ 2.9, 4.2, 3.9 ],
			"to": [ 6.8, 4.7, 4.099999 ],
			"rotation": { "origin": [ 6, 3.9, 8 ], "axis": "z", "angle": -45 },
			"faces": {
				"down": { "uv": [ 0, 0, 3.9, 0.1999998 ], "texture": "#0" },
				"up": { "uv": [ 0, 0, 3.9, 0.1999998 ], "texture": "#0" },
				"north": { "uv": [ 0, 0, 3.9, 0.5 ], "texture": "#0" },
				"south": { "uv": [ 0, 0, 3.9, 0.5 ], "texture": "#0" },
				"west": { "uv": [ 0, 0, 0.2, 0.5 ], "texture": "#0" },
				"east": { "uv": [ 0, 0, 0.2, 0.5 ], "texture": "#0" }
			}
		},
		{
			"from": [ 4.2, 3.7, 4.1 ],
			"to": [ 6.7, 4.2, 4.3 ],
			"rotation": { "origin": [ 6, 3.9, 8 ], "axis": "z", "angle": -45 },
			"faces": {
				"down": { "uv": [ 0, 0, 2.5, 0.1999998 ], "texture": "#0" },
				"up": { "uv": [ 0, 0, 2.5, 0.1999998 ], "texture": "#0" },
				"north": { "uv": [ 0, 0, 2.5, 0.5 ], "texture": "#0" },
				"south": { "uv": [ 0, 0, 2.5, 0.5 ], "texture": "#0" },
				"west": { "uv": [ 0, 0, 0.2, 0.5 ], "texture": "#0" },
				"east": { "uv": [ 0, 0, 0.2, 0.5 ], "texture": "#0" }
			}
		},
		{
			"from": [ 4.7, 3.2, 4 ],
			"to": [ 6.5, 3.7, 4.2 ],
			"rotation": { "origin": [ 6, 3.9, 8 ], "axis": "z", "angle": -45 },
			"faces": {
				"down": { "uv": [ 0, 0, 1.8, 0.1999998 ], "texture": "#0" },
				"up": { "uv": [ 0, 0, 1.8, 0.1999998 ], "texture": "#0" },
				"north": { "uv": [ 0, 0, 1.8, 0.5 ], "texture": "#0" },
				"south": { "uv": [ 0, 0, 1.8, 0.5 ], "texture": "#0" },
				"west": { "uv": [ 0, 0, 0.2, 0.5 ], "texture": "#0" },
				"east": { "uv": [ 0, 0, 0.2, 0.5 ], "texture": "#0" }
			}
		},
		{
			"from": [ 4.7, 3.1, 4.1 ],
			"to": [ 6.5, 3.6, 4.3 ],
			"rotation": { "origin": [ 6, 3.9, 8 ], "axis": "z", "angle": -22.5 },
			"faces": {
				"down": { "uv": [ 0, 0, 1.8, 0.1999998 ], "texture": "#0" },
				"up": { "uv": [ 0, 0, 1.8, 0.1999998 ], "texture": "#0" },
				"north": { "uv": [ 0, 0, 1.8, 0.5 ], "texture": "#0" },
				"south": { "uv": [ 0, 0, 1.8, 0.5 ], "texture": "#0" },
				"west": { "uv": [ 0, 0, 0.2, 0.5 ], "texture": "#0" },
				"east": { "uv": [ 0, 0, 0.2, 0.5 ], "texture": "#0" }
			}
		},
		{
			"from": [ 4.2, 2.6, 4.1 ],
			"to": [ 6.6, 3.1, 4.3 ],
			"rotation": { "origin": [ 6, 3.9, 8 ], "axis": "z", "angle": -22.5 },
			"faces": {
				"down": { "uv": [ 0, 0, 2.4, 0.1999998 ], "texture": "#0" },
				"up": { "uv": [ 0, 0, 2.4, 0.1999998 ], "texture": "#0" },
				"north": { "uv": [ 0, 0, 2.4, 0.5 ], "texture": "#0" },
				"south": { "uv": [ 0, 0, 2.4, 0.5 ], "texture": "#0" },
				"west": { "uv": [ 0, 0, 0.2, 0.5 ], "texture": "#0" },
				"east": { "uv": [ 0, 0, 0.2, 0.5 ], "texture": "#0" }
			}
		},
		{
			"from": [ 3.5, 1.9, 4.2 ],
			"to": [ 5.1, 2.4, 4.4 ],
			"rotation": { "origin": [ 6, 3.9, 8 ], "axis": "z", "angle": -45 },
			"faces": {
				"down": { "uv": [ 0, 0, 1.6, 0.1999998 ], "texture": "#0" },
				"up": { "uv": [ 0, 0, 1.6, 0.1999998 ], "texture": "#0" },
				"north": { "uv": [ 0, 0, 1.6, 0.5 ], "texture": "#0" },
				"south": { "uv": [ 0, 0, 1.6, 0.5 ], "texture": "#0" },
				"west": { "uv": [ 0, 0, 0.2, 0.5 ], "texture": "#0" },
				"east": { "uv": [ 0, 0, 0.2, 0.5 ], "texture": "#0" }
			}
		},
		{
			"from": [ 4.1, 2.7, 4.2 ],
			"to": [ 5.4, 3.2, 4.4 ],
			"rotation": { "origin": [ 6, 3.9, 8 ], "axis": "z", "angle": -45 },
			"faces": {
				"down": { "uv": [ 0, 0, 1.3, 0.1999998 ], "texture": "#0" },
				"up": { "uv": [ 0, 0, 1.3, 0.1999998 ], "texture": "#0" },
				"north": { "uv": [ 0, 0, 1.3, 0.5 ], "texture": "#0" },
				"south": { "uv": [ 0, 0, 1.3, 0.5 ], "texture": "#0" },
				"west": { "uv": [ 0, 0, 0.2, 0.5 ], "texture": "#0" },
				"east": { "uv": [ 0, 0, 0.2, 0.5 ], "texture": "#0" }
			}
		},
		{
			"from": [ 4.1, 3.8, 4.2 ],
			"to": [ 5.4, 4.3, 4.4 ],
			"rotation": { "origin": [ 6, 3.9, 8 ], "axis": "z", "angle": -45 },
			"faces": {
				"down": { "uv": [ 0, 0, 1.3, 0.1999998 ], "texture": "#0" },
				"up": { "uv": [ 0, 0, 1.3, 0.1999998 ], "texture": "#0" },
				"north": { "uv": [ 0, 0, 1.3, 0.5 ], "texture": "#0" },
				"south": { "uv": [ 0, 0, 1.3, 0.5 ], "texture": "#0" },
				"west": { "uv": [ 0, 0, 0.2, 0.5 ], "texture": "#0" },
				"east": { "uv": [ 0, 0, 0.2, 0.5 ], "texture": "#0" }
			}
		},
		{
			"from": [ 1.7, 2.2, 4.3 ],
			"to": [ 5.3, 2.7, 4.5 ],
			"rotation": { "origin": [ 6, 3.9, 8 ], "axis": "z", "angle": -45 },
			"faces": {
				"down": { "uv": [ 0, 0, 3.6, 0.1999998 ], "texture": "#0" },
				"up": { "uv": [ 0, 0, 3.6, 0.1999998 ], "texture": "#0" },
				"north": { "uv": [ 0, 0, 3.6, 0.5 ], "texture": "#0" },
				"south": { "uv": [ 0, 0, 3.6, 0.5 ], "texture": "#0" },
				"west": { "uv": [ 0, 0, 0.2, 0.5 ], "texture": "#0" },
				"east": { "uv": [ 0, 0, 0.2, 0.5 ], "texture": "#0" }
			}
		},
		{
			"from": [ 3.7, 3.2, 4.4 ],
			"to": [ 4.2, 6.2, 4.6 ],
			"rotation": { "origin": [ 1.7, 2.2, 4.3 ], "axis": "z", "angle": 22.5 },
			"faces": {
				"down": { "uv": [ 0, 0, 0.5, 0.1999998 ], "texture": "#0" },
				"up": { "uv": [ 0, 0, 0.5, 0.1999998 ], "texture": "#0" },
				"north": { "uv": [ 0, 0, 0.5, 3 ], "texture": "#0" },
				"south": { "uv": [ 0, 0, 0.5, 3 ], "texture": "#0" },
				"west": { "uv": [ 0, 0, 0.2, 3 ], "texture": "#0" },
				"east": { "uv": [ 0, 0, 0.2, 3 ], "texture": "#0" }
			}
		},
		{
			"from": [ 5.9, 3.8, 4.1 ],
			"to": [ 6.5, 5.4, 4.3 ],
			"rotation": { "origin": [ 1.7, 2.2, 4.3 ], "axis": "z", "angle": 22.5 },
			"faces": {
				"down": { "uv": [ 0, 0, 0.6, 0.1999998 ], "texture": "#0" },
				"up": { "uv": [ 0, 0, 0.6, 0.1999998 ], "texture": "#0" },
				"north": { "uv": [ 0, 0, 0.6, 1.6 ], "texture": "#0" },
				"south": { "uv": [ 0, 0, 0.6, 1.6 ], "texture": "#0" },
				"west": { "uv": [ 0, 0, 0.2, 1.6 ], "texture": "#0" },
				"east": { "uv": [ 0, 0, 0.2, 1.6 ], "texture": "#0" }
			}
		},
		{
			"from": [ 5.7, 4.1, 4.2 ],
			"to": [ 6.2, 6.3, 4.4 ],
			"rotation": { "origin": [ 1.7, 2.2, 4.3 ], "axis": "z", "angle": 22.5 },
			"faces": {
				"down": { "uv": [ 0, 0, 0.5, 0.1999998 ], "texture": "#0" },
				"up": { "uv": [ 0, 0, 0.5, 0.1999998 ], "texture": "#0" },
				"north": { "uv": [ 0, 0, 0.5, 2.2 ], "texture": "#0" },
				"south": { "uv": [ 0, 0, 0.5, 2.2 ], "texture": "#0" },
				"west": { "uv": [ 0, 0, 0.2, 2.2 ], "texture": "#0" },
				"east": { "uv": [ 0, 0, 0.2, 2.2 ], "texture": "#0" }
			}
		},
		{
			"from": [ 5.3, 3.6, 4.3 ],
			"to": [ 5.9, 6.5, 4.5 ],
			"rotation": { "origin": [ 1.7, 2.2, 4.3 ], "axis": "z", "angle": 22.5 },
			"faces": {
				"down": { "uv": [ 0, 0, 0.6, 0.1999998 ], "texture": "#0" },
				"up": { "uv": [ 0, 0, 0.6, 0.1999998 ], "texture": "#0" },
				"north": { "uv": [ 0, 0, 0.6, 2.9 ], "texture": "#0" },
				"south": { "uv": [ 0, 0, 0.6, 2.9 ], "texture": "#0" },
				"west": { "uv": [ 0, 0, 0.2, 2.9 ], "texture": "#0" },
				"east": { "uv": [ 0, 0, 0.2, 2.9 ], "texture": "#0" }
			}
		},
		{
			"from": [ 5.1, 3.2, 4.2 ],
			"to": [ 5.5, 6, 4.4 ],
			"rotation": { "origin": [ 1.7, 2.2, 4.3 ], "axis": "z", "angle": 22.5 },
			"faces": {
				"down": { "uv": [ 0, 0, 0.4, 0.1999998 ], "texture": "#0" },
				"up": { "uv": [ 0, 0, 0.4, 0.1999998 ], "texture": "#0" },
				"north": { "uv": [ 0, 0, 0.4, 2.8 ], "texture": "#0" },
				"south": { "uv": [ 0, 0, 0.4, 2.8 ], "texture": "#0" },
				"west": { "uv": [ 0, 0, 0.2, 2.8 ], "texture": "#0" },
				"east": { "uv": [ 0, 0, 0.2, 2.8 ], "texture": "#0" }
			}
		},
		{
			"from": [ 2.2, 2.9, 4.3 ],
			"to": [ 5.8, 3.6, 4.5 ],
			"rotation": { "origin": [ 6, 3.9, 8 ], "axis": "z", "angle": -45 },
			"faces": {
				"down": { "uv": [ 0, 0, 3.6, 0.1999998 ], "texture": "#0" },
				"up": { "uv": [ 0, 0, 3.6, 0.1999998 ], "texture": "#0" },
				"north": { "uv": [ 0, 0, 3.6, 0.6999998 ], "texture": "#0" },
				"south": { "uv": [ 0, 0, 3.6, 0.6999998 ], "texture": "#0" },
				"west": { "uv": [ 0, 0, 0.2, 0.6999998 ], "texture": "#0" },
				"east": { "uv": [ 0, 0, 0.2, 0.6999998 ], "texture": "#0" }
			}
		},
		{
			"from": [ 2.2, 2.7, 4.5 ],
			"to": [ 4.8, 3.1, 4.7 ],
			"rotation": { "origin": [ 6, 3.9, 8 ], "axis": "z", "angle": -45 },
			"faces": {
				"down": { "uv": [ 0, 0, 2.6, 0.1999998 ], "texture": "#0" },
				"up": { "uv": [ 0, 0, 2.6, 0.1999998 ], "texture": "#0" },
				"north": { "uv": [ 0, 0, 2.6, 0.3999996 ], "texture": "#0" },
				"south": { "uv": [ 0, 0, 2.6, 0.3999996 ], "texture": "#0" },
				"west": { "uv": [ 0, 0, 0.2, 0.3999996 ], "texture": "#0" },
				"east": { "uv": [ 0, 0, 0.2, 0.3999996 ], "texture": "#0" }
			}
		},
		{
			"from": [ 5.6, 3.1, 4.3 ],
			"to": [ 5.7, 3.3, 4.5 ],
			"rotation": { "origin": [ 1.7, 2.2, 4.3 ], "axis": "z", "angle": 22.5 },
			"faces": {
				"down": { "uv": [ 0, 0, 0.09999999, 0.1999998 ], "texture": "#0" },
				"up": { "uv": [ 0, 0, 0.09999999, 0.1999998 ], "texture": "#0" },
				"north": { "uv": [ 0, 0, 0.09999999, 0.1999998 ], "texture": "#0" },
				"south": { "uv": [ 0, 0, 0.09999999, 0.1999998 ], "texture": "#0" },
				"west": { "uv": [ 0, 0, 0.2, 0.1999998 ], "texture": "#0" },
				"east": { "uv": [ 0, 0, 0.2, 0.1999998 ], "texture": "#0" }
			}
		},
		{
			"from": [ 5.2, 3.5, 4.5 ],
			"to": [ 5.5, 3.8, 4.6 ],
			"rotation": { "origin": [ 1.7, 2.2, 4.3 ], "axis": "z", "angle": 22.5 },
			"faces": {
				"down": { "uv": [ 0, 0, 0.3, 0.1000004 ], "texture": "#0" },
				"up": { "uv": [ 0, 0, 0.3, 0.1000004 ], "texture": "#0" },
				"north": { "uv": [ 0, 0, 0.3, 0.3000002 ], "texture": "#0" },
				"south": { "uv": [ 0, 0, 0.3, 0.3000002 ], "texture": "#0" },
				"west": { "uv": [ 0, 0, 0.09999999, 0.3000002 ], "texture": "#0" },
				"east": { "uv": [ 0, 0, 0.09999999, 0.3000002 ], "texture": "#0" }
			}
		},
		{
			"from": [ 5.5, 1.6, 4.1 ],
			"to": [ 5.8, 2.2, 4.2 ],
			"rotation": { "origin": [ 1.7, 2.2, 4.3 ], "axis": "z", "angle": 45 },
			"faces": {
				"down": { "uv": [ 0, 0, 0.3, 0.1000004 ], "texture": "#0" },
				"up": { "uv": [ 0, 0, 0.3, 0.1000004 ], "texture": "#0" },
				"north": { "uv": [ 0, 0, 0.3, 0.6000004 ], "texture": "#0" },
				"south": { "uv": [ 0, 0, 0.3, 0.6000004 ], "texture": "#0" },
				"west": { "uv": [ 0, 0, 0.09999999, 0.6000004 ], "texture": "#0" },
				"east": { "uv": [ 0, 0, 0.09999999, 0.6000004 ], "texture": "#0" }
			}
		},
		{
			"from": [ 0.8, 3.6, 4.4 ],
			"to": [ 3.6, 4.1, 4.6 ],
			"rotation": { "origin": [ 6, 3.9, 8 ], "axis": "z", "angle": -45 },
			"faces": {
				"down": { "uv": [ 0, 0, 2.8, 0.1999998 ], "texture": "#0" },
				"up": { "uv": [ 0, 0, 2.8, 0.1999998 ], "texture": "#0" },
				"north": { "uv": [ 0, 0, 2.8, 0.5 ], "texture": "#0" },
				"south": { "uv": [ 0, 0, 2.8, 0.5 ], "texture": "#0" },
				"west": { "uv": [ 0, 0, 0.2, 0.5 ], "texture": "#0" },
				"east": { "uv": [ 0, 0, 0.2, 0.5 ], "texture": "#0" }
			}
		},
		{
			"from": [ 2.8, 5.1, 4.6 ],
			"to": [ 3.3, 8, 4.8 ],
			"rotation": { "origin": [ 0.8, 3.6, 4.4 ], "axis": "z", "angle": 22.5 },
			"faces": {
				"down": { "uv": [ 0, 0, 0.5, 0.1999998 ], "texture": "#0" },
				"up": { "uv": [ 0, 0, 0.5, 0.1999998 ], "texture": "#0" },
				"north": { "uv": [ 0, 0, 0.5, 2.9 ], "texture": "#0" },
				"south": { "uv": [ 0, 0, 0.5, 2.9 ], "texture": "#0" },
				"west": { "uv": [ 0, 0, 0.2, 2.9 ], "texture": "#0" },
				"east": { "uv": [ 0, 0, 0.2, 2.9 ], "texture": "#0" }
			}
		},
		{
			"from": [ 3.3, 5.1, 4.7 ],
			"to": [ 3.8, 8.5, 4.9 ],
			"rotation": { "origin": [ 0.8, 3.6, 4.4 ], "axis": "z", "angle": 22.5 },
			"faces": {
				"down": { "uv": [ 0, 0, 0.5, 0.1999998 ], "texture": "#0" },
				"up": { "uv": [ 0, 0, 0.5, 0.1999998 ], "texture": "#0" },
				"north": { "uv": [ 0, 0, 0.5, 3.4 ], "texture": "#0" },
				"south": { "uv": [ 0, 0, 0.5, 3.4 ], "texture": "#0" },
				"west": { "uv": [ 0, 0, 0.2, 3.4 ], "texture": "#0" },
				"east": { "uv": [ 0, 0, 0.2, 3.4 ], "texture": "#0" }
			}
		},
		{
			"from": [ 3.8, 4.7, 4.6 ],
			"to": [ 4.3, 8.9, 4.8 ],
			"rotation": { "origin": [ 0.8, 3.6, 4.4 ], "axis": "z", "angle": 22.5 },
			"faces": {
				"down": { "uv": [ 0, 0, 0.5, 0.1999998 ], "texture": "#0" },
				"up": { "uv": [ 0, 0, 0.5, 0.1999998 ], "texture": "#0" },
				"north": { "uv": [ 0, 0, 0.5, 4.2 ], "texture": "#0" },
				"south": { "uv": [ 0, 0, 0.5, 4.2 ], "texture": "#0" },
				"west": { "uv": [ 0, 0, 0.2, 4.2 ], "texture": "#0" },
				"east": { "uv": [ 0, 0, 0.2, 4.2 ], "texture": "#0" }
			}
		},
		{
			"from": [ 2.6, 6.1, 4.5 ],
			"to": [ 3.1, 11.1, 4.7 ],
			"faces": {
				"down": { "uv": [ 0, 0, 0.5, 0.1999998 ], "texture": "#0" },
				"up": { "uv": [ 0, 0, 0.5, 0.1999998 ], "texture": "#0" },
				"north": { "uv": [ 0, 0, 0.5, 5 ], "texture": "#0" },
				"south": { "uv": [ 0, 0, 0.5, 5 ], "texture": "#0" },
				"west": { "uv": [ 0, 0, 0.2, 5 ], "texture": "#0" },
				"east": { "uv": [ 0, 0, 0.2, 5 ], "texture": "#0" }
			}
		},
		{
			"from": [ 3.1, 6.6, 4.5 ],
			"to": [ 3.6, 11.6, 4.7 ],
			"faces": {
				"down": { "uv": [ 0, 0, 0.5, 0.1999998 ], "texture": "#0" },
				"up": { "uv": [ 0, 0, 0.5, 0.1999998 ], "texture": "#0" },
				"north": { "uv": [ 0, 0, 0.5, 5 ], "texture": "#0" },
				"south": { "uv": [ 0, 0, 0.5, 5 ], "texture": "#0" },
				"west": { "uv": [ 0, 0, 0.2, 5 ], "texture": "#0" },
				"east": { "uv": [ 0, 0, 0.2, 5 ], "texture": "#0" }
			}
		},
		{
			"from": [ 3.6, 7.7, 4.4 ],
			"to": [ 4.1, 12.2, 4.6 ],
			"faces": {
				"down": { "uv": [ 0, 0, 0.5, 0.1999998 ], "texture": "#0" },
				"up": { "uv": [ 0, 0, 0.5, 0.1999998 ], "texture": "#0" },
				"north": { "uv": [ 0, 0, 0.5, 4.5 ], "texture": "#0" },
				"south": { "uv": [ 0, 0, 0.5, 4.5 ], "texture": "#0" },
				"west": { "uv": [ 0, 0, 0.2, 4.5 ], "texture": "#0" },
				"east": { "uv": [ 0, 0, 0.2, 4.5 ], "texture": "#0" }
			}
		},
		{
			"from": [ 4.3, 5, 4.7 ],
			"to": [ 4.8, 9.2, 4.9 ],
			"rotation": { "origin": [ 0.8, 3.6, 4.4 ], "axis": "z", "angle": 22.5 },
			"faces": {
				"down": { "uv": [ 0, 0, 0.5, 0.1999998 ], "texture": "#0" },
				"up": { "uv": [ 0, 0, 0.5, 0.1999998 ], "texture": "#0" },
				"north": { "uv": [ 0, 0, 0.5, 4.2 ], "texture": "#0" },
				"south": { "uv": [ 0, 0, 0.5, 4.2 ], "texture": "#0" },
				"west": { "uv": [ 0, 0, 0.2, 4.2 ], "texture": "#0" },
				"east": { "uv": [ 0, 0, 0.2, 4.2 ], "texture": "#0" }
			}
		},
		{
			"from": [ 4.8, 5.1, 4.6 ],
			"to": [ 5.3, 9.5, 4.8 ],
			"rotation": { "origin": [ 0.8, 3.6, 4.4 ], "axis": "z", "angle": 22.5 },
			"faces": {
				"down": { "uv": [ 0, 0, 0.5, 0.1999998 ], "texture": "#0" },
				"up": { "uv": [ 0, 0, 0.5, 0.1999998 ], "texture": "#0" },
				"north": { "uv": [ 0, 0, 0.5, 4.4 ], "texture": "#0" },
				"south": { "uv": [ 0, 0, 0.5, 4.4 ], "texture": "#0" },
				"west": { "uv": [ 0, 0, 0.2, 4.4 ], "texture": "#0" },
				"east": { "uv": [ 0, 0, 0.2, 4.4 ], "texture": "#0" }
			}
		},
		{
			"from": [ 9.2, 3, 4.1 ],
			"to": [ 9.5, 4, 4.6 ],
			"faces": {
				"down": { "uv": [ 0, 0, 0.3, 0.5 ], "texture": "#0" },
				"up": { "uv": [ 0, 0, 0.3, 0.5 ], "texture": "#0" },
				"north": { "uv": [ 0, 0, 0.3, 1 ], "texture": "#0" },
				"south": { "uv": [ 0, 0, 0.3, 1 ], "texture": "#0" },
				"west": { "uv": [ 0, 0, 0.5, 1 ], "texture": "#0" }
			}
		},
		{
			"from": [ 9.5, 2.7, 4 ],
			"to": [ 9.9, 4, 4.5 ],
			"faces": {
				"down": { "uv": [ 0, 0, 0.4, 0.5 ], "texture": "#0" },
				"up": { "uv": [ 0, 0, 0.4, 0.5 ], "texture": "#0" },
				"north": { "uv": [ 0, 0, 0.4, 1.3 ], "texture": "#0" },
				"south": { "uv": [ 0, 0, 0.4, 1.3 ], "texture": "#0" },
				"west": { "uv": [ 0, 0, 0.5, 1.3 ], "texture": "#0" },
				"east": { "uv": [ 0, 0, 0.5, 1.3 ], "texture": "#0" }
			}
		},
		{
			"from": [ 9.9, 1.9, 4 ],
			"to": [ 10.3, 3.6, 4.5 ],
			"faces": {
				"down": { "uv": [ 0, 0, 0.4, 0.5 ], "texture": "#0" },
				"up": { "uv": [ 0, 0, 0.4, 0.5 ], "texture": "#0" },
				"north": { "uv": [ 0, 0, 0.4, 1.7 ], "texture": "#0" },
				"south": { "uv": [ 0, 0, 0.4, 1.7 ], "texture": "#0" },
				"west": { "uv": [ 0, 0, 0.5, 1.7 ], "texture": "#0" },
				"east": { "uv": [ 0, 0, 0.5, 1.7 ], "texture": "#0" }
			}
		},
		{
			"from": [ 10.5, 1.9, 4.1 ],
			"to": [ 10.9, 3.6, 4.6 ],
			"rotation": { "origin": [ 10.7, 1.9, 4 ], "axis": "z", "angle": 22.5 },
			"faces": {
				"down": { "uv": [ 0, 0, 0.4, 0.5 ], "texture": "#0" },
				"north": { "uv": [ 0, 0, 0.4, 1.7 ], "texture": "#0" },
				"south": { "uv": [ 0, 0, 0.4, 1.7 ], "texture": "#0" },
				"west": { "uv": [ 0, 0, 0.5, 1.7 ], "texture": "#0" },
				"east": { "uv": [ 0, 0, 0.5, 1.7 ], "texture": "#0" }
			}
		},
		{
			"from": [ 10.1, 2.8, 3.8 ],
			"to": [ 10.5, 3.8, 4.3 ],
			"rotation": { "origin": [ 9.5, 3, 4.1 ], "axis": "z", "angle": 22.5 },
			"faces": {
				"down": { "uv": [ 0, 0, 0.4, 0.5 ], "texture": "#0" },
				"up": { "uv": [ 0, 0, 0.4, 0.5 ], "texture": "#0" },
				"north": { "uv": [ 6, 3, 6.4, 4 ], "texture": "#0" },
				"south": { "uv": [ 0, 0, 0.4, 1 ], "texture": "#0" },
				"west": { "uv": [ 0, 0, 0.5, 1 ], "texture": "#0" },
				"east": { "uv": [ 0, 0, 0.5, 1 ], "texture": "#0" }
			}
		},
		{
			"from": [ 10, 2.1, 3.9 ],
			"to": [ 10.4, 3.1, 4.4 ],
			"rotation": { "origin": [ 9.5, 3, 4.1 ], "axis": "z", "angle": 22.5 },
			"faces": {
				"down": { "uv": [ 0, 0, 0.4, 0.5 ], "texture": "#0" },
				"north": { "uv": [ 6, 3, 6.4, 4 ], "texture": "#0" },
				"south": { "uv": [ 0, 0, 0.4, 1 ], "texture": "#0" },
				"east": { "uv": [ 0, 0, 0.5, 1 ], "texture": "#0" }
			}
		},
		{
			"from": [ 10.4, 3.3, 3.9 ],
			"to": [ 10.8, 3.7, 4.4 ],
			"rotation": { "origin": [ 9.5, 3, 4.1 ], "axis": "z", "angle": 22.5 },
			"faces": {
				"down": { "uv": [ 0, 0, 0.4, 0.5 ], "texture": "#0" },
				"up": { "uv": [ 0, 0, 0.4, 0.5 ], "texture": "#0" },
				"north": { "uv": [ 1, 0, 1.4, 0.3999996 ], "texture": "#0" },
				"south": { "uv": [ 0, 0, 0.4, 0.3999996 ], "texture": "#0" },
				"west": { "uv": [ 0, 0, 0.5, 0.3999996 ], "texture": "#0" },
				"east": { "uv": [ 0, 0, 0.5, 0.3999996 ], "texture": "#0" }
			}
		},
		{
			"from": [ 10.4, 3.1, 3.7 ],
			"to": [ 10.8, 4, 4.2 ],
			"rotation": { "origin": [ 10.8, 3.3, 3.9 ], "axis": "z", "angle": 45 },
			"faces": {
				"down": { "uv": [ 0, 0, 0.4, 0.5 ], "texture": "#0" },
				"up": { "uv": [ 0, 0, 0.4, 0.5 ], "texture": "#0" },
				"north": { "uv": [ 1, 0, 1.4, 0.8999996 ], "texture": "#0" },
				"south": { "uv": [ 0, 0, 0.4, 0.8999996 ], "texture": "#0" },
				"west": { "uv": [ 0, 0, 0.5, 0.8999996 ], "texture": "#0" },
				"east": { "uv": [ 0, 0, 0.5, 0.8999996 ], "texture": "#0" }
			}
		},
		{
			"from": [ 10.8, 3.5, 3.7 ],
			"to": [ 11.1, 4, 4.2 ],
			"rotation": { "origin": [ 10.8, 3.3, 3.9 ], "axis": "z", "angle": 45 },
			"faces": {
				"down": { "uv": [ 0, 0, 0.3, 0.5 ], "texture": "#0" },
				"up": { "uv": [ 0, 0, 0.3, 0.5 ], "texture": "#0" },
				"north": { "uv": [ 1, 1, 1.3, 1.5 ], "texture": "#0" },
				"south": { "uv": [ 0, 0, 0.3, 0.5 ], "texture": "#0" },
				"west": { "uv": [ 0, 0, 0.5, 0.5 ], "texture": "#0" },
				"east": { "uv": [ 0, 0, 0.5, 0.5 ], "texture": "#0" }
			}
		},
		{
			"from": [ 11, 1.8, 3.7 ],
			"to": [ 11.4, 2.9, 4.2 ],
			"rotation": { "origin": [ 10.7, 1.9, 4 ], "axis": "z", "angle": 45 },
			"faces": {
				"down": { "uv": [ 0, 0, 0.4, 0.5 ], "texture": "#0" },
				"up": { "uv": [ 0, 0, 0.4, 0.5 ], "texture": "#0" },
				"north": { "uv": [ 0, 0, 0.4, 1.1 ], "texture": "#0" },
				"south": { "uv": [ 0, 0, 0.4, 1.1 ], "texture": "#0" },
				"west": { "uv": [ 0, 0, 0.5, 1.1 ], "texture": "#0" },
				"east": { "uv": [ 0, 0, 0.5, 1.1 ], "texture": "#0" }
			}
		},
		{
			"from": [ 11.4, 1.6, 3.6 ],
			"to": [ 11.8, 2.8, 4.1 ],
			"rotation": { "origin": [ 10.7, 1.9, 4 ], "axis": "z", "angle": 45 },
			"faces": {
				"down": { "uv": [ 0, 0, 0.4, 0.5 ], "texture": "#0" },
				"up": { "uv": [ 0, 0, 0.4, 0.5 ], "texture": "#0" },
				"north": { "uv": [ 0, 3, 0.4, 4.2 ], "texture": "#0" },
				"south": { "uv": [ 0, 0, 0.4, 1.2 ], "texture": "#0" },
				"west": { "uv": [ 0, 0, 0.5, 1.2 ], "texture": "#0" },
				"east": { "uv": [ 0, 0, 0.5, 1.2 ], "texture": "#0" }
			}
		},
		{
			"from": [ 10.3, 3.5, 3.8 ],
			"to": [ 11.4, 3.8, 4.2 ],
			"rotation": { "origin": [ 11.4, 3.9, 8 ], "axis": "z", "angle": -22.5 },
			"faces": {
				"down": { "uv": [ 0, 0, 1.1, 0.3999996 ], "texture": "#0" },
				"up": { "uv": [ 0, 0, 1.1, 0.3999996 ], "texture": "#0" },
				"north": { "uv": [ 0, 0, 1.1, 0.3000002 ], "texture": "#0" },
				"south": { "uv": [ 0, 0, 1.1, 0.3000002 ], "texture": "#0" },
				"west": { "uv": [ 0, 0, 0.4, 0.3000002 ], "texture": "#0" },
				"east": { "uv": [ 0, 0, 0.4, 0.3000002 ], "texture": "#0" }
			}
		},
		{
			"from": [ 10.9, 3.2, 3.8 ],
			"to": [ 11.8, 3.5, 4.2 ],
			"rotation": { "origin": [ 11.4, 3.9, 8 ], "axis": "z", "angle": -22.5 },
			"faces": {
				"down": { "uv": [ 0, 0, 0.9, 0.3999996 ], "texture": "#0" },
				"up": { "uv": [ 0, 0, 0.9, 0.3999996 ], "texture": "#0" },
				"north": { "uv": [ 0, 0, 0.9, 0.3000002 ], "texture": "#0" },
				"south": { "uv": [ 0, 0, 0.9, 0.3000002 ], "texture": "#0" },
				"west": { "uv": [ 0, 0, 0.4, 0.3000002 ], "texture": "#0" }
			}
		},
		{
			"from": [ 10.9, 2.9, 3.8 ],
			"to": [ 12.3, 3.2, 4.2 ],
			"rotation": { "origin": [ 11.4, 3.9, 8 ], "axis": "z", "angle": -22.5 },
			"faces": {
				"down": { "uv": [ 0, 0, 1.4, 0.3999996 ], "texture": "#0" },
				"up": { "uv": [ 0, 0, 1.4, 0.3999996 ], "texture": "#0" },
				"north": { "uv": [ 0, 0, 1.4, 0.3000002 ], "texture": "#0" },
				"south": { "uv": [ 0, 0, 1.4, 0.3000002 ], "texture": "#0" },
				"west": { "uv": [ 0, 0, 0.4, 0.3000002 ], "texture": "#0" },
				"east": { "uv": [ 0, 0, 0.4, 0.3000002 ], "texture": "#0" }
			}
		},
		{
			"from": [ 10.7, 2.5, 3.9 ],
			"to": [ 12.4, 2.8, 4.099999 ],
			"faces": {
				"down": { "uv": [ 0, 0, 1.7, 0.1999998 ], "texture": "#0" },
				"up": { "uv": [ 0, 0, 1.7, 0.1999998 ], "texture": "#0" },
				"north": { "uv": [ 0, 0, 1.7, 0.3000002 ], "texture": "#0" },
				"south": { "uv": [ 0, 0, 1.7, 0.3000002 ], "texture": "#0" },
				"west": { "uv": [ 0, 0, 0.2, 0.3000002 ], "texture": "#0" },
				"east": { "uv": [ 0, 0, 0.2, 0.3000002 ], "texture": "#0" }
			}
		},
		{
			"from": [ 11, 2.8, 3.9 ],
			"to": [ 11.6, 3, 4.099999 ],
			"faces": {
				"north": { "uv": [ 0, 0, 0.6, 0.1999998 ], "texture": "#0" },
				"south": { "uv": [ 0, 0, 0.6, 0.1999998 ], "texture": "#0" },
				"west": { "uv": [ 0, 0, 0.2, 0.1999998 ], "texture": "#0" },
				"east": { "uv": [ 0, 0, 0.2, 0.1999998 ], "texture": "#0" }
			}
		},
		{
			"from": [ 10.9, 3, 3.9 ],
			"to": [ 12.1, 3.3, 4.099999 ],
			"faces": {
				"down": { "uv": [ 0, 0, 1.2, 0.1999998 ], "texture": "#0" },
				"up": { "uv": [ 0, 0, 1.2, 0.1999998 ], "texture": "#0" },
				"north": { "uv": [ 0, 0, 1.2, 0.3000002 ], "texture": "#0" },
				"south": { "uv": [ 0, 0, 1.2, 0.3000002 ], "texture": "#0" },
				"west": { "uv": [ 0, 0, 0.2, 0.3000002 ], "texture": "#0" },
				"east": { "uv": [ 0, 0, 0.2, 0.3000002 ], "texture": "#0" }
			}
		},
		{
			"from": [ 10.9, 2.4, 4 ],
			"to": [ 13.9, 2.7, 4.2 ],
			"rotation": { "origin": [ 11.4, 3.9, 8 ], "axis": "z", "angle": 22.5 },
			"faces": {
				"down": { "uv": [ 0, 0, 3, 0.1999998 ], "texture": "#0" },
				"up": { "uv": [ 0, 0, 3, 0.1999998 ], "texture": "#0" },
				"north": { "uv": [ 0, 0, 3, 0.3000002 ], "texture": "#0" },
				"south": { "uv": [ 0, 0, 3, 0.3000002 ], "texture": "#0" },
				"west": { "uv": [ 0, 0, 0.2, 0.3000002 ], "texture": "#0" },
				"east": { "uv": [ 0, 0, 0.2, 0.3000002 ], "texture": "#0" }
			}
		},
		{
			"from": [ 10.6, 4.2, 4 ],
			"to": [ 12.3, 4.5, 4.2 ],
			"rotation": { "origin": [ 11.4, 3.9, 8 ], "axis": "z", "angle": 22.5 },
			"faces": {
				"down": { "uv": [ 0, 0, 1.7, 0.1999998 ], "texture": "#0" },
				"up": { "uv": [ 0, 0, 1.7, 0.1999998 ], "texture": "#0" },
				"north": { "uv": [ 0, 0, 1.7, 0.3000002 ], "texture": "#0" },
				"south": { "uv": [ 0, 0, 1.7, 0.3000002 ], "texture": "#0" },
				"west": { "uv": [ 0, 0, 0.2, 0.3000002 ], "texture": "#0" },
				"east": { "uv": [ 0, 0, 0.2, 0.3000002 ], "texture": "#0" }
			}
		},
		{
			"from": [ 10.6, 4.6, 4 ],
			"to": [ 13.3, 4.9, 4.2 ],
			"rotation": { "origin": [ 11.4, 3.9, 8 ], "axis": "z", "angle": 45 },
			"faces": {
				"down": { "uv": [ 0, 0, 2.7, 0.1999998 ], "texture": "#0" },
				"up": { "uv": [ 0, 0, 2.7, 0.1999998 ], "texture": "#0" },
				"north": { "uv": [ 0, 0, 2.7, 0.3000002 ], "texture": "#0" },
				"south": { "uv": [ 0, 0, 2.7, 0.3000002 ], "texture": "#0" },
				"west": { "uv": [ 0, 0, 0.2, 0.3000002 ], "texture": "#0" },
				"east": { "uv": [ 0, 0, 0.2, 0.3000002 ], "texture": "#0" }
			}
		},
		{
			"from": [ 10.6, 4.2, 3.9 ],
			"to": [ 14.5, 4.7, 4.099999 ],
			"rotation": { "origin": [ 11.4, 3.9, 8 ], "axis": "z", "angle": 45 },
			"faces": {
				"down": { "uv": [ 0, 0, 3.9, 0.1999998 ], "texture": "#0" },
				"up": { "uv": [ 0, 0, 3.9, 0.1999998 ], "texture": "#0" },
				"north": { "uv": [ 0, 0, 3.9, 0.5 ], "texture": "#0" },
				"south": { "uv": [ 0, 0, 3.9, 0.5 ], "texture": "#0" },
				"west": { "uv": [ 0, 0, 0.2, 0.5 ], "texture": "#0" },
				"east": { "uv": [ 0, 0, 0.2, 0.5 ], "texture": "#0" }
			}
		},
		{
			"from": [ 10.7, 3.7, 4.1 ],
			"to": [ 13.2, 4.2, 4.3 ],
			"rotation": { "origin": [ 11.4, 3.9, 8 ], "axis": "z", "angle": 45 },
			"faces": {
				"down": { "uv": [ 0, 0, 2.5, 0.1999998 ], "texture": "#0" },
				"up": { "uv": [ 0, 0, 2.5, 0.1999998 ], "texture": "#0" },
				"north": { "uv": [ 0, 0, 2.5, 0.5 ], "texture": "#0" },
				"south": { "uv": [ 0, 0, 2.5, 0.5 ], "texture": "#0" },
				"west": { "uv": [ 0, 0, 0.2, 0.5 ], "texture": "#0" },
				"east": { "uv": [ 0, 0, 0.2, 0.5 ], "texture": "#0" }
			}
		},
		{
			"from": [ 10.9, 3.2, 4 ],
			"to": [ 12.7, 3.7, 4.2 ],
			"rotation": { "origin": [ 11.4, 3.9, 8 ], "axis": "z", "angle": 45 },
			"faces": {
				"down": { "uv": [ 0, 0, 1.8, 0.1999998 ], "texture": "#0" },
				"up": { "uv": [ 0, 0, 1.8, 0.1999998 ], "texture": "#0" },
				"north": { "uv": [ 0, 0, 1.8, 0.5 ], "texture": "#0" },
				"south": { "uv": [ 0, 0, 1.8, 0.5 ], "texture": "#0" },
				"west": { "uv": [ 0, 0, 0.2, 0.5 ], "texture": "#0" },
				"east": { "uv": [ 0, 0, 0.2, 0.5 ], "texture": "#0" }
			}
		},
		{
			"from": [ 11.3, 3.1, 4.1 ],
			"to": [ 13.1, 3.6, 4.3 ],
			"rotation": { "origin": [ 11.4, 3.9, 8 ], "axis": "z", "angle": 22.5 },
			"faces": {
				"down": { "uv": [ 0, 0, 1.8, 0.1999998 ], "texture": "#0" },
				"up": { "uv": [ 0, 0, 1.8, 0.1999998 ], "texture": "#0" },
				"north": { "uv": [ 0, 0, 1.8, 0.5 ], "texture": "#0" },
				"south": { "uv": [ 0, 0, 1.8, 0.5 ], "texture": "#0" },
				"west": { "uv": [ 0, 0, 0.2, 0.5 ], "texture": "#0" },
				"east": { "uv": [ 0, 0, 0.2, 0.5 ], "texture": "#0" }
			}
		},
		{
			"from": [ 10.8, 2.6, 4.1 ],
			"to": [ 13.2, 3.1, 4.3 ],
			"rotation": { "origin": [ 11.4, 3.9, 8 ], "axis": "z", "angle": 22.5 },
			"faces": {
				"down": { "uv": [ 0, 0, 2.4, 0.1999998 ], "texture": "#0" },
				"up": { "uv": [ 0, 0, 2.4, 0.1999998 ], "texture": "#0" },
				"north": { "uv": [ 0, 0, 2.4, 0.5 ], "texture": "#0" },
				"south": { "uv": [ 0, 0, 2.4, 0.5 ], "texture": "#0" },
				"west": { "uv": [ 0, 0, 0.2, 0.5 ], "texture": "#0" },
				"east": { "uv": [ 0, 0, 0.2, 0.5 ], "texture": "#0" }
			}
		},
		{
			"from": [ 12.3, 1.9, 4.2 ],
			"to": [ 13.9, 2.4, 4.4 ],
			"rotation": { "origin": [ 11.4, 3.9, 8 ], "axis": "z", "angle": 45 },
			"faces": {
				"down": { "uv": [ 0, 0, 1.6, 0.1999998 ], "texture": "#0" },
				"up": { "uv": [ 0, 0, 1.6, 0.1999998 ], "texture": "#0" },
				"north": { "uv": [ 0, 0, 1.6, 0.5 ], "texture": "#0" },
				"south": { "uv": [ 0, 0, 1.6, 0.5 ], "texture": "#0" },
				"west": { "uv": [ 0, 0, 0.2, 0.5 ], "texture": "#0" },
				"east": { "uv": [ 0, 0, 0.2, 0.5 ], "texture": "#0" }
			}
		},
		{
			"from": [ 11, 2.7, 4.2 ],
			"to": [ 12.3, 3.2, 4.4 ],
			"rotation": { "origin": [ 11.4, 3.9, 8 ], "axis": "z", "angle": 45 },
			"faces": {
				"down": { "uv": [ 0, 0, 1.3, 0.1999998 ], "texture": "#0" },
				"up": { "uv": [ 0, 0, 1.3, 0.1999998 ], "texture": "#0" },
				"north": { "uv": [ 0, 0, 1.3, 0.5 ], "texture": "#0" },
				"south": { "uv": [ 0, 0, 1.3, 0.5 ], "texture": "#0" },
				"west": { "uv": [ 0, 0, 0.2, 0.5 ], "texture": "#0" },
				"east": { "uv": [ 0, 0, 0.2, 0.5 ], "texture": "#0" }
			}
		},
		{
			"from": [ 11, 3.8, 4.2 ],
			"to": [ 12.3, 4.3, 4.4 ],
			"rotation": { "origin": [ 11.4, 3.9, 8 ], "axis": "z", "angle": 45 },
			"faces": {
				"down": { "uv": [ 0, 0, 1.3, 0.1999998 ], "texture": "#0" },
				"up": { "uv": [ 0, 0, 1.3, 0.1999998 ], "texture": "#0" },
				"north": { "uv": [ 0, 0, 1.3, 0.5 ], "texture": "#0" },
				"south": { "uv": [ 0, 0, 1.3, 0.5 ], "texture": "#0" },
				"west": { "uv": [ 0, 0, 0.2, 0.5 ], "texture": "#0" },
				"east": { "uv": [ 0, 0, 0.2, 0.5 ], "texture": "#0" }
			}
		},
		{
			"from": [ 12.1, 2.2, 4.3 ],
			"to": [ 15.7, 2.7, 4.5 ],
			"rotation": { "origin": [ 11.4, 3.9, 8 ], "axis": "z", "angle": 45 },
			"faces": {
				"down": { "uv": [ 0, 0, 3.6, 0.1999998 ], "texture": "#0" },
				"up": { "uv": [ 0, 0, 3.6, 0.1999998 ], "texture": "#0" },
				"north": { "uv": [ 0, 0, 3.6, 0.5 ], "texture": "#0" },
				"south": { "uv": [ 0, 0, 3.6, 0.5 ], "texture": "#0" },
				"west": { "uv": [ 0, 0, 0.2, 0.5 ], "texture": "#0" },
				"east": { "uv": [ 0, 0, 0.2, 0.5 ], "texture": "#0" }
			}
		},
		{
			"from": [ 13.2, 3.2, 4.4 ],
			"to": [ 13.7, 6.2, 4.6 ],
			"rotation": { "origin": [ 15.7, 2.2, 4.3 ], "axis": "z", "angle": -22.5 },
			"faces": {
				"down": { "uv": [ 0, 0, 0.5, 0.1999998 ], "texture": "#0" },
				"up": { "uv": [ 0, 0, 0.5, 0.1999998 ], "texture": "#0" },
				"north": { "uv": [ 0, 0, 0.5, 3 ], "texture": "#0" },
				"south": { "uv": [ 0, 0, 0.5, 3 ], "texture": "#0" },
				"west": { "uv": [ 0, 0, 0.2, 3 ], "texture": "#0" },
				"east": { "uv": [ 0, 0, 0.2, 3 ], "texture": "#0" }
			}
		},
		{
			"from": [ 10.9, 3.8, 4.1 ],
			"to": [ 11.5, 5.4, 4.3 ],
			"rotation": { "origin": [ 15.7, 2.2, 4.3 ], "axis": "z", "angle": -22.5 },
			"faces": {
				"down": { "uv": [ 0, 0, 0.6, 0.1999998 ], "texture": "#0" },
				"up": { "uv": [ 0, 0, 0.6, 0.1999998 ], "texture": "#0" },
				"north": { "uv": [ 0, 0, 0.6, 1.6 ], "texture": "#0" },
				"south": { "uv": [ 0, 0, 0.6, 1.6 ], "texture": "#0" },
				"west": { "uv": [ 0, 0, 0.2, 1.6 ], "texture": "#0" },
				"east": { "uv": [ 0, 0, 0.2, 1.6 ], "texture": "#0" }
			}
		},
		{
			"from": [ 11, 4.1, 4.2 ],
			"to": [ 11.5, 6.3, 4.4 ],
			"rotation": { "origin": [ 15.7, 2.2, 4.3 ], "axis": "z", "angle": -22.5 },
			"faces": {
				"down": { "uv": [ 0, 0, 0.5, 0.1999998 ], "texture": "#0" },
				"up": { "uv": [ 0, 0, 0.5, 0.1999998 ], "texture": "#0" },
				"north": { "uv": [ 0, 0, 0.5, 2.2 ], "texture": "#0" },
				"south": { "uv": [ 0, 0, 0.5, 2.2 ], "texture": "#0" },
				"west": { "uv": [ 0, 0, 0.2, 2.2 ], "texture": "#0" },
				"east": { "uv": [ 0, 0, 0.2, 2.2 ], "texture": "#0" }
			}
		},
		{
			"from": [ 11.5, 3.6, 4.3 ],
			"to": [ 12.1, 6.5, 4.5 ],
			"rotation": { "origin": [ 15.7, 2.2, 4.3 ], "axis": "z", "angle": -22.5 },
			"faces": {
				"down": { "uv": [ 0, 0, 0.6, 0.1999998 ], "texture": "#0" },
				"up": { "uv": [ 0, 0, 0.6, 0.1999998 ], "texture": "#0" },
				"north": { "uv": [ 0, 0, 0.6, 2.9 ], "texture": "#0" },
				"south": { "uv": [ 0, 0, 0.6, 2.9 ], "texture": "#0" },
				"west": { "uv": [ 0, 0, 0.2, 2.9 ], "texture": "#0" },
				"east": { "uv": [ 0, 0, 0.2, 2.9 ], "texture": "#0" }
			}
		},
		{
			"from": [ 11.9, 3.2, 4.2 ],
			"to": [ 12.3, 6, 4.4 ],
			"rotation": { "origin": [ 15.7, 2.2, 4.3 ], "axis": "z", "angle": -22.5 },
			"faces": {
				"down": { "uv": [ 0, 0, 0.4, 0.1999998 ], "texture": "#0" },
				"up": { "uv": [ 0, 0, 0.4, 0.1999998 ], "texture": "#0" },
				"north": { "uv": [ 0, 0, 0.4, 2.8 ], "texture": "#0" },
				"south": { "uv": [ 0, 0, 0.4, 2.8 ], "texture": "#0" },
				"west": { "uv": [ 0, 0, 0.2, 2.8 ], "texture": "#0" },
				"east": { "uv": [ 0, 0, 0.2, 2.8 ], "texture": "#0" }
			}
		},
		{
			"from": [ 11.6, 2.9, 4.3 ],
			"to": [ 15.2, 3.6, 4.5 ],
			"rotation": { "origin": [ 11.4, 3.9, 8 ], "axis": "z", "angle": 45 },
			"faces": {
				"down": { "uv": [ 0, 0, 3.6, 0.1999998 ], "texture": "#0" },
				"up": { "uv": [ 0, 0, 3.6, 0.1999998 ], "texture": "#0" },
				"north": { "uv": [ 0, 0, 3.6, 0.6999998 ], "texture": "#0" },
				"south": { "uv": [ 0, 0, 3.6, 0.6999998 ], "texture": "#0" },
				"west": { "uv": [ 0, 0, 0.2, 0.6999998 ], "texture": "#0" },
				"east": { "uv": [ 0, 0, 0.2, 0.6999998 ], "texture": "#0" }
			}
		},
		{
			"from": [ 12.6, 2.7, 4.5 ],
			"to": [ 15.2, 3.1, 4.7 ],
			"rotation": { "origin": [ 11.4, 3.9, 8 ], "axis": "z", "angle": 45 },
			"faces": {
				"down": { "uv": [ 0, 0, 2.6, 0.1999998 ], "texture": "#0" },
				"up": { "uv": [ 0, 0, 2.6, 0.1999998 ], "texture": "#0" },
				"north": { "uv": [ 0, 0, 2.6, 0.3999996 ], "texture": "#0" },
				"south": { "uv": [ 0, 0, 2.6, 0.3999996 ], "texture": "#0" },
				"west": { "uv": [ 0, 0, 0.2, 0.3999996 ], "texture": "#0" },
				"east": { "uv": [ 0, 0, 0.2, 0.3999996 ], "texture": "#0" }
			}
		},
		{
			"from": [ 11.7, 3.1, 4.3 ],
			"to": [ 11.8, 3.3, 4.5 ],
			"rotation": { "origin": [ 15.7, 2.2, 4.3 ], "axis": "z", "angle": -22.5 },
			"faces": {
				"down": { "uv": [ 0, 0, 0.09999999, 0.1999998 ], "texture": "#0" },
				"up": { "uv": [ 0, 0, 0.09999999, 0.1999998 ], "texture": "#0" },
				"north": { "uv": [ 0, 0, 0.09999999, 0.1999998 ], "texture": "#0" },
				"south": { "uv": [ 0, 0, 0.09999999, 0.1999998 ], "texture": "#0" },
				"west": { "uv": [ 0, 0, 0.2, 0.1999998 ], "texture": "#0" },
				"east": { "uv": [ 0, 0, 0.2, 0.1999998 ], "texture": "#0" }
			}
		},
		{
			"from": [ 11.9, 3.5, 4.5 ],
			"to": [ 12.2, 3.8, 4.6 ],
			"rotation": { "origin": [ 15.7, 2.2, 4.3 ], "axis": "z", "angle": -22.5 },
			"faces": {
				"down": { "uv": [ 0, 0, 0.3, 0.1000004 ], "texture": "#0" },
				"up": { "uv": [ 0, 0, 0.3, 0.1000004 ], "texture": "#0" },
				"north": { "uv": [ 0, 0, 0.3, 0.3000002 ], "texture": "#0" },
				"south": { "uv": [ 0, 0, 0.3, 0.3000002 ], "texture": "#0" },
				"west": { "uv": [ 0, 0, 0.09999999, 0.3000002 ], "texture": "#0" },
				"east": { "uv": [ 0, 0, 0.09999999, 0.3000002 ], "texture": "#0" }
			}
		},
		{
			"from": [ 11.6, 1.6, 4.1 ],
			"to": [ 11.9, 2.2, 4.2 ],
			"rotation": { "origin": [ 15.7, 2.2, 4.3 ], "axis": "z", "angle": -45 },
			"faces": {
				"down": { "uv": [ 0, 0, 0.3, 0.1000004 ], "texture": "#0" },
				"up": { "uv": [ 0, 0, 0.3, 0.1000004 ], "texture": "#0" },
				"north": { "uv": [ 0, 0, 0.3, 0.6000004 ], "texture": "#0" },
				"south": { "uv": [ 0, 0, 0.3, 0.6000004 ], "texture": "#0" },
				"west": { "uv": [ 0, 0, 0.09999999, 0.6000004 ], "texture": "#0" },
				"east": { "uv": [ 0, 0, 0.09999999, 0.6000004 ], "texture": "#0" }
			}
		},
		{
			"from": [ 13.8, 3.6, 4.4 ],
			"to": [ 16.6, 4.1, 4.6 ],
			"rotation": { "origin": [ 11.4, 3.9, 8 ], "axis": "z", "angle": 45 },
			"faces": {
				"down": { "uv": [ 0, 0, 2.8, 0.1999998 ], "texture": "#0" },
				"up": { "uv": [ 0, 0, 2.8, 0.1999998 ], "texture": "#0" },
				"north": { "uv": [ 0, 0, 2.8, 0.5 ], "texture": "#0" },
				"south": { "uv": [ 0, 0, 2.8, 0.5 ], "texture": "#0" },
				"west": { "uv": [ 0, 0, 0.2, 0.5 ], "texture": "#0" },
				"east": { "uv": [ 0, 0, 0.2, 0.5 ], "texture": "#0" }
			}
		},
		{
			"from": [ 14.1, 5.1, 4.6 ],
			"to": [ 14.6, 8, 4.8 ],
			"rotation": { "origin": [ 16.6, 3.6, 4.4 ], "axis": "z", "angle": -22.5 },
			"faces": {
				"down": { "uv": [ 0, 0, 0.5, 0.1999998 ], "texture": "#0", "cullface": "east" },
				"up": { "uv": [ 0, 0, 0.5, 0.1999998 ], "texture": "#0", "cullface": "east" },
				"north": { "uv": [ 0, 0, 0.5, 2.9 ], "texture": "#0", "cullface": "east" },
				"south": { "uv": [ 0, 0, 0.5, 2.9 ], "texture": "#0", "cullface": "east" },
				"west": { "uv": [ 0, 0, 0.2, 2.9 ], "texture": "#0", "cullface": "east" },
				"east": { "uv": [ 0, 0, 0.2, 2.9 ], "texture": "#0", "cullface": "east" }
			}
		},
		{
			"from": [ 13.6, 5.1, 4.7 ],
			"to": [ 14.1, 8.5, 4.9 ],
			"rotation": { "origin": [ 16.6, 3.6, 4.4 ], "axis": "z", "angle": -22.5 },
			"faces": {
				"down": { "uv": [ 0, 0, 0.5, 0.1999998 ], "texture": "#0", "cullface": "east" },
				"up": { "uv": [ 0, 0, 0.5, 0.1999998 ], "texture": "#0", "cullface": "east" },
				"north": { "uv": [ 0, 0, 0.5, 3.4 ], "texture": "#0", "cullface": "east" },
				"south": { "uv": [ 0, 0, 0.5, 3.4 ], "texture": "#0", "cullface": "east" },
				"west": { "uv": [ 0, 0, 0.2, 3.4 ], "texture": "#0", "cullface": "east" },
				"east": { "uv": [ 0, 0, 0.2, 3.4 ], "texture": "#0", "cullface": "east" }
			}
		},
		{
			"from": [ 13.1, 4.7, 4.6 ],
			"to": [ 13.6, 8.9, 4.8 ],
			"rotation": { "origin": [ 16.6, 3.6, 4.4 ], "axis": "z", "angle": -22.5 },
			"faces": {
				"down": { "uv": [ 0, 0, 0.5, 0.1999998 ], "texture": "#0" },
				"up": { "uv": [ 0, 0, 0.5, 0.1999998 ], "texture": "#0" },
				"north": { "uv": [ 0, 0, 0.5, 4.2 ], "texture": "#0" },
				"south": { "uv": [ 0, 0, 0.5, 4.2 ], "texture": "#0" },
				"west": { "uv": [ 0, 0, 0.2, 4.2 ], "texture": "#0" },
				"east": { "uv": [ 0, 0, 0.2, 4.2 ], "texture": "#0" }
			}
		},
		{
			"from": [ 14.3, 6.1, 4.5 ],
			"to": [ 14.8, 11.1, 4.7 ],
			"faces": {
				"down": { "uv": [ 0, 0, 0.5, 0.1999998 ], "texture": "#0" },
				"up": { "uv": [ 0, 0, 0.5, 0.1999998 ], "texture": "#0" },
				"north": { "uv": [ 0, 0, 0.5, 5 ], "texture": "#0" },
				"south": { "uv": [ 0, 0, 0.5, 5 ], "texture": "#0" },
				"west": { "uv": [ 0, 0, 0.2, 5 ], "texture": "#0" },
				"east": { "uv": [ 0, 0, 0.2, 5 ], "texture": "#0" }
			}
		},
		{
			"from": [ 13.8, 6.6, 4.5 ],
			"to": [ 14.3, 11.6, 4.7 ],
			"faces": {
				"down": { "uv": [ 0, 0, 0.5, 0.1999998 ], "texture": "#0" },
				"up": { "uv": [ 0, 0, 0.5, 0.1999998 ], "texture": "#0" },
				"north": { "uv": [ 0, 0, 0.5, 5 ], "texture": "#0" },
				"south": { "uv": [ 0, 0, 0.5, 5 ], "texture": "#0" },
				"west": { "uv": [ 0, 0, 0.2, 5 ], "texture": "#0" },
				"east": { "uv": [ 0, 0, 0.2, 5 ], "texture": "#0" }
			}
		},
		{
			"from": [ 13.3, 7.7, 4.4 ],
			"to": [ 13.8, 12.2, 4.6 ],
			"faces": {
				"down": { "uv": [ 0, 0, 0.5, 0.1999998 ], "texture": "#0" },
				"up": { "uv": [ 0, 0, 0.5, 0.1999998 ], "texture": "#0" },
				"north": { "uv": [ 0, 0, 0.5, 4.5 ], "texture": "#0" },
				"south": { "uv": [ 0, 0, 0.5, 4.5 ], "texture": "#0" },
				"west": { "uv": [ 0, 0, 0.2, 4.5 ], "texture": "#0" },
				"east": { "uv": [ 0, 0, 0.2, 4.5 ], "texture": "#0" }
			}
		},
		{
			"from": [ 12.6, 5, 4.7 ],
			"to": [ 13.1, 9.2, 4.9 ],
			"rotation": { "origin": [ 16.6, 3.6, 4.4 ], "axis": "z", "angle": -22.5 },
			"faces": {
				"down": { "uv": [ 0, 0, 0.5, 0.1999998 ], "texture": "#0" },
				"up": { "uv": [ 0, 0, 0.5, 0.1999998 ], "texture": "#0" },
				"north": { "uv": [ 0, 0, 0.5, 4.2 ], "texture": "#0" },
				"south": { "uv": [ 0, 0, 0.5, 4.2 ], "texture": "#0" },
				"west": { "uv": [ 0, 0, 0.2, 4.2 ], "texture": "#0" },
				"east": { "uv": [ 0, 0, 0.2, 4.2 ], "texture": "#0" }
			}
		},
		{
			"from": [ 12.1, 5.1, 4.6 ],
			"to": [ 12.6, 9.5, 4.8 ],
			"rotation": { "origin": [ 16.6, 3.6, 4.4 ], "axis": "z", "angle": -22.5 },
			"faces": {
				"down": { "uv": [ 0, 0, 0.5, 0.1999998 ], "texture": "#0" },
				"up": { "uv": [ 0, 0, 0.5, 0.1999998 ], "texture": "#0" },
				"north": { "uv": [ 0, 0, 0.5, 4.4 ], "texture": "#0" },
				"south": { "uv": [ 0, 0, 0.5, 4.4 ], "texture": "#0" },
				"west": { "uv": [ 0, 0, 0.2, 4.4 ], "texture": "#0" },
				"east": { "uv": [ 0, 0, 0.2, 4.4 ], "texture": "#0" }
			}
		}
	],
	"display": {
		"head": {
			"rotation":  [ 0, 180, 0 ],
			"translation":  [ 2.8, -28, -10.5 ],
			"scale":  [ 5, 5, 5 ]
		}
	}
}