{
    "__comment": "Model generated using MrCrayfish's Model Creator (http://mrcrayfish.com/modelcreator/)",
    "textures": {
        "0": "item/character/witch/witch1"
    },
	"display":
	{
    "head": { 
		"rotation": [ 0, 0, 0 ], 
		"translation": [ 0, -20, 0], 
		"scale": [ 1.6, 1.6, 1.6 ]
		}
	},
    "elements": [
        {
            "name": "Bottom",
            "from": [ 3.0, 0.0, 3.0 ], 
            "to": [ 13.0, 2.0, 13.0 ], 
            "faces": {
                "north": { "texture": "#0", "uv": [ 0.0, 5.0, 5.0, 6.000000000000002 ] },
                "east": { "texture": "#0", "uv": [ 0.0, 5.0, 5.0, 6.0 ] },
                "south": { "texture": "#0", "uv": [ 0.0, 5.0, 5.0, 6.0 ] },
                "west": { "texture": "#0", "uv": [ 0.0, 5.0, 5.0, 5.0 ] },
                "up": { "texture": "#0", "uv": [ 0.0, 0.0, 5.0, 6.0 ] },
                "down": { "texture": "#0", "uv": [ 8.0, 0.0, 13.0, 5.0 ] }
            }
        },
        {
            "name": "Middle",
            "from": [ 4.499999992549419, 2.0, 4.500000007450581 ], 
            "to": [ 11.49999999254942, 6.0, 11.50000000745058 ], 
            "faces": {
                "north": { "texture": "#0", "uv": [ 4.0, 12.0, 7.500000000000002, 14.0 ] },
                "east": { "texture": "#0", "uv": [ 0.0, 12.0, 3.5000000000000004, 14.0 ] },
                "south": { "texture": "#0", "uv": [ 0.0, 12.0, 3.5000000000000004, 14.0 ] },
                "west": { "texture": "#0", "uv": [ 0.0, 12.0, 3.5000000000000004, 14.0 ] },
                "up": { "texture": "#0", "uv": [ 0.0, 8.0, 3.4999999999999996, 11.500000000000002 ] },
                "down": { "texture": "#0", "uv": [ 4.0, 8.0, 7.499999999999998, 11.499999999999998 ] }
            }
        },
        {
            "name": "Top",
            "from": [ 5.999999985098839, 5.0, 7.0 ], 
            "to": [ 9.999999985098839, 10.0, 11.0 ], 
            "rotation": { "origin": [ 8.0, 8.0, 8.0 ], "axis": "x", "angle": 22.5 },
            "faces": {
                "north": { "texture": "#0", "uv": [ 8.0, 10.0, 10.0, 12.0 ] },
                "east": { "texture": "#0", "uv": [ 8.0, 10.0, 10.0, 12.0 ] },
                "south": { "texture": "#0", "uv": [ 8.0, 10.0, 10.0, 12.0 ] },
                "west": { "texture": "#0", "uv": [ 8.0, 10.0, 10.0, 12.0 ] },
                "up": { "texture": "#0", "uv": [ 8.0, 8.0, 10.0, 10.0 ] },
                "down": { "texture": "#0", "uv": [ 10.0, 8.0, 12.0, 10.0 ] }
            }
        },
        {
            "name": "End",
            "from": [ 7.500000007450581, 9.200000002980232, 7.700000010430813 ], 
            "to": [ 8.50000000745058, 12.200000002980232, 8.700000010430813 ], 
            "rotation": { "origin": [ 8.0, 8.0, 8.0 ], "axis": "x", "angle": 45.0 },
            "faces": {
                "north": { "texture": "#0", "uv": [ 8.0, 13.0, 9.0, 14.0 ] },
                "east": { "texture": "#0", "uv": [ 8.0, 13.0, 9.0, 14.0 ] },
                "south": { "texture": "#0", "uv": [ 8.0, 13.0, 9.0, 14.0 ] },
                "west": { "texture": "#0", "uv": [ 8.0, 13.0, 9.0, 14.0 ] },
                "up": { "texture": "#0", "uv": [ 10.0, 13.0, 10.5, 13.5 ] },
                "down": { "texture": "#0", "uv": [ 11.0, 13.0, 11.5, 13.5 ] }
            }
        },
        {
            "name": "BandA",
            "from": [ 4.199999988079071, 3.0, 4.500000007450581 ], 
            "to": [ 4.499999992549419, 4.0, 11.50000000745058 ], 
            "faces": {
                "north": { "texture": "#0", "uv": [ 0.0, 13.0, 3.5000000000000018, 13.5 ] },
                "east": { "texture": "#0", "uv": [ 0.0, 13.0, 3.5000000000000004, 13.5 ] },
                "south": { "texture": "#0", "uv": [ 0.0, 13.0, 3.5000000000000004, 13.5 ] },
                "west": { "texture": "#0", "uv": [ 0.0, 13.0, 3.5000000000000004, 13.5 ] },
                "up": { "texture": "#0", "uv": [ 0.0, 13.0, 3.4999999999999996, 13.5 ] },
                "down": { "texture": "#0", "uv": [ 0.0, 13.0, 3.5, 13.5 ] }
            }
        },
        {
            "name": "BandB",
            "from": [ 11.499999977648258, 3.0, 4.500000007450581 ], 
            "to": [ 11.799999982118607, 4.0, 11.50000000745058 ], 
            "faces": {
                "north": { "texture": "#0", "uv": [ 0.0, 13.0, 3.5000000000000018, 13.5 ] },
                "east": { "texture": "#0", "uv": [ 0.0, 13.0, 3.5000000000000004, 13.5 ] },
                "south": { "texture": "#0", "uv": [ 0.0, 13.0, 3.5000000000000004, 13.5 ] },
                "west": { "texture": "#0", "uv": [ 0.0, 13.0, 3.5000000000000004, 13.5 ] },
                "up": { "texture": "#0", "uv": [ 0.0, 13.0, 3.4999999999999996, 13.5 ] },
                "down": { "texture": "#0", "uv": [ 0.0, 13.0, 3.5, 13.5 ] }
            }
        },
        {
            "name": "BandC",
            "from": [ 4.19999997317791, 3.0, 11.50000000745058 ], 
            "to": [ 11.799999982118607, 4.0, 11.800000007450581 ], 
            "faces": {
                "north": { "texture": "#0", "uv": [ 0.0, 13.0, 3.5000000000000018, 13.5 ] },
                "east": { "texture": "#0", "uv": [ 0.0, 13.0, 3.5000000000000004, 13.5 ] },
                "south": { "texture": "#0", "uv": [ 0.0, 13.0, 3.5000000000000004, 13.5 ] },
                "west": { "texture": "#0", "uv": [ 0.0, 13.0, 3.5000000000000004, 13.5 ] },
                "up": { "texture": "#0", "uv": [ 0.0, 13.0, 3.4999999999999996, 13.5 ] },
                "down": { "texture": "#0", "uv": [ 0.0, 13.0, 3.5, 13.5 ] }
            }
        },
        {
            "name": "BandD",
            "from": [ 4.19999997317791, 3.0, 4.200000002980232 ], 
            "to": [ 6.499999992549419, 4.0, 4.500000002980232 ], 
            "faces": {
                "north": { "texture": "#0", "uv": [ 6.5, 13.0, 7.499999999999998, 13.5 ] },
                "east": { "texture": "#0", "uv": [ 0.0, 13.0, 3.5000000000000004, 13.5 ] },
                "south": { "texture": "#0", "uv": [ 0.0, 13.0, 3.5000000000000004, 13.5 ] },
                "west": { "texture": "#0", "uv": [ 0.0, 13.0, 3.5000000000000004, 13.5 ] },
                "up": { "texture": "#0", "uv": [ 0.0, 13.0, 3.4999999999999996, 13.5 ] },
                "down": { "texture": "#0", "uv": [ 0.0, 13.0, 3.5, 13.5 ] }
            }
        },
        {
            "name": "BandE",
            "from": [ 9.499999962747097, 3.0, 4.200000002980232 ], 
            "to": [ 11.799999982118607, 4.0, 4.500000002980232 ], 
            "faces": {
                "north": { "texture": "#0", "uv": [ 7.5, 13.0, 6.5, 13.5 ] },
                "east": { "texture": "#0", "uv": [ 0.0, 13.0, 3.5000000000000004, 13.5 ] },
                "south": { "texture": "#0", "uv": [ 0.0, 13.0, 3.5000000000000004, 13.5 ] },
                "west": { "texture": "#0", "uv": [ 0.0, 13.0, 3.5000000000000004, 13.5 ] },
                "up": { "texture": "#0", "uv": [ 0.0, 13.0, 3.4999999999999996, 13.5 ] },
                "down": { "texture": "#0", "uv": [ 0.0, 13.0, 3.5, 13.5 ] }
            }
        },
        {
            "name": "GemA",
            "from": [ 6.499999962747097, 2.0, 4.200000002980232 ], 
            "to": [ 9.49999999254942, 5.0, 4.500000002980232 ], 
            "faces": {
                "north": { "texture": "#0", "uv": [ 5.0, 12.5, 6.5, 14.0 ] },
                "east": { "texture": "#0", "uv": [ 0.0, 13.0, 3.5000000000000004, 13.5 ] },
                "south": { "texture": "#0", "uv": [ 0.0, 13.0, 3.5000000000000004, 13.5 ] },
                "west": { "texture": "#0", "uv": [ 0.0, 13.0, 3.5000000000000004, 13.5 ] },
                "up": { "texture": "#0", "uv": [ 0.0, 13.0, 3.4999999999999996, 13.5 ] },
                "down": { "texture": "#0", "uv": [ 0.0, 13.0, 3.5, 13.5 ] }
            }
        },
        {
            "name": "GemB",
            "from": [ 7.499999977648258, 3.0, 4.100000016391277 ], 
            "to": [ 8.50000000745058, 4.0, 4.400000016391277 ], 
            "faces": {
                "north": { "texture": "#0", "uv": [ 5.5, 13.0, 6.0, 13.5 ] },
                "east": { "texture": "#0", "uv": [ 0.0, 13.0, 3.5000000000000004, 13.0 ] },
                "south": { "texture": "#0", "uv": [ 0.0, 13.0, 3.5000000000000004, 13.5 ] },
                "west": { "texture": "#0", "uv": [ 0.0, 13.0, 3.5000000000000004, 13.5 ] },
                "up": { "texture": "#0", "uv": [ 0.0, 13.0, 3.4999999999999996, 13.5 ] },
                "down": { "texture": "#0", "uv": [ 0.0, 13.0, 3.5, 13.5 ] }
            }
        }
    ]
}