{
    "variants": {
        "facing=east,half=bottom,shape=straight":  { "model": "acacia_stairs", "y": 90, "uvlock": true },
        "facing=west,half=bottom,shape=straight":  { "model": "acacia_stairs", "y": 270, "uvlock": true },
        "facing=south,half=bottom,shape=straight": { "model": "acacia_stairs", "y": 180, "uvlock": true },
        "facing=north,half=bottom,shape=straight": { "model": "acacia_stairs", "y": 0, "uvlock": true },
        "facing=east,half=bottom,shape=outer_right":  { "model": "acacia_outer_stairs" },
        "facing=west,half=bottom,shape=outer_right":  { "model": "acacia_outer_stairs", "y": 180, "uvlock": true },
        "facing=south,half=bottom,shape=outer_right": { "model": "acacia_outer_stairs", "y": 90, "uvlock": true },
        "facing=north,half=bottom,shape=outer_right": { "model": "acacia_outer_stairs", "y": 270, "uvlock": true },
        "facing=east,half=bottom,shape=outer_left":  { "model": "acacia_outer_stairs", "y": 270, "uvlock": true },
        "facing=west,half=bottom,shape=outer_left":  { "model": "acacia_outer_stairs", "y": 90, "uvlock": true },
        "facing=south,half=bottom,shape=outer_left": { "model": "acacia_outer_stairs" },
        "facing=north,half=bottom,shape=outer_left": { "model": "acacia_outer_stairs", "y": 180, "uvlock": true },
        "facing=east,half=bottom,shape=inner_right":  { "model": "acacia_inner_stairs" },
        "facing=west,half=bottom,shape=inner_right":  { "model": "acacia_inner_stairs", "y": 180, "uvlock": true },
        "facing=south,half=bottom,shape=inner_right": { "model": "acacia_inner_stairs", "y": 90, "uvlock": true },
        "facing=north,half=bottom,shape=inner_right": { "model": "acacia_inner_stairs", "y": 270, "uvlock": true },
        "facing=east,half=bottom,shape=inner_left":  { "model": "acacia_inner_stairs", "y": 270, "uvlock": true },
        "facing=west,half=bottom,shape=inner_left":  { "model": "acacia_inner_stairs", "y": 90, "uvlock": true },
        "facing=south,half=bottom,shape=inner_left": { "model": "acacia_inner_stairs" },
        "facing=north,half=bottom,shape=inner_left": { "model": "acacia_inner_stairs", "y": 180, "uvlock": true },
        "facing=east,half=top,shape=straight":  [
		                                         { "model": "custom/drawer/drawer", "x": 0, "y": 90, "uvlock": true },
												 { "model": "custom/drawer/drawer2", "x": 0, "y": 90, "uvlock": true }
												 ],
        "facing=west,half=top,shape=straight":  [
												 { "model": "custom/drawer/drawer", "x": 0, "y": 270, "uvlock": true },
												 { "model": "custom/drawer/drawer2", "x": 0, "y": 270, "uvlock": true }
												 ],
        "facing=south,half=top,shape=straight": [
												 { "model": "custom/drawer/drawer", "x": 0, "y": 180, "uvlock": true },
												 { "model": "custom/drawer/drawer2", "x": 0, "y": 180, "uvlock": true }
												 ],
        "facing=north,half=top,shape=straight": [
												 { "model": "custom/drawer/drawer", "x": 0, "y": 0, "uvlock": true },
												 { "model": "custom/drawer/drawer2", "x": 0, "y": 0, "uvlock": true }
												 ],
        "facing=east,half=top,shape=outer_right":  { "model": "acacia_outer_stairs", "x": 180, "y": 90, "uvlock": true },
        "facing=west,half=top,shape=outer_right":  { "model": "acacia_outer_stairs", "x": 180, "y": 270, "uvlock": true },
        "facing=south,half=top,shape=outer_right": { "model": "acacia_outer_stairs", "x": 180, "y": 180, "uvlock": true },
        "facing=north,half=top,shape=outer_right": { "model": "acacia_outer_stairs", "x": 180, "uvlock": true },
        "facing=east,half=top,shape=outer_left":  { "model": "acacia_outer_stairs", "x": 180, "uvlock": true },
        "facing=west,half=top,shape=outer_left":  { "model": "acacia_outer_stairs", "x": 180, "y": 180, "uvlock": true },
        "facing=south,half=top,shape=outer_left": { "model": "acacia_outer_stairs", "x": 180, "y": 90, "uvlock": true },
        "facing=north,half=top,shape=outer_left": { "model": "acacia_outer_stairs", "x": 180, "y": 270, "uvlock": true },
        "facing=east,half=top,shape=inner_right":  { "model": "acacia_inner_stairs", "x": 180, "y": 90, "uvlock": true },
        "facing=west,half=top,shape=inner_right":  { "model": "acacia_inner_stairs", "x": 180, "y": 270, "uvlock": true },
        "facing=south,half=top,shape=inner_right": { "model": "acacia_inner_stairs", "x": 180, "y": 180, "uvlock": true },
        "facing=north,half=top,shape=inner_right": { "model": "acacia_inner_stairs", "x": 180, "uvlock": true },
        "facing=east,half=top,shape=inner_left":  { "model": "acacia_inner_stairs", "x": 180, "uvlock": true },
        "facing=west,half=top,shape=inner_left":  { "model": "acacia_inner_stairs", "x": 180, "y": 180, "uvlock": true },
        "facing=south,half=top,shape=inner_left": { "model": "acacia_inner_stairs", "x": 180, "y": 90, "uvlock": true },
        "facing=north,half=top,shape=inner_left": { "model": "acacia_inner_stairs", "x": 180, "y": 270, "uvlock": true }
    }
}
