{
    "variants": {
        "normal": [
		{ "model": "custom/gold/goldencoins1", "y": 0 },
		{ "model": "custom/gold/goldencoins1", "y": 90 },
		{ "model": "custom/gold/goldencoins1", "y": 180 },
		{ "model": "custom/gold/goldencoins1", "y": 270 },
		{ "model": "custom/gold/goldencoins2", "y": 0 },
		{ "model": "custom/gold/goldencoins2", "y": 90 },
		{ "model": "custom/gold/goldencoins2", "y": 180 },
		{ "model": "custom/gold/goldencoins2", "y": 270 },
	    { "model": "custom/gold/goldencoins3", "y": 0 },
		{ "model": "custom/gold/goldencoins3", "y": 90 },
		{ "model": "custom/gold/goldencoins3", "y": 180 },
		{ "model": "custom/gold/goldencoins3", "y": 270 }
		]
    }
}
