{
    "variants": {
        "facing=south":             [
		                             { "model": "custom/beer/beer", "y": 0    },
									 { "model": "custom/beer/beer", "y": 90    },
									 { "model": "custom/beer/beer", "y": 180    },
									 { "model": "custom/beer/beer", "y": 270    },
									 { "model": "custom/beer/beer_rotated", "y": 0  },
									 { "model": "custom/beer/beer_rotated", "y": 90  },
									 { "model": "custom/beer/beer_rotated", "y": 180  },
									 { "model": "custom/beer/beer_rotated", "y": 270  }
									 ],
        "facing=west":  [
		                             { "model": "custom/potion/potion1", "y": 0   },
									 { "model": "custom/potion/potion1", "y": 90   },
									 { "model": "custom/potion/potion1", "y": 180   },
									 { "model": "custom/potion/potion1", "y": 270   },
		                             { "model": "custom/potion/potion2", "y": 0   },
									 { "model": "custom/potion/potion2", "y": 90   },
									 { "model": "custom/potion/potion2", "y": 180   },
									 { "model": "custom/potion/potion2", "y": 270   },
									 { "model": "custom/potion/potion3", "y": 0   },
									 { "model": "custom/potion/potion3", "y": 90   },
									 { "model": "custom/potion/potion3", "y": 180   },
									 { "model": "custom/potion/potion3", "y": 270   },
									 { "model": "custom/potion/potion4", "y": 0   },
									 { "model": "custom/potion/potion4", "y": 90   },
									 { "model": "custom/potion/potion4", "y": 180   },
									 { "model": "custom/potion/potion4", "y": 270   },
									 { "model": "custom/potion/potion5", "y": 0   },
									 { "model": "custom/potion/potion5", "y": 90   },
									 { "model": "custom/potion/potion5", "y": 180   },
									 { "model": "custom/potion/potion5", "y": 270   },
									 { "model": "custom/potion/potion6", "y": 0   },
									 { "model": "custom/potion/potion6", "y": 90   },
									 { "model": "custom/potion/potion6", "y": 180   },
									 { "model": "custom/potion/potion6", "y": 270   },
									 { "model": "custom/potion/potion7", "y": 0   },
									 { "model": "custom/potion/potion7", "y": 90   },
									 { "model": "custom/potion/potion7", "y": 180   },
									 { "model": "custom/potion/potion7", "y": 270   },
									 { "model": "custom/potion/potion8", "y": 0   },
									 { "model": "custom/potion/potion8", "y": 90   },
									 { "model": "custom/potion/potion8", "y": 180   },
									 { "model": "custom/potion/potion8", "y": 270   },
									 { "model": "custom/potion/potion9", "y": 0   },
									 { "model": "custom/potion/potion9", "y": 90   },
									 { "model": "custom/potion/potion9", "y": 180   },
									 { "model": "custom/potion/potion9", "y": 270   },
									 { "model": "custom/potion/potion10", "y": 0   },
									 { "model": "custom/potion/potion10", "y": 90   },
									 { "model": "custom/potion/potion10", "y": 180   },
									 { "model": "custom/potion/potion10", "y": 270   },
									 { "model": "custom/potion/potion11", "y": 0   },
									 { "model": "custom/potion/potion11", "y": 90   },
									 { "model": "custom/potion/potion11", "y": 180   },
									 { "model": "custom/potion/potion11", "y": 270   },
									 { "model": "custom/potion/potion12", "y": 0   },
									 { "model": "custom/potion/potion12", "y": 90   },
									 { "model": "custom/potion/potion12", "y": 180   },
									 { "model": "custom/potion/potion12", "y": 270   },
									 { "model": "custom/potion/potion13", "y": 0   },
									 { "model": "custom/potion/potion13", "y": 90   },
									 { "model": "custom/potion/potion13", "y": 180   },
									 { "model": "custom/potion/potion13", "y": 270   },
									 { "model": "custom/potion/potion14", "y": 0   },
									 { "model": "custom/potion/potion14", "y": 90   },
									 { "model": "custom/potion/potion14", "y": 180   },
									 { "model": "custom/potion/potion14", "y": 270   },
									 { "model": "custom/potion/potion15", "y": 0   },
									 { "model": "custom/potion/potion15", "y": 90   },
									 { "model": "custom/potion/potion15", "y": 180   },
									 { "model": "custom/potion/potion15", "y": 270   },
									 { "model": "custom/potion/potion16", "y": 0   },
									 { "model": "custom/potion/potion16", "y": 90   },
									 { "model": "custom/potion/potion16", "y": 180   },
									 { "model": "custom/potion/potion16", "y": 270   },
									 { "model": "custom/potion/potion17", "y": 0   },
									 { "model": "custom/potion/potion17", "y": 90   },
									 { "model": "custom/potion/potion17", "y": 180   },
									 { "model": "custom/potion/potion17", "y": 270   },
									 { "model": "custom/potion/potion18", "y": 0   },
									 { "model": "custom/potion/potion18", "y": 90   },
									 { "model": "custom/potion/potion18", "y": 180   },
									 { "model": "custom/potion/potion18", "y": 270   },
									 { "model": "custom/potion/potion19", "y": 0   },
									 { "model": "custom/potion/potion19", "y": 90   },
									 { "model": "custom/potion/potion19", "y": 180   },
									 { "model": "custom/potion/potion19", "y": 270   },
									 { "model": "custom/potion/potion20", "y": 0   },
									 { "model": "custom/potion/potion20", "y": 90   },
									 { "model": "custom/potion/potion20", "y": 180   },
									 { "model": "custom/potion/potion20", "y": 270   },
									 { "model": "custom/potion/potion21", "y": 0   },
									 { "model": "custom/potion/potion21", "y": 90   },
									 { "model": "custom/potion/potion21", "y": 180   },
									 { "model": "custom/potion/potion21", "y": 270   },
									 { "model": "custom/potion/potion22", "y": 0   },
									 { "model": "custom/potion/potion22", "y": 90   },
									 { "model": "custom/potion/potion22", "y": 180   },
									 { "model": "custom/potion/potion22", "y": 270   },
									 { "model": "custom/potion/potion23", "y": 0   },
									 { "model": "custom/potion/potion23", "y": 90   },
									 { "model": "custom/potion/potion23", "y": 180   },
									 { "model": "custom/potion/potion23", "y": 270   },
									 { "model": "custom/potion/potion24", "y": 0   },
									 { "model": "custom/potion/potion24", "y": 90   },
									 { "model": "custom/potion/potion24", "y": 180   },
									 { "model": "custom/potion/potion24", "y": 270   },
									 { "model": "custom/potion/potion25", "y": 0   },
									 { "model": "custom/potion/potion25", "y": 90   },
									 { "model": "custom/potion/potion25", "y": 180   },
									 { "model": "custom/potion/potion25", "y": 270   },
									 { "model": "custom/potion/potion26", "y": 0   },
									 { "model": "custom/potion/potion26", "y": 90   },
									 { "model": "custom/potion/potion26", "y": 180   },
									 { "model": "custom/potion/potion26", "y": 270   },
									 { "model": "custom/potion/potion27", "y": 0   },
									 { "model": "custom/potion/potion27", "y": 90   },
									 { "model": "custom/potion/potion27", "y": 180   },
									 { "model": "custom/potion/potion27", "y": 270   },
									 { "model": "custom/potion/potion28", "y": 0   },
									 { "model": "custom/potion/potion28", "y": 90   },
									 { "model": "custom/potion/potion28", "y": 180   },
									 { "model": "custom/potion/potion28", "y": 270   },
									 { "model": "custom/potion/potion29", "y": 0   },
									 { "model": "custom/potion/potion29", "y": 90   },
									 { "model": "custom/potion/potion29", "y": 180   },
									 { "model": "custom/potion/potion29", "y": 270   },
									 { "model": "custom/potion/potion30", "y": 0   },
									 { "model": "custom/potion/potion30", "y": 90   },
									 { "model": "custom/potion/potion30", "y": 180   },
									 { "model": "custom/potion/potion30", "y": 270   },
									 { "model": "custom/potion/potion31", "y": 0   },
									 { "model": "custom/potion/potion31", "y": 90   },
									 { "model": "custom/potion/potion31", "y": 180   },
									 { "model": "custom/potion/potion31", "y": 270   },
									 { "model": "custom/potion/potion32", "y": 0   },
									 { "model": "custom/potion/potion32", "y": 90   },
									 { "model": "custom/potion/potion32", "y": 180   },
									 { "model": "custom/potion/potion32", "y": 270   },
									 { "model": "custom/potion/potion33", "y": 0   },
									 { "model": "custom/potion/potion33", "y": 90   },
									 { "model": "custom/potion/potion33", "y": 180   },
									 { "model": "custom/potion/potion33", "y": 270   },
									 { "model": "custom/potion/potion34", "y": 0   },
									 { "model": "custom/potion/potion34", "y": 90   },
									 { "model": "custom/potion/potion34", "y": 180   },
									 { "model": "custom/potion/potion34", "y": 270   },
									 { "model": "custom/potion/potion35", "y": 0   },
									 { "model": "custom/potion/potion35", "y": 90   },
									 { "model": "custom/potion/potion35", "y": 180   },
									 { "model": "custom/potion/potion35", "y": 270   },
									 { "model": "custom/potion/potion36", "y": 0   },
									 { "model": "custom/potion/potion36", "y": 90   },
									 { "model": "custom/potion/potion36", "y": 180   },
									 { "model": "custom/potion/potion36", "y": 270   },
									 { "model": "custom/potion/potion37", "y": 0   },
									 { "model": "custom/potion/potion37", "y": 90   },
									 { "model": "custom/potion/potion37", "y": 180   },
									 { "model": "custom/potion/potion37", "y": 270   },
									 { "model": "custom/potion/potion38", "y": 0   },
									 { "model": "custom/potion/potion38", "y": 90   },
									 { "model": "custom/potion/potion38", "y": 180   },
									 { "model": "custom/potion/potion38", "y": 270   },
									 { "model": "custom/potion/potion39", "y": 0   },
									 { "model": "custom/potion/potion39", "y": 90   },
									 { "model": "custom/potion/potion39", "y": 180   },
									 { "model": "custom/potion/potion39", "y": 270   },
									 { "model": "custom/potion/potion40", "y": 0   },
									 { "model": "custom/potion/potion40", "y": 90   },
									 { "model": "custom/potion/potion40", "y": 180   },
									 { "model": "custom/potion/potion40", "y": 270   },
									 { "model": "custom/potion/potion41", "y": 0   },
									 { "model": "custom/potion/potion41", "y": 90   },
									 { "model": "custom/potion/potion41", "y": 180   },
									 { "model": "custom/potion/potion41", "y": 270   },
									 { "model": "custom/potion/potion42", "y": 0   },
									 { "model": "custom/potion/potion42", "y": 90   },
									 { "model": "custom/potion/potion42", "y": 180   },
									 { "model": "custom/potion/potion42", "y": 270   },
                                     { "model": "custom/potion/potion43", "y": 0   },
									 { "model": "custom/potion/potion43", "y": 90   },
									 { "model": "custom/potion/potion43", "y": 180   },
									 { "model": "custom/potion/potion43", "y": 270   },	
									 { "model": "custom/potion/potion44", "y": 0   },
									 { "model": "custom/potion/potion44", "y": 90   },
									 { "model": "custom/potion/potion44", "y": 180   },
									 { "model": "custom/potion/potion44", "y": 270   },
									 { "model": "custom/potion/potion45", "y": 0   },
									 { "model": "custom/potion/potion45", "y": 90   },
									 { "model": "custom/potion/potion45", "y": 180   },
									 { "model": "custom/potion/potion45", "y": 270   },
									 { "model": "custom/potion/potion46", "y": 0   },
									 { "model": "custom/potion/potion46", "y": 90   },
									 { "model": "custom/potion/potion46", "y": 180   },
									 { "model": "custom/potion/potion46", "y": 270   },
									 { "model": "custom/potion/potion47", "y": 0   },
									 { "model": "custom/potion/potion47", "y": 90   },
									 { "model": "custom/potion/potion47", "y": 180   },
									 { "model": "custom/potion/potion47", "y": 270   },
									 { "model": "custom/potion/potion48", "y": 0   },
									 { "model": "custom/potion/potion48", "y": 90   },
									 { "model": "custom/potion/potion48", "y": 180   },
									 { "model": "custom/potion/potion48", "y": 270   },
									 { "model": "custom/potion/potion49", "y": 0   },
									 { "model": "custom/potion/potion49", "y": 90   },
									 { "model": "custom/potion/potion49", "y": 180   },
									 { "model": "custom/potion/potion49", "y": 270   },
									 { "model": "custom/potion/potion50", "y": 0   },
									 { "model": "custom/potion/potion50", "y": 90   },
									 { "model": "custom/potion/potion50", "y": 180   },
									 { "model": "custom/potion/potion50", "y": 270   },
									 { "model": "custom/potion/potion51", "y": 0   },
									 { "model": "custom/potion/potion51", "y": 90   },
									 { "model": "custom/potion/potion51", "y": 180   },
									 { "model": "custom/potion/potion51", "y": 270   },
									 { "model": "custom/potion/potion52", "y": 0   },
									 { "model": "custom/potion/potion52", "y": 90   },
									 { "model": "custom/potion/potion52", "y": 180   },
									 { "model": "custom/potion/potion52", "y": 270   },
									 { "model": "custom/potion/potion53", "y": 0   },
									 { "model": "custom/potion/potion53", "y": 90   },
									 { "model": "custom/potion/potion53", "y": 180   },
									 { "model": "custom/potion/potion53", "y": 270   },
									 { "model": "custom/potion/potion54", "y": 0   },
									 { "model": "custom/potion/potion54", "y": 90   },
									 { "model": "custom/potion/potion54", "y": 180   },
									 { "model": "custom/potion/potion54", "y": 270   },
									 { "model": "custom/potion/potion55", "y": 0   },
									 { "model": "custom/potion/potion55", "y": 90   },
									 { "model": "custom/potion/potion55", "y": 180   },
									 { "model": "custom/potion/potion55", "y": 270   },
									 { "model": "custom/potion/potion56", "y": 0   },
									 { "model": "custom/potion/potion56", "y": 90   },
									 { "model": "custom/potion/potion56", "y": 180   },
									 { "model": "custom/potion/potion56", "y": 270   }                                     		 
									 ],
        "facing=north": { "model": "custom/cup" },
        "facing=east":  [
		                             { "model": "custom/basket/basket", "y": 0 },
									 { "model": "custom/basket/basket", "y": 90 },
									 { "model": "custom/basket/basket", "y": 180 },
									 { "model": "custom/basket/basket", "y": 270 }
									 ]
    }
}
