{
    "variants": {
        "facing=east,half=bottom,shape=straight":  { "model": "custom/stonebrick/quarter_stonebrick_slab", "x": 0, "y": 180, "uvlock": true },
        "facing=west,half=bottom,shape=straight":  { "model": "custom/stonebrick/quarter_stonebrick_slab", "x": 0, "y": 0, "uvlock": true },
        "facing=south,half=bottom,shape=straight": { "model": "custom/stonebrick/quarter_stonebrick_slab", "x": 0, "y": 270, "uvlock": true },
        "facing=north,half=bottom,shape=straight": { "model": "custom/stonebrick/quarter_stonebrick_slab", "x": 0, "y": 90, "uvlock": true },
        "facing=east,half=bottom,shape=outer_right":  { "model": "custom/stonebrick/quarter_stonebrick_slab_inner", "y": 270, "uvlock": true },
        "facing=west,half=bottom,shape=outer_right":  { "model": "custom/stonebrick/quarter_stonebrick_slab_inner", "y": 90, "uvlock": true },
        "facing=south,half=bottom,shape=outer_right": { "model": "custom/stonebrick/quarter_stonebrick_slab_inner", "y": 0, "uvlock": true },
        "facing=north,half=bottom,shape=outer_right": { "model": "custom/stonebrick/quarter_stonebrick_slab_inner", "y": 180, "uvlock": true },
        "facing=east,half=bottom,shape=outer_left":  { "model": "custom/stonebrick/quarter_stonebrick_slab_inner", "y": 0, "uvlock": true },
        "facing=west,half=bottom,shape=outer_left":  { "model": "custom/stonebrick/quarter_stonebrick_slab_inner", "y": 180, "uvlock": true },
        "facing=south,half=bottom,shape=outer_left": { "model": "custom/stonebrick/quarter_stonebrick_slab_inner", "y": 90, "uvlock": true },
        "facing=north,half=bottom,shape=outer_left": { "model": "custom/stonebrick/quarter_stonebrick_slab_inner", "y": 270, "uvlock": true },
        "facing=east,half=bottom,shape=inner_right":  { "model": "custom/stonebrick/quarter_stonebrick_slab_inner", "y": 0, "uvlock": true },
        "facing=west,half=bottom,shape=inner_right":  { "model": "custom/stonebrick/quarter_stonebrick_slab_inner", "y": 180, "uvlock": true },
        "facing=south,half=bottom,shape=inner_right": { "model": "custom/stonebrick/quarter_stonebrick_slab_inner", "y": 90, "uvlock": true },
        "facing=north,half=bottom,shape=inner_right": { "model": "custom/stonebrick/quarter_stonebrick_slab_inner", "y": 270, "uvlock": true },
        "facing=east,half=bottom,shape=inner_left":  { "model": "custom/stonebrick/quarter_stonebrick_slab_inner", "y": 270, "uvlock": true },
        "facing=west,half=bottom,shape=inner_left":  { "model": "custom/stonebrick/quarter_stonebrick_slab_inner", "y": 90, "uvlock": true },
        "facing=south,half=bottom,shape=inner_left": { "model": "custom/stonebrick/quarter_stonebrick_slab_inner", "y": 0, "uvlock": true },
        "facing=north,half=bottom,shape=inner_left": { "model": "custom/stonebrick/quarter_stonebrick_slab_inner", "y": 180, "uvlock": true },
        "facing=east,half=top,shape=straight":  { "model": "custom/stonebrick/quarter_stonebrick_slab", "x": 180, "y": 180, "uvlock": true },
        "facing=west,half=top,shape=straight":  { "model": "custom/stonebrick/quarter_stonebrick_slab", "x": 180, "y": 0, "uvlock": true },
        "facing=south,half=top,shape=straight": { "model": "custom/stonebrick/quarter_stonebrick_slab", "x": 180, "y": 270, "uvlock": true },
        "facing=north,half=top,shape=straight": { "model": "custom/stonebrick/quarter_stonebrick_slab", "x": 180, "y": 90, "uvlock": true },
        "facing=east,half=top,shape=outer_right":  { "model": "custom/stonebrick/quarter_stonebrick_slab_inner", "x": 180, "y": 0, "uvlock": true },
        "facing=west,half=top,shape=outer_right":  { "model": "custom/stonebrick/quarter_stonebrick_slab_inner", "x": 180, "y": 180, "uvlock": true },
        "facing=south,half=top,shape=outer_right": { "model": "custom/stonebrick/quarter_stonebrick_slab_inner", "x": 180, "y": 90, "uvlock": true },
        "facing=north,half=top,shape=outer_right": { "model": "custom/stonebrick/quarter_stonebrick_slab_inner", "x": 180, "y": 270, "uvlock": true },
        "facing=east,half=top,shape=outer_left":  { "model": "custom/stonebrick/quarter_stonebrick_slab_inner", "x": 180, "y": 90, "uvlock": true },
        "facing=west,half=top,shape=outer_left":  { "model": "custom/stonebrick/quarter_stonebrick_slab_inner", "x": 180, "y": 270, "uvlock": true },
        "facing=south,half=top,shape=outer_left": { "model": "custom/stonebrick/quarter_stonebrick_slab_inner", "x": 180, "y": 180, "uvlock": true },
        "facing=north,half=top,shape=outer_left": { "model": "custom/stonebrick/quarter_stonebrick_slab_inner", "x": 180, "y": 0, "uvlock": true },
        "facing=east,half=top,shape=inner_right":  { "model": "custom/stonebrick/quarter_stonebrick_slab_inner", "x": 180, "y": 90, "uvlock": true },
        "facing=west,half=top,shape=inner_right":  { "model": "custom/stonebrick/quarter_stonebrick_slab_inner", "x": 180, "y": 270, "uvlock": true },
        "facing=south,half=top,shape=inner_right": { "model": "custom/stonebrick/quarter_stonebrick_slab_inner", "x": 180, "y": 180, "uvlock": true },
        "facing=north,half=top,shape=inner_right": { "model": "custom/stonebrick/quarter_stonebrick_slab_inner", "x": 180, "y": 0, "uvlock": true },
        "facing=east,half=top,shape=inner_left":  { "model": "custom/stonebrick/quarter_stonebrick_slab_inner", "x": 180, "y": 0, "uvlock": true },
        "facing=west,half=top,shape=inner_left":  { "model": "custom/stonebrick/quarter_stonebrick_slab_inner", "x": 180, "y": 180, "uvlock": true },
        "facing=south,half=top,shape=inner_left": { "model": "custom/stonebrick/quarter_stonebrick_slab_inner", "x": 180, "y": 90, "uvlock": true },
        "facing=north,half=top,shape=inner_left": { "model": "custom/stonebrick/quarter_stonebrick_slab_inner", "x": 180, "y": 270, "uvlock": true }
    }
}
