{
    "variants": {
        "facing=south": 
		                             { "model": "custom/cup" },
        "facing=west": [
		                             { "model": "custom/basket/basket_porkchop", "y": 0 },
									 { "model": "custom/basket/basket_porkchop", "y": 90 },
									 { "model": "custom/basket/basket_porkchop", "y": 180 },
									 { "model": "custom/basket/basket_porkchop", "y": 270 }
									 ],
        "facing=north":   [
		                             { "model": "custom/basket/basket_bread", "y": 0 },
									 { "model": "custom/basket/basket_bread", "y": 90 },
									 { "model": "custom/basket/basket_bread", "y": 180 },
									 { "model": "custom/basket/basket_bread", "y": 270 }
									 ],
        "facing=east": [
	                               	 { "model": "custom/bucket/bucket_apple", "y": 0  },
									 { "model": "custom/bucket/bucket_apple", "y": 90  },
									 { "model": "custom/bucket/bucket_apple", "y": 180  },
									 { "model": "custom/bucket/bucket_apple", "y": 270  },
									 { "model": "custom/bucket/bucket_bread", "y": 0  },
									 { "model": "custom/bucket/bucket_bread", "y": 90  },
									 { "model": "custom/bucket/bucket_bread", "y": 180  },
									 { "model": "custom/bucket/bucket_bread", "y": 270  },
									 { "model": "custom/bucket/bucket_coal", "y": 0  },
									 { "model": "custom/bucket/bucket_coal", "y": 90  },
									 { "model": "custom/bucket/bucket_coal", "y": 180  },
									 { "model": "custom/bucket/bucket_coal", "y": 270  },
		                             { "model": "custom/bucket/bucket_fish", "y": 0  },
									 { "model": "custom/bucket/bucket_fish", "y": 90  },
									 { "model": "custom/bucket/bucket_fish", "y": 180  },
									 { "model": "custom/bucket/bucket_fish", "y": 270  },
									 { "model": "custom/bucket/bucket_iron", "y": 0  },
									 { "model": "custom/bucket/bucket_iron", "y": 90  },
									 { "model": "custom/bucket/bucket_iron", "y": 180  },
									 { "model": "custom/bucket/bucket_iron", "y": 270  },
									 { "model": "custom/bucket/bucket_porkchop", "y": 0  },
									 { "model": "custom/bucket/bucket_porkchop", "y": 90  },
									 { "model": "custom/bucket/bucket_porkchop", "y": 180  },
									 { "model": "custom/bucket/bucket_porkchop", "y": 270  },
									 { "model": "custom/bucket/bucket_reeds", "y": 0  },
									 { "model": "custom/bucket/bucket_reeds", "y": 90  },
									 { "model": "custom/bucket/bucket_reeds", "y": 180  },
									 { "model": "custom/bucket/bucket_reeds", "y": 270  }
									 ]
    }
}
