{
    "variants": {
        "facing=north": [
						{ "model": "custom/ladder/ladder0", "weight": 20, "y": 180 },
						{ "model": "custom/ladder/ladder1", "weight": 1, "y": 180 },
						{ "model": "custom/ladder/ladder2", "weight": 1, "y": 180 },
						{ "model": "custom/ladder/ladder3", "weight": 1, "y": 180 }
						],
        "facing=east":  [
						{ "model": "custom/ladder/ladder0", "weight": 20, "y": 270 },
						{ "model": "custom/ladder/ladder1", "weight": 1, "y": 270 },
						{ "model": "custom/ladder/ladder2", "weight": 1, "y": 270 },
						{ "model": "custom/ladder/ladder3", "weight": 1, "y": 270 }
						],
        "facing=south": [
						{ "model": "custom/ladder/ladder0", "weight": 20, "y": 0 },
						{ "model": "custom/ladder/ladder1", "weight": 1, "y": 0 },
						{ "model": "custom/ladder/ladder2", "weight": 1, "y": 0 },
						{ "model": "custom/ladder/ladder3", "weight": 1, "y": 0 }
						],
        "facing=west":  [
						{ "model": "custom/ladder/ladder0", "weight": 20, "y": 90 },
						{ "model": "custom/ladder/ladder1", "weight": 1, "y": 90 },
						{ "model": "custom/ladder/ladder2", "weight": 1, "y": 90 },
						{ "model": "custom/ladder/ladder3", "weight": 1, "y": 90 }
						]
    }
}
