{
    "variants": {
        "normal": [
		                              { "model": "custom/nethermite/nethermite1", "uvlock": true, "x": 180, "y": 0},
									  { "model": "custom/nethermite/nethermite1", "uvlock": true, "x": 180, "y": 90},
									  { "model": "custom/nethermite/nethermite1", "uvlock": true, "x": 180, "y": 180},
									  { "model": "custom/nethermite/nethermite1", "uvlock": true, "x": 180, "y": 270},
									  { "model": "custom/nethermite/nethermite2", "uvlock": true, "x": 180, "y": 0},
									  { "model": "custom/nethermite/nethermite2", "uvlock": true, "x": 180, "y": 90},
									  { "model": "custom/nethermite/nethermite2", "uvlock": true, "x": 180, "y": 180},
									  { "model": "custom/nethermite/nethermite2", "uvlock": true, "x": 180, "y": 270},
									  { "model": "custom/nethermite/nethermite3", "uvlock": true, "x": 180, "y": 0},
									  { "model": "custom/nethermite/nethermite3", "uvlock": true, "x": 180, "y": 90},
									  { "model": "custom/nethermite/nethermite3", "uvlock": true, "x": 180, "y": 180},
									  { "model": "custom/nethermite/nethermite3", "uvlock": true, "x": 180, "y": 270},
									  { "model": "custom/nethermite/nethermite4", "uvlock": true, "x": 180, "y": 0},
									  { "model": "custom/nethermite/nethermite4", "uvlock": true, "x": 180, "y": 90},
									  { "model": "custom/nethermite/nethermite4", "uvlock": true, "x": 180, "y": 180},
									  { "model": "custom/nethermite/nethermite4", "uvlock": true, "x": 180, "y": 270}
									  ]
    }
}
