{
    "multipart": [
        {   "apply":   [
		                             { "model": "custom/beer/beer", "y": 0    },
									 { "model": "custom/beer/beer", "y": 90    },
									 { "model": "custom/beer/beer", "y": 180    },
									 { "model": "custom/beer/beer", "y": 270    },
									 { "model": "custom/beer/beer_rotated", "y": 0  },
									 { "model": "custom/beer/beer_rotated", "y": 90  },
									 { "model": "custom/beer/beer_rotated", "y": 180  },
									 { "model": "custom/beer/beer_rotated", "y": 270  }
									 ]}
    ]
}
