{
    "variants": {
        "normal": [
		{ "model": "custom/sand/sand1", "y": 0 },
		{ "model": "custom/sand/sand1", "y": 90 },
		{ "model": "custom/sand/sand1", "y": 180 },
		{ "model": "custom/sand/sand1", "y": 270 },
		{ "model": "custom/sand/sand2", "y": 0 },
		{ "model": "custom/sand/sand2", "y": 90 },
		{ "model": "custom/sand/sand2", "y": 180 },
		{ "model": "custom/sand/sand2", "y": 270 },
	    { "model": "custom/sand/sand3", "y": 0 },
		{ "model": "custom/sand/sand3", "y": 90 },
		{ "model": "custom/sand/sand3", "y": 180 },
		{ "model": "custom/sand/sand3", "y": 270 }
		]
    }
}
