{
    "variants": {
        "normal": [
		{ "model": "custom/grass/grass1", "y": 0 },
		{ "model": "custom/grass/grass1", "y": 90 },
		{ "model": "custom/grass/grass1", "y": 180 },
		{ "model": "custom/grass/grass1", "y": 270 },
		{ "model": "custom/grass/grass2", "y": 0 },
		{ "model": "custom/grass/grass2", "y": 90 },
		{ "model": "custom/grass/grass2", "y": 180 },
		{ "model": "custom/grass/grass2", "y": 270 },
	    { "model": "custom/grass/grass3", "y": 0 },
		{ "model": "custom/grass/grass3", "y": 90 },
		{ "model": "custom/grass/grass3", "y": 180 },
		{ "model": "custom/grass/grass3", "y": 270 }
		]
    }
}
