{
    "variants": {
        "facing=east,half=bottom,shape=straight":  { "model": "custom/path/path_c" },
        "facing=west,half=bottom,shape=straight":  { "model": "custom/path/path_a" },
        "facing=south,half=bottom,shape=straight": { "model": "custom/path/path_d" },
        "facing=north,half=bottom,shape=straight": { "model": "custom/path/path_b" },
        "facing=east,half=bottom,shape=outer_right":  { "model": "custom/path/inner_c" },
        "facing=west,half=bottom,shape=outer_right":  { "model": "custom/path/inner_a" },
        "facing=south,half=bottom,shape=outer_right": { "model": "custom/path/inner_d" },
        "facing=north,half=bottom,shape=outer_right": { "model": "custom/path/inner_b" },
        "facing=east,half=bottom,shape=outer_left":  { "model": "custom/path/inner_b" },
        "facing=west,half=bottom,shape=outer_left":  { "model": "custom/path/inner_d" },
        "facing=south,half=bottom,shape=outer_left": { "model": "custom/path/inner_c" },
        "facing=north,half=bottom,shape=outer_left": { "model": "custom/path/inner_a" },
        "facing=east,half=bottom,shape=inner_right":  { "model": "custom/path/corner_c" },
        "facing=west,half=bottom,shape=inner_right":  { "model": "custom/path/corner_a" },
        "facing=south,half=bottom,shape=inner_right": { "model": "custom/path/corner_d" },
        "facing=north,half=bottom,shape=inner_right": { "model": "custom/path/corner_b" },
        "facing=east,half=bottom,shape=inner_left":  { "model": "custom/path/corner_b" },
        "facing=west,half=bottom,shape=inner_left":  { "model": "custom/path/corner_d" },
        "facing=south,half=bottom,shape=inner_left": { "model": "custom/path/corner_c" },
        "facing=north,half=bottom,shape=inner_left": { "model": "custom/path/corner_a" },
        "facing=east,half=top,shape=straight":  { "model": "custom/stonebrick/vertical_stonebrick_slab", "y": 180, "uvlock": true },
        "facing=west,half=top,shape=straight":  { "model": "custom/stonebrick/vertical_stonebrick_slab", "y": 0, "uvlock": true },
        "facing=south,half=top,shape=straight": { "model": "custom/stonebrick/vertical_stonebrick_slab", "y": 270, "uvlock": true },
        "facing=north,half=top,shape=straight": { "model": "custom/stonebrick/vertical_stonebrick_slab", "y": 90, "uvlock": true },
        "facing=east,half=top,shape=outer_right":  { "model": "purpur_outer_stairs", "x": 180, "y": 90, "uvlock": true },
        "facing=west,half=top,shape=outer_right":  { "model": "purpur_outer_stairs", "x": 180, "y": 270, "uvlock": true },
        "facing=south,half=top,shape=outer_right": { "model": "purpur_outer_stairs", "x": 180, "y": 180, "uvlock": true },
        "facing=north,half=top,shape=outer_right": { "model": "purpur_outer_stairs", "x": 180, "uvlock": true },
        "facing=east,half=top,shape=outer_left":  { "model": "purpur_outer_stairs", "x": 180, "uvlock": true },
        "facing=west,half=top,shape=outer_left":  { "model": "purpur_outer_stairs", "x": 180, "y": 180, "uvlock": true },
        "facing=south,half=top,shape=outer_left": { "model": "purpur_outer_stairs", "x": 180, "y": 90, "uvlock": true },
        "facing=north,half=top,shape=outer_left": { "model": "purpur_outer_stairs", "x": 180, "y": 270, "uvlock": true },
        "facing=east,half=top,shape=inner_right":  { "model": "purpur_inner_stairs", "x": 180, "y": 90, "uvlock": true },
        "facing=west,half=top,shape=inner_right":  { "model": "purpur_inner_stairs", "x": 180, "y": 270, "uvlock": true },
        "facing=south,half=top,shape=inner_right": { "model": "purpur_inner_stairs", "x": 180, "y": 180, "uvlock": true },
        "facing=north,half=top,shape=inner_right": { "model": "purpur_inner_stairs", "x": 180, "uvlock": true },
        "facing=east,half=top,shape=inner_left":  { "model": "purpur_inner_stairs", "x": 180, "uvlock": true },
        "facing=west,half=top,shape=inner_left":  { "model": "purpur_inner_stairs", "x": 180, "y": 180, "uvlock": true },
        "facing=south,half=top,shape=inner_left": { "model": "purpur_inner_stairs", "x": 180, "y": 90, "uvlock": true },
        "facing=north,half=top,shape=inner_left": { "model": "purpur_inner_stairs", "x": 180, "y": 270, "uvlock": true }
    }
}
