{
    "variants": {
        "normal": 
		[
		 { "model": "custom/snow/snow0", "weight": 2, "y": 0 },
         { "model": "custom/snow/snow0", "weight": 2, "y": 90 },
		 { "model": "custom/snow/snow0", "weight": 2, "y": 180 },
         { "model": "custom/snow/snow0", "weight": 2, "y": 270 },
         { "model": "custom/snow/snow1", "weight": 1, "y": 0 },
		 { "model": "custom/snow/snow1", "weight": 1, "y": 90 },
		 { "model": "custom/snow/snow1", "weight": 1, "y": 180 },
		 { "model": "custom/snow/snow1", "weight": 1, "y": 270 },
		 { "model": "custom/snow/snow2", "weight": 1, "y": 0 },
		 { "model": "custom/snow/snow2", "weight": 1, "y": 90 },
		 { "model": "custom/snow/snow2", "weight": 1, "y": 180 },
		 { "model": "custom/snow/snow2", "weight": 1, "y": 270 },
		 { "model": "custom/snow/snow3", "weight": 1, "y": 0 },
		 { "model": "custom/snow/snow3", "weight": 1, "y": 90 },
		 { "model": "custom/snow/snow3", "weight": 1, "y": 180 },
		 { "model": "custom/snow/snow3", "weight": 1, "y": 270 },
		 { "model": "custom/snow/snow4", "weight": 1, "y": 0 },
		 { "model": "custom/snow/snow4", "weight": 1, "y": 90 },
		 { "model": "custom/snow/snow4", "weight": 1, "y": 180 },
		 { "model": "custom/snow/snow4", "weight": 1, "y": 270 }
		 ]
    }
}
