{
    "variants": {
        "normal":   [
		                              {"model": "custom/stones/stones0", "uvlock": true, "y": 0  },
									  {"model": "custom/stones/stones0", "uvlock": true, "y": 90 },
									  {"model": "custom/stones/stones0", "uvlock": true, "y": 180},
									  {"model": "custom/stones/stones0", "uvlock": true, "y": 270},
									  {"model": "custom/stones/stones1", "uvlock": true, "y": 0  },
									  {"model": "custom/stones/stones1", "uvlock": true, "y": 90 },
									  {"model": "custom/stones/stones1", "uvlock": true, "y": 180},
									  {"model": "custom/stones/stones1", "uvlock": true, "y": 270},
									  {"model": "custom/stones/stones2", "uvlock": true, "y": 0  },
									  {"model": "custom/stones/stones2", "uvlock": true, "y": 90 },
									  {"model": "custom/stones/stones2", "uvlock": true, "y": 180},
									  {"model": "custom/stones/stones2", "uvlock": true, "y": 270},
									  {"model": "custom/stones/stones3", "uvlock": true, "y": 0  },
									  {"model": "custom/stones/stones3", "uvlock": true, "y": 90 },
									  {"model": "custom/stones/stones3", "uvlock": true, "y": 180},
									  {"model": "custom/stones/stones3", "uvlock": true, "y": 270},
									  {"model": "custom/stones/stones4", "uvlock": true, "y": 0  },
									  {"model": "custom/stones/stones4", "uvlock": true, "y": 90 },
									  {"model": "custom/stones/stones4", "uvlock": true, "y": 180},
									  {"model": "custom/stones/stones4", "uvlock": true, "y": 270},
									  {"model": "custom/stones/stones5", "uvlock": true, "y": 0  },
									  {"model": "custom/stones/stones5", "uvlock": true, "y": 90 },
									  {"model": "custom/stones/stones5", "uvlock": true, "y": 180},
									  {"model": "custom/stones/stones5", "uvlock": true, "y": 270},
									  {"model": "custom/stones/stones6", "uvlock": true, "y": 0  },
									  {"model": "custom/stones/stones6", "uvlock": true, "y": 90 },
									  {"model": "custom/stones/stones6", "uvlock": true, "y": 180},
									  {"model": "custom/stones/stones6", "uvlock": true, "y": 270},
									  {"model": "custom/stones/stones7", "uvlock": true, "y": 0  },
									  {"model": "custom/stones/stones7", "uvlock": true, "y": 90 },
									  {"model": "custom/stones/stones7", "uvlock": true, "y": 180},
									  {"model": "custom/stones/stones7", "uvlock": true, "y": 270},
									  {"model": "custom/stones/stones8", "uvlock": true, "y": 0  },
									  {"model": "custom/stones/stones8", "uvlock": true, "y": 90 },
									  {"model": "custom/stones/stones8", "uvlock": true, "y": 180},
									  {"model": "custom/stones/stones8", "uvlock": true, "y": 270},
									  {"model": "custom/stones/stones9", "uvlock": true, "y": 0  },
									  {"model": "custom/stones/stones9", "uvlock": true, "y": 90 },
									  {"model": "custom/stones/stones9", "uvlock": true, "y": 180},
									  {"model": "custom/stones/stones9", "uvlock": true, "y": 270},
									  {"model": "custom/stones/stones10", "uvlock": true, "y": 0  },
									  {"model": "custom/stones/stones10", "uvlock": true, "y": 90 },
									  {"model": "custom/stones/stones10", "uvlock": true, "y": 180},
									  {"model": "custom/stones/stones10", "uvlock": true, "y": 270},
									  {"model": "custom/stones/stones11", "uvlock": true, "y": 0  },
									  {"model": "custom/stones/stones11", "uvlock": true, "y": 90 },
									  {"model": "custom/stones/stones11", "uvlock": true, "y": 180},
									  {"model": "custom/stones/stones11", "uvlock": true, "y": 270},
									  {"model": "custom/stones/stones12", "uvlock": true, "y": 0  },
									  {"model": "custom/stones/stones12", "uvlock": true, "y": 90 },
									  {"model": "custom/stones/stones12", "uvlock": true, "y": 180},
									  {"model": "custom/stones/stones12", "uvlock": true, "y": 270},
									  {"model": "custom/stones/stones13", "uvlock": true, "y": 0  },
									  {"model": "custom/stones/stones13", "uvlock": true, "y": 90 },
									  {"model": "custom/stones/stones13", "uvlock": true, "y": 180},
									  {"model": "custom/stones/stones13", "uvlock": true, "y": 270},
									  {"model": "custom/stones/stones14", "uvlock": true, "y": 0  },
									  {"model": "custom/stones/stones14", "uvlock": true, "y": 90 },
									  {"model": "custom/stones/stones14", "uvlock": true, "y": 180},
									  {"model": "custom/stones/stones14", "uvlock": true, "y": 270},
									  {"model": "custom/stones/stones15", "uvlock": true, "y": 0  },
									  {"model": "custom/stones/stones15", "uvlock": true, "y": 90 },
									  {"model": "custom/stones/stones15", "uvlock": true, "y": 180},
									  {"model": "custom/stones/stones15", "uvlock": true, "y": 270},
									  {"model": "custom/stones/stones16", "uvlock": true, "y": 0  },
									  {"model": "custom/stones/stones16", "uvlock": true, "y": 90 },
									  {"model": "custom/stones/stones16", "uvlock": true, "y": 180},
									  {"model": "custom/stones/stones16", "uvlock": true, "y": 270},
									  {"model": "custom/stones/stones17", "uvlock": true, "y": 0  },
									  {"model": "custom/stones/stones17", "uvlock": true, "y": 90 },
									  {"model": "custom/stones/stones17", "uvlock": true, "y": 180},
									  {"model": "custom/stones/stones17", "uvlock": true, "y": 270},
									  {"model": "custom/stones/stones18", "uvlock": true, "y": 0  },
									  {"model": "custom/stones/stones18", "uvlock": true, "y": 90 },
									  {"model": "custom/stones/stones18", "uvlock": true, "y": 180},
									  {"model": "custom/stones/stones18", "uvlock": true, "y": 270},
									  {"model": "custom/stones/stones19", "uvlock": true, "y": 0  },
									  {"model": "custom/stones/stones19", "uvlock": true, "y": 90 },
									  {"model": "custom/stones/stones19", "uvlock": true, "y": 180},
									  {"model": "custom/stones/stones19", "uvlock": true, "y": 270},
									  {"model": "custom/stones/stones20", "uvlock": true, "y": 0  },
									  {"model": "custom/stones/stones20", "uvlock": true, "y": 90 },
									  {"model": "custom/stones/stones20", "uvlock": true, "y": 180},
									  {"model": "custom/stones/stones20", "uvlock": true, "y": 270}
									  ]
    }
}
