{
	"__comment": "Designed by Djae95 with Cubik Studio - https://cubik.studio",
	"textures": {
		"0": "blocks/planks_spruce",
		"1": "blocks/cauldron_inner",
		"2": "blocks/planks_big_oak",
		"3": "blocks/planks_oak",
		"4": "blocks/gold_block",
		"particle": "blocks/planks_spruce"
	},
	"elements": [ 	 
		{
			"from": [ 4.04, 3.995, -7.84 ],
			"to": [ 11.96, 5.975, 23.84 ],
			"faces": {
				"down": { "uv": [ 0, 0, 4, 16 ], "texture": "#0", "cullface": "south", "rotation": 180 },
				"up": { "uv": [ 0, 0, 4, 16 ], "texture": "#0", "cullface": "south", "rotation": 180 },
				"north": { "uv": [ 0, 0, 4, 1 ], "texture": "#0", "cullface": "south" },
				"south": { "uv": [ 0, 0, 4, 1 ], "texture": "#0", "cullface": "south", "rotation": 180 },
				"west": { "uv": [ 0, 0, 16, 1 ], "texture": "#0", "cullface": "south" },
				"east": { "uv": [ 0, 0, 16, 1 ], "texture": "#0", "cullface": "south" }
			}
		},
		{
			"from": [ 11.96, 3.005, -7.642 ],
			"to": [ 15.92, 4.985, 23.642 ],
			"rotation": { "origin": [ 8, 2.015, 8 ], "axis": "z", "angle": 22.5 },
			"faces": {
				"down": { "uv": [ 0, 0, 2, 15.8 ], "texture": "#0", "cullface": "south", "rotation": 180 },
				"up": { "uv": [ 0, 0, 2, 15.8 ], "texture": "#0", "cullface": "south", "rotation": 180 },
				"north": { "uv": [ 0, 0, 2, 1 ], "texture": "#0", "cullface": "south" },
				"south": { "uv": [ 0, 0, 2, 1 ], "texture": "#0", "cullface": "south" },
				"west": { "uv": [ 0, 0, 15.8, 1 ], "texture": "#0", "cullface": "south" },
				"east": { "uv": [ 0, 0, 15.8, 1 ], "texture": "#0", "cullface": "south" }
			}
		},
		{
			"from": [ 0.08, 3.005, -7.642 ],
			"to": [ 4.04, 4.985, 23.642 ],
			"rotation": { "origin": [ 8, 2.015, 8 ], "axis": "z", "angle": -22.5 },
			"faces": {
				"down": { "uv": [ 0, 0, 2, 15.8 ], "texture": "#0", "cullface": "south", "rotation": 180 },
				"up": { "uv": [ 0, 0, 2, 15.8 ], "texture": "#0", "cullface": "south", "rotation": 180 },
				"north": { "uv": [ 0, 0, 2, 1 ], "texture": "#0", "cullface": "south" },
				"south": { "uv": [ 0, 0, 2, 1 ], "texture": "#0", "cullface": "south" },
				"west": { "uv": [ 0, 0, 15.8, 1 ], "texture": "#0", "cullface": "south" },
				"east": { "uv": [ 0, 0, 15.8, 1 ], "texture": "#0", "cullface": "south" }
			}
		},
		{
			"from": [ 15.92, 0.035, -7.84 ],
			"to": [ 17.9, 2.015, 23.84 ],
			"rotation": { "origin": [ 8, 2.015, 8 ], "axis": "z", "angle": 45 },
			"faces": {
				"down": { "uv": [ 0, 0, 1, 16 ], "texture": "#0", "rotation": 180 },
				"up": { "uv": [ 0, 0, 1, 16 ], "texture": "#0", "rotation": 180 },
				"north": { "uv": [ 0, 0, 1, 1 ], "texture": "#0" },
				"south": { "uv": [ 0, 0, 1, 1 ], "texture": "#0" },
				"west": { "uv": [ 0, 0, 16, 1 ], "texture": "#0" },
				"east": { "uv": [ 0, 0, 16, 1 ], "texture": "#0" }
			}
		},
		{
			"from": [ -1.9, 0.035, -7.84 ],
			"to": [ 0.08000004, 2.015, 23.84 ],
			"rotation": { "origin": [ 8, 2.015, 8 ], "axis": "z", "angle": -45 },
			"faces": {
				"down": { "uv": [ 0, 0, 1, 16 ], "texture": "#0", "rotation": 180 },
				"up": { "uv": [ 0, 0, 1, 16 ], "texture": "#0", "rotation": 180 },
				"north": { "uv": [ 0, 0, 1, 1 ], "texture": "#0" },
				"south": { "uv": [ 0, 0, 1, 1 ], "texture": "#0" },
				"west": { "uv": [ 0, 0, 16, 1 ], "texture": "#0" },
				"east": { "uv": [ 0, 0, 16, 1 ], "texture": "#0" }
			}
		},
		{
			"from": [ 11.96, 9.934999, -7.642 ],
			"to": [ 13.94, 13.895, 23.642 ],
			"rotation": { "origin": [ 8, 2.015, 8 ], "axis": "z", "angle": -22.5 },
			"faces": {
				"down": { "uv": [ 0, 0, 1, 15.8 ], "texture": "#0" },
				"up": { "uv": [ 0, 0, 1, 15.8 ], "texture": "#0" },
				"north": { "uv": [ 0, 0, 1, 2 ], "texture": "#0" },
				"south": { "uv": [ 0, 0, 1, 2 ], "texture": "#0" },
				"west": { "uv": [ 0, 0, 2, 15.8 ], "texture": "#0", "rotation": 90 },
				"east": { "uv": [ 0, 0, 2, 15.8 ], "texture": "#0", "rotation": 90 }
			}
		},
		{
			"from": [ 2.06, 9.934999, -7.642 ],
			"to": [ 4.04, 13.895, 23.642 ],
			"rotation": { "origin": [ 8, 2.015, 8 ], "axis": "z", "angle": 22.5 },
			"faces": {
				"down": { "uv": [ 0, 0, 1, 15.8 ], "texture": "#0" },
				"up": { "uv": [ 0, 0, 1, 15.8 ], "texture": "#0" },
				"north": { "uv": [ 0, 0, 1, 2 ], "texture": "#0" },
				"south": { "uv": [ 0, 0, 1, 2 ], "texture": "#0" },
				"west": { "uv": [ 0, 0, 2, 15.8 ], "texture": "#0", "rotation": 270 },
				"east": { "uv": [ 0, 0, 2, 15.8 ], "texture": "#0", "rotation": 270 }
			}
		},
		{
			"from": [ 16.316, 9.934999, -7.84 ],
			"to": [ 18.296, 17.855, 23.84 ],
			"faces": {
				"down": { "uv": [ 0, 0, 1, 16 ], "texture": "#0" },
				"up": { "uv": [ 0, 0, 1, 16 ], "texture": "#0" },
				"north": { "uv": [ 0, 0, 4, 1 ], "texture": "#0", "rotation": 90 },
				"south": { "uv": [ 0, 0, 4, 1 ], "texture": "#0", "rotation": 90 },
				"west": { "uv": [ 0, 0, 4, 16 ], "texture": "#0", "rotation": 90 },
				"east": { "uv": [ 0, 0, 4, 16 ], "texture": "#0", "rotation": 90 }
			}
		},
		{
			"from": [ -2.296, 9.934999, -7.84 ],
			"to": [ -0.316, 17.855, 23.84 ],
			"faces": {
				"down": { "uv": [ 0, 0, 1, 16 ], "texture": "#0" },
				"up": { "uv": [ 0, 0, 1, 16 ], "texture": "#0" },
				"north": { "uv": [ 0, 0, 4, 1 ], "texture": "#0", "rotation": 270 },
				"south": { "uv": [ 0, 0, 4, 1 ], "texture": "#0", "rotation": 270 },
				"west": { "uv": [ 0, 0, 4, 16 ], "texture": "#0", "rotation": 270 },
				"east": { "uv": [ 0, 0, 4, 16 ], "texture": "#0", "rotation": 270 }
			}
		},
		{
			"from": [ 21.068, 11.915, -7.642 ],
			"to": [ 23.048, 15.875, 23.642 ],
			"rotation": { "origin": [ 8, 2.015, 8 ], "axis": "z", "angle": 22.5 },
			"faces": {
				"up": { "uv": [ 0, 0, 1, 15.8 ], "texture": "#0" },
				"north": { "uv": [ 0, 0, 1, 2 ], "texture": "#0" },
				"south": { "uv": [ 0, 0, 1, 2 ], "texture": "#0" },
				"west": { "uv": [ 0, 0, 2, 15.8 ], "texture": "#0", "rotation": 90 },
				"east": { "uv": [ 0, 0, 2, 15.8 ], "texture": "#0", "rotation": 90 }
			}
		},
		{
			"from": [ -7.048, 11.915, -7.642 ],
			"to": [ -5.068, 15.875, 23.642 ],
			"rotation": { "origin": [ 8, 2.015, 8 ], "axis": "z", "angle": -22.5 },
			"faces": {
				"up": { "uv": [ 0, 0, 1, 15.8 ], "texture": "#0" },
				"north": { "uv": [ 0, 0, 1, 2 ], "texture": "#0" },
				"south": { "uv": [ 0, 0, 1, 2 ], "texture": "#0" },
				"west": { "uv": [ 0, 0, 2, 15.8 ], "texture": "#0", "rotation": 270 },
				"east": { "uv": [ 0, 0, 2, 15.84 ], "texture": "#0", "rotation": 270 }
			}
		},
		{
			"from": [ 14.93, 18.845, -7.84 ],
			"to": [ 16.91, 20.825, 23.84 ],
			"rotation": { "origin": [ 8, 2.015, 8 ], "axis": "z", "angle": 45 },
			"faces": {
				"down": { "uv": [ 0, 0, 1, 16 ], "texture": "#0" },
				"up": { "uv": [ 0, 0, 1, 16 ], "texture": "#0" },
				"north": { "uv": [ 0, 0, 1, 1 ], "texture": "#0" },
				"south": { "uv": [ 0, 0, 1, 1 ], "texture": "#0" },
				"west": { "uv": [ 0, 0, 16, 1 ], "texture": "#0" },
				"east": { "uv": [ 0, 0, 16, 1 ], "texture": "#0" }
			}
		},
		{
			"from": [ -0.91, 18.845, -7.84 ],
			"to": [ 1.07, 20.825, 23.84 ],
			"rotation": { "origin": [ 8, 2.015, 8 ], "axis": "z", "angle": -45 },
			"faces": {
				"down": { "uv": [ 0, 0, 1, 16 ], "texture": "#0" },
				"up": { "uv": [ 0, 0, 1, 16 ], "texture": "#0" },
				"north": { "uv": [ 0, 0, 1, 1 ], "texture": "#0" },
				"south": { "uv": [ 0, 0, 1, 1 ], "texture": "#0" },
				"west": { "uv": [ 0, 0, 16, 1 ], "texture": "#0" },
				"east": { "uv": [ 0, 0, 16, 1 ], "texture": "#0" }
			}
		},
		{
			"from": [ 8.99, 21.221, -7.642 ],
			"to": [ 12.95, 23.201, 23.642 ],
			"rotation": { "origin": [ 8, 2.015, 8 ], "axis": "z", "angle": 22.5 },
			"faces": {
				"down": { "uv": [ 0, 0, 2, 15.8 ], "texture": "#0" },
				"up": { "uv": [ 0, 0, 2, 15.8 ], "texture": "#0" },
				"north": { "uv": [ 0, 0, 2, 1 ], "texture": "#0" },
				"south": { "uv": [ 0, 0, 2, 1 ], "texture": "#0" },
				"west": { "uv": [ 0, 0, 15.8, 1 ], "texture": "#0" },
				"east": { "uv": [ 0, 0, 15.8, 1 ], "texture": "#0" }
			}
		},
		{
			"from": [ 3.05, 21.221, -7.642 ],
			"to": [ 7.01, 23.201, 23.642 ],
			"rotation": { "origin": [ 8, 2.015, 8 ], "axis": "z", "angle": -22.5 },
			"faces": {
				"down": { "uv": [ 0, 0, 2, 15.8 ], "texture": "#0" },
				"up": { "uv": [ 0, 0, 2, 15.8 ], "texture": "#0" },
				"north": { "uv": [ 0, 0, 2, 1 ], "texture": "#0" },
				"south": { "uv": [ 0, 0, 2, 1 ], "texture": "#0" },
				"west": { "uv": [ 0, 0, 15.8, 1 ], "texture": "#0" },
				"east": { "uv": [ 0, 0, 15.8, 1 ], "texture": "#0" }
			}
		},
		{
			"from": [ 4.04, 21.815, -7.84 ],
			"to": [ 11.96, 23.795, 23.84 ],
			"faces": {
				"down": { "uv": [ 0, 0, 4, 16 ], "texture": "#0" },
				"up": { "uv": [ 0, 0, 4, 16 ], "texture": "#0" },
				"north": { "uv": [ 0, 0, 4, 1 ], "texture": "#0", "rotation": 180 },
				"south": { "uv": [ 0, 0, 4, 1 ], "texture": "#0" },
				"west": { "uv": [ 0, 0, 16, 1 ], "texture": "#0", "rotation": 180 },
				"east": { "uv": [ 0, 0, 16, 1 ], "texture": "#0" }
			}
		},
		{
			"from": [ 4.04, 3.005, 2.06 ],
			"to": [ 11.96, 4.985, 13.94 ],
			"faces": {
				"down": { "uv": [ 0, 0, 4, 6 ], "texture": "#0" },
				"north": { "uv": [ 0, 0, 4, 1 ], "texture": "#0" },
				"south": { "uv": [ 0, 0, 4, 1 ], "texture": "#0" },
				"west": { "uv": [ 0, 0, 6, 1 ], "texture": "#0" },
				"east": { "uv": [ 0, 0, 6, 1 ], "texture": "#0" }
			}
		},
		{
			"from": [ 4.04, 22.805, 2.06 ],
			"to": [ 11.96, 24.785, 13.94 ],
			"faces": {
				"up": { "uv": [ 0, 0, 4, 6 ], "texture": "#0", "cullface": "up", "rotation": 180 },
				"north": { "uv": [ 0, 0, 4, 1 ], "texture": "#0", "cullface": "up" },
				"south": { "uv": [ 0, 0, 4, 1 ], "texture": "#0", "cullface": "up" },
				"west": { "uv": [ 0, 0, 6, 1 ], "texture": "#0", "cullface": "up" },
				"east": { "uv": [ 0, 0, 6, 1 ], "texture": "#0", "cullface": "up" }
			}
		},
		{
			"from": [ 8.198, 23.597, 2.258 ],
			"to": [ 12.158, 25.577, 13.742 ],
			"rotation": { "origin": [ 8, 15.875, 8 ], "axis": "z", "angle": -22.5 },
			"faces": {
				"down": { "uv": [ 0, 0, 2, 5.8 ], "texture": "#0", "cullface": "up" },
				"up": { "uv": [ 0, 0, 2, 5.8 ], "texture": "#0", "cullface": "up", "rotation": 180 },
				"north": { "uv": [ 0, 0, 2, 1 ], "texture": "#0", "cullface": "up" },
				"south": { "uv": [ 0, 0, 2, 1 ], "texture": "#0", "cullface": "up" },
				"east": { "uv": [ 0, 0, 5.8, 1 ], "texture": "#0", "cullface": "up" }
			}
		},
		{
			"from": [ 3.842, 23.597, 2.258 ],
			"to": [ 7.802, 25.577, 13.742 ],
			"rotation": { "origin": [ 8, 15.875, 8 ], "axis": "z", "angle": 22.5 },
			"faces": {
				"down": { "uv": [ 0, 0, 2, 5.8 ], "texture": "#0", "cullface": "up" },
				"up": { "uv": [ 3, 0, 5, 5.8 ], "texture": "#0", "cullface": "up", "rotation": 180 },
				"north": { "uv": [ 0, 0, 2, 1 ], "texture": "#0", "cullface": "up" },
				"south": { "uv": [ 0, 0, 2, 1 ], "texture": "#0", "cullface": "up" },
				"west": { "uv": [ 0, 0, 5.8, 1 ], "texture": "#0", "cullface": "up" }
			}
		},
		{
			"from": [ 5.624, 2.609, 2.258 ],
			"to": [ 9.584, 4.589, 13.742 ],
			"rotation": { "origin": [ 8, 15.875, 8 ], "axis": "z", "angle": -22.5 },
			"faces": {
				"down": { "uv": [ 0, 0, 2, 5.8 ], "texture": "#0" },
				"up": { "uv": [ 2, 0, 4, 5.8 ], "texture": "#0" },
				"north": { "uv": [ 0, 0, 2, 1 ], "texture": "#0" },
				"south": { "uv": [ 0, 0, 2, 1 ], "texture": "#0" },
				"west": { "uv": [ 0, 0, 5.8, 1 ], "texture": "#0" }
			}
		},
		{
			"from": [ 6.416, 2.609, 2.258 ],
			"to": [ 10.376, 4.589, 13.742 ],
			"rotation": { "origin": [ 8, 15.875, 8 ], "axis": "z", "angle": 22.5 },
			"faces": {
				"down": { "uv": [ 0, 0, 2, 5.8 ], "texture": "#0" },
				"up": { "uv": [ 3, 0, 5, 5.8 ], "texture": "#0" },
				"north": { "uv": [ 0, 0, 2, 1 ], "texture": "#0" },
				"south": { "uv": [ 0, 0, 2, 1 ], "texture": "#0" },
				"east": { "uv": [ 0, 0, 5.8, 1 ], "texture": "#0" }
			}
		},
		{
			"from": [ 18.494, 10.925, 2.258 ],
			"to": [ 20.474, 14.885, 13.742 ],
			"rotation": { "origin": [ 8, 15.875, 8 ], "axis": "z", "angle": -22.5 },
			"faces": {
				"down": { "uv": [ 0, 0, 1, 5.8 ], "texture": "#0", "cullface": "east" },
				"north": { "uv": [ 0, 0, 1, 2 ], "texture": "#0", "cullface": "east" },
				"south": { "uv": [ 7, 0, 8, 2 ], "texture": "#0", "cullface": "east" },
				"west": { "uv": [ 2, 0, 7.8, 2 ], "texture": "#0", "cullface": "east" },
				"east": { "uv": [ 1, 0, 3, 5.8 ], "texture": "#0", "cullface": "east", "rotation": 270 }
			}
		},
		{
			"from": [ 17.306, 9.934999, 2.06 ],
			"to": [ 19.286, 17.855, 13.94 ],
			"faces": {
				"down": { "uv": [ 0, 0, 1, 6 ], "texture": "#0", "cullface": "east" },
				"up": { "uv": [ 0, 0, 1, 6 ], "texture": "#0", "cullface": "east" },
				"north": { "uv": [ 0, 0, 4, 1 ], "texture": "#0", "cullface": "east" },
				"south": { "uv": [ 0, 0, 4, 1 ], "texture": "#0", "cullface": "east" },
				"east": { "uv": [ 0, 0, 4, 6 ], "texture": "#0", "cullface": "east", "rotation": 270 }
			}
		},
		{
			"from": [ -4.474, 11.123, 2.258 ],
			"to": [ -2.494, 15.083, 13.742 ],
			"rotation": { "origin": [ 8, 15.875, 8 ], "axis": "z", "angle": 22.5 },
			"faces": {
				"down": { "uv": [ 0, 0, 1, 5.8 ], "texture": "#0", "cullface": "west" },
				"north": { "uv": [ 0, 0, 1, 2 ], "texture": "#0", "cullface": "west" },
				"south": { "uv": [ 0, 0, 1, 2 ], "texture": "#0", "cullface": "west" },
				"west": { "uv": [ 0, 0, 2, 5.8 ], "texture": "#0", "cullface": "west", "rotation": 90 },
				"east": { "uv": [ 0, 0, 5.8, 2 ], "texture": "#0", "cullface": "west" }
			}
		},
		{
			"from": [ -3.286, 9.934999, 2.06 ],
			"to": [ -1.306, 17.855, 13.94 ],
			"faces": {
				"down": { "uv": [ 0, 0, 1, 6 ], "texture": "#0", "cullface": "west" },
				"up": { "uv": [ 0, 0, 1, 6 ], "texture": "#0", "cullface": "west" },
				"north": { "uv": [ 0, 0, 4, 1 ], "texture": "#0", "cullface": "west" },
				"south": { "uv": [ 0, 0, 4, 1 ], "texture": "#0", "cullface": "west" },
				"west": { "uv": [ 0, 0, 4, 6 ], "texture": "#0", "cullface": "west", "rotation": 90 }
			}
		},
		{
			"from": [ 17.108, 13.301, 2.258 ],
			"to": [ 19.088, 17.261, 13.742 ],
			"rotation": { "origin": [ 8, 15.875, 8 ], "axis": "z", "angle": 22.5 },
			"faces": {
				"up": { "uv": [ 0, 0, 1, 5.8 ], "texture": "#0" },
				"north": { "uv": [ 0, 0, 1, 2 ], "texture": "#0" },
				"south": { "uv": [ 0, 0, 1, 2 ], "texture": "#0" },
				"west": { "uv": [ 0, 0, 5.8, 2 ], "texture": "#0" },
				"east": { "uv": [ 0, 0, 2, 5.8 ], "texture": "#0", "rotation": 270 }
			}
		},
		{
			"from": [ -3.088, 13.301, 2.258 ],
			"to": [ -1.108, 17.261, 13.742 ],
			"rotation": { "origin": [ 8, 15.875, 8 ], "axis": "z", "angle": -22.5 },
			"faces": {
				"up": { "uv": [ 0, 0, 1, 5.8 ], "texture": "#0" },
				"north": { "uv": [ 0, 0, 1, 2 ], "texture": "#0" },
				"south": { "uv": [ 0, 0, 1, 2 ], "texture": "#0" },
				"west": { "uv": [ 0, 0, 2, 5.8 ], "texture": "#0", "rotation": 90 },
				"east": { "uv": [ 0, 0, 5.8, 2 ], "texture": "#0" }
			}
		},
		{
			"from": [ 8.198, 24.587, 2.06 ],
			"to": [ 11.168, 26.567, 13.94 ],
			"rotation": { "origin": [ 8, 15.875, 8 ], "axis": "z", "angle": -45 },
			"faces": {
				"down": { "uv": [ 0, 0, 1.5, 6 ], "texture": "#0", "cullface": "up" },
				"up": { "uv": [ 2, 0, 3.5, 6 ], "texture": "#0", "cullface": "up", "rotation": 180 },
				"north": { "uv": [ 0, 0, 1.5, 1 ], "texture": "#0", "cullface": "up" },
				"south": { "uv": [ 0, 0, 1.5, 1 ], "texture": "#0", "cullface": "up" },
				"west": { "uv": [ 0, 0, 6, 1 ], "texture": "#0", "cullface": "up" },
				"east": { "uv": [ 0, 0, 6, 1 ], "texture": "#0", "cullface": "up" }
			}
		},
		{
			"from": [ 5.03, 24.587, 2.06 ],
			"to": [ 8, 26.567, 13.94 ],
			"rotation": { "origin": [ 8, 15.875, 8 ], "axis": "z", "angle": 45 },
			"faces": {
				"down": { "uv": [ 0, 0, 1.5, 6 ], "texture": "#0", "cullface": "up" },
				"up": { "uv": [ 10, 0, 11.5, 6 ], "texture": "#0", "cullface": "up", "rotation": 180 },
				"north": { "uv": [ 0, 0, 1.5, 1 ], "texture": "#0", "cullface": "up" },
				"south": { "uv": [ 0, 0, 1.5, 1 ], "texture": "#0", "cullface": "up" },
				"west": { "uv": [ 0, 0, 6, 1 ], "texture": "#0", "cullface": "up" },
				"east": { "uv": [ 0, 0, 6, 1 ], "texture": "#0", "cullface": "up" }
			}
		},
		{
			"from": [ 7.802, 2.807, 2.06 ],
			"to": [ 10.772, 4.787, 13.94 ],
			"rotation": { "origin": [ 8, 15.875, 8 ], "axis": "z", "angle": -45 },
			"faces": {
				"down": { "uv": [ 0, 0, 1.5, 6 ], "texture": "#0", "cullface": "west" },
				"up": { "uv": [ 2, 0, 3.5, 6 ], "texture": "#0", "cullface": "west" },
				"north": { "uv": [ 0, 0, 1.5, 1 ], "texture": "#0", "cullface": "west" },
				"south": { "uv": [ 0, 0, 1.5, 1 ], "texture": "#0", "cullface": "west" },
				"west": { "uv": [ 0, 0, 6, 1 ], "texture": "#0", "cullface": "west" },
				"east": { "uv": [ 0, 0, 6, 1 ], "texture": "#0", "cullface": "west" }
			}
		},
		{
			"from": [ 5.03, 2.807, 2.06 ],
			"to": [ 8, 4.787, 13.94 ],
			"rotation": { "origin": [ 8, 15.875, 8 ], "axis": "z", "angle": 45 },
			"faces": {
				"down": { "uv": [ 0, 0, 1.5, 6 ], "texture": "#0", "cullface": "east" },
				"up": { "uv": [ 0, 0, 1.5, 6 ], "texture": "#0", "cullface": "east" },
				"north": { "uv": [ 0, 0, 1.5, 1 ], "texture": "#0", "cullface": "east" },
				"south": { "uv": [ 0, 0, 1.5, 1 ], "texture": "#0", "cullface": "east" },
				"west": { "uv": [ 0, 0, 6, 1 ], "texture": "#0", "cullface": "east" },
				"east": { "uv": [ 0, 0, 6, 1 ], "texture": "#0", "cullface": "east" }
			}
		},
		{
			"from": [ 4.04, 3.401, 0.08 ],
			"to": [ 11.96, 5.381, 15.92 ],
			"faces": {
				"down": { "uv": [ 0, 0, 8, 4 ], "texture": "#0", "rotation": 180 },
				"north": { "uv": [ 0, 0, 4, 1 ], "texture": "#0", "cullface": "north" },
				"south": { "uv": [ 0, 3, 4, 4 ], "texture": "#0", "cullface": "south" },
				"west": { "uv": [ 0, 0, 8, 1 ], "texture": "#0" },
				"east": { "uv": [ 0, 0, 8, 1 ], "texture": "#0" }
			}
		},
		{
			"from": [ 4.04, 22.409, 0.08 ],
			"to": [ 11.96, 24.389, 15.92 ],
			"faces": {
				"up": { "uv": [ 0, 0, 4, 8 ], "texture": "#0", "cullface": "up" },
				"north": { "uv": [ 0, 0, 4, 1 ], "texture": "#0", "cullface": "up" },
				"south": { "uv": [ 0, 3, 4, 4 ], "texture": "#0", "cullface": "up" },
				"west": { "uv": [ 0, 0, 8, 1 ], "texture": "#0", "cullface": "up" },
				"east": { "uv": [ 0, 0, 8, 1 ], "texture": "#0", "cullface": "up" }
			}
		},
		{
			"from": [ 8.198, 23.201, 0.278 ],
			"to": [ 12.158, 25.181, 15.722 ],
			"rotation": { "origin": [ 8, 15.875, 8 ], "axis": "z", "angle": -22.5 },
			"faces": {
				"down": { "uv": [ 0, 0, 2, 7.8 ], "texture": "#0", "cullface": "up" },
				"up": { "uv": [ 0, 0, 2, 7.8 ], "texture": "#0", "cullface": "up" },
				"north": { "uv": [ 0, 0, 2, 1 ], "texture": "#0", "cullface": "up" },
				"south": { "uv": [ 0, 3, 2, 4 ], "texture": "#0", "cullface": "up" },
				"east": { "uv": [ 0, 0, 7.8, 1 ], "texture": "#0", "cullface": "up" }
			}
		},
		{
			"from": [ 3.842, 23.201, 0.278 ],
			"to": [ 7.802, 25.181, 15.722 ],
			"rotation": { "origin": [ 8, 15.875, 8 ], "axis": "z", "angle": 22.5 },
			"faces": {
				"down": { "uv": [ 0, 0, 2, 7.8 ], "texture": "#0", "cullface": "up" },
				"up": { "uv": [ 0, 0, 2, 7.8 ], "texture": "#0", "cullface": "up" },
				"north": { "uv": [ 0, 0, 2, 1 ], "texture": "#0", "cullface": "up" },
				"south": { "uv": [ 0, 3, 2, 4 ], "texture": "#0", "cullface": "up" },
				"west": { "uv": [ 0, 0, 7.8, 1 ], "texture": "#0", "cullface": "up" }
			}
		},
		{
			"from": [ 5.624, 3.005, 0.278 ],
			"to": [ 9.584, 4.985, 15.722 ],
			"rotation": { "origin": [ 8, 15.875, 8 ], "axis": "z", "angle": -22.5 },
			"faces": {
				"down": { "uv": [ 0, 0, 2, 7.8 ], "texture": "#0", "rotation": 180 },
				"up": { "uv": [ 0, 0, 2, 7.8 ], "texture": "#0" },
				"north": { "uv": [ 0, 0, 2, 1 ], "texture": "#0" },
				"south": { "uv": [ 0, 3, 2, 4 ], "texture": "#0" },
				"west": { "uv": [ 0, 0, 7.8, 1 ], "texture": "#0" }
			}
		},
		{
			"from": [ 6.416, 3.005, 0.278 ],
			"to": [ 10.376, 4.985, 15.722 ],
			"rotation": { "origin": [ 8, 15.875, 8 ], "axis": "z", "angle": 22.5 },
			"faces": {
				"down": { "uv": [ 0, 0, 2, 7.8 ], "texture": "#0", "rotation": 180 },
				"up": { "uv": [ 0, 0, 2, 7.8 ], "texture": "#0" },
				"north": { "uv": [ 0, 0, 2, 1 ], "texture": "#0" },
				"south": { "uv": [ 0, 3, 2, 4 ], "texture": "#0" },
				"east": { "uv": [ 0, 0, 7.8, 1 ], "texture": "#0" }
			}
		},
		{
			"from": [ 18.296, 10.727, 0.278 ],
			"to": [ 20.276, 14.687, 15.722 ],
			"rotation": { "origin": [ 8, 15.875, 8 ], "axis": "z", "angle": -22.5 },
			"faces": {
				"down": { "uv": [ 0, 0, 1, 7.8 ], "texture": "#0", "cullface": "east" },
				"north": { "uv": [ 0, 0, 1, 2 ], "texture": "#0", "cullface": "east" },
				"south": { "uv": [ 0, 3, 2, 4 ], "texture": "#0", "cullface": "east" },
				"west": { "uv": [ 0, 0, 7.8, 2 ], "texture": "#0", "cullface": "east" },
				"east": { "uv": [ 0, 0, 2, 7.8 ], "texture": "#0", "cullface": "east", "rotation": 90 }
			}
		},
		{
			"from": [ 16.91, 9.934999, 0.08 ],
			"to": [ 18.89, 17.855, 15.92 ],
			"faces": {
				"down": { "uv": [ 0, 0, 1, 8 ], "texture": "#0", "cullface": "east" },
				"up": { "uv": [ 0, 0, 1, 8 ], "texture": "#0", "cullface": "east" },
				"north": { "uv": [ 0, 0, 4, 1 ], "texture": "#0", "cullface": "east" },
				"south": { "uv": [ 0, 3, 4, 4 ], "texture": "#0", "cullface": "east" },
				"east": { "uv": [ 0, 0, 4, 8 ], "texture": "#0", "cullface": "east", "rotation": 90 }
			}
		},
		{
			"from": [ -4.078, 11.123, 0.278 ],
			"to": [ -2.098, 15.083, 15.722 ],
			"rotation": { "origin": [ 8, 15.875, 8 ], "axis": "z", "angle": 22.5 },
			"faces": {
				"down": { "uv": [ 0, 0, 1, 7.8 ], "texture": "#0", "cullface": "west" },
				"north": { "uv": [ 0, 0, 1, 2 ], "texture": "#0", "cullface": "west" },
				"south": { "uv": [ 0, 3, 2, 4 ], "texture": "#0", "cullface": "west" },
				"west": { "uv": [ 0, 0, 2, 7.8 ], "texture": "#0", "cullface": "west", "rotation": 270 },
				"east": { "uv": [ 0, 0, 7.8, 2 ], "texture": "#0", "cullface": "west", "rotation": 180 }
			}
		},
		{
			"from": [ -2.89, 9.934999, 0.08 ],
			"to": [ -0.91, 17.855, 15.92 ],
			"faces": {
				"down": { "uv": [ 0, 0, 1, 8 ], "texture": "#0", "cullface": "west" },
				"up": { "uv": [ 0, 0, 1, 8 ], "texture": "#0", "cullface": "west" },
				"north": { "uv": [ 0, 0, 4, 1 ], "texture": "#0", "cullface": "west" },
				"south": { "uv": [ 0, 3, 4, 4 ], "texture": "#0", "cullface": "west" },
				"west": { "uv": [ 0, 0, 4, 8 ], "texture": "#0", "cullface": "west", "rotation": 270 }
			}
		},
		{
			"from": [ 16.712, 13.301, 0.278 ],
			"to": [ 18.692, 17.261, 15.722 ],
			"rotation": { "origin": [ 8, 15.875, 8 ], "axis": "z", "angle": 22.5 },
			"faces": {
				"up": { "uv": [ 0, 0, 1, 7.8 ], "texture": "#0" },
				"north": { "uv": [ 0, 0, 1, 2 ], "texture": "#0" },
				"south": { "uv": [ 0, 3, 2, 4 ], "texture": "#0" },
				"west": { "uv": [ 0, 0, 7.8, 2 ], "texture": "#0" },
				"east": { "uv": [ 0, 0, 2, 7.8 ], "texture": "#0", "rotation": 90 }
			}
		},
		{
			"from": [ -2.692, 13.301, 0.278 ],
			"to": [ -0.712, 17.261, 15.722 ],
			"rotation": { "origin": [ 8, 15.875, 8 ], "axis": "z", "angle": -22.5 },
			"faces": {
				"up": { "uv": [ 0, 0, 1, 7.8 ], "texture": "#0" },
				"north": { "uv": [ 0, 0, 1, 2 ], "texture": "#0" },
				"south": { "uv": [ 0, 3, 2, 4 ], "texture": "#0" },
				"west": { "uv": [ 0, 0, 2, 7.8 ], "texture": "#0", "rotation": 270 },
				"east": { "uv": [ 0, 0, 7.8, 2 ], "texture": "#0" }
			}
		},
		{
			"from": [ 8.198, 24.191, 0.08 ],
			"to": [ 11.168, 26.171, 15.92 ],
			"rotation": { "origin": [ 8, 15.875, 8 ], "axis": "z", "angle": -45 },
			"faces": {
				"down": { "uv": [ 0, 0, 1.5, 8 ], "texture": "#0", "cullface": "up" },
				"up": { "uv": [ 0, 0, 1.5, 8 ], "texture": "#0", "cullface": "up" },
				"north": { "uv": [ 0, 0, 1.5, 1 ], "texture": "#0", "cullface": "up" },
				"south": { "uv": [ 0, 3, 1.5, 4 ], "texture": "#0", "cullface": "up" },
				"west": { "uv": [ 0, 0, 8, 1 ], "texture": "#0", "cullface": "up" },
				"east": { "uv": [ 0, 0, 8, 1 ], "texture": "#0", "cullface": "up" }
			}
		},
		{
			"from": [ 5.03, 24.191, 0.08 ],
			"to": [ 8, 26.171, 15.92 ],
			"rotation": { "origin": [ 8, 15.875, 8 ], "axis": "z", "angle": 45 },
			"faces": {
				"down": { "uv": [ 4, 0, 5.5, 8 ], "texture": "#0", "cullface": "up" },
				"up": { "uv": [ 5, 0, 6.5, 8 ], "texture": "#0", "cullface": "up" },
				"north": { "uv": [ 0, 0, 1.5, 1 ], "texture": "#0", "cullface": "up" },
				"south": { "uv": [ 0, 3, 1.5, 4 ], "texture": "#0", "cullface": "up" },
				"west": { "uv": [ 0, 0, 8, 1 ], "texture": "#0", "cullface": "up" },
				"east": { "uv": [ 0, 0, 8, 1 ], "texture": "#0", "cullface": "up" }
			}
		},
		{
			"from": [ 7.802, 3.203, 0.08 ],
			"to": [ 10.772, 5.183, 15.92 ],
			"rotation": { "origin": [ 8, 15.875, 8 ], "axis": "z", "angle": -45 },
			"faces": {
				"down": { "uv": [ 4, 0, 5.5, 8 ], "texture": "#0", "cullface": "west", "rotation": 180 },
				"up": { "uv": [ 0, 0, 1.5, 8 ], "texture": "#0", "cullface": "west" },
				"north": { "uv": [ 0, 0, 1.5, 1 ], "texture": "#0", "cullface": "west" },
				"south": { "uv": [ 0, 3, 1.5, 4 ], "texture": "#0", "cullface": "west" },
				"west": { "uv": [ 0, 0, 8, 1 ], "texture": "#0", "cullface": "west" },
				"east": { "uv": [ 0, 0, 8, 1 ], "texture": "#0", "cullface": "west" }
			}
		},
		{
			"from": [ 5.03, 3.203, 0.08 ],
			"to": [ 8, 5.183, 15.92 ],
			"rotation": { "origin": [ 8, 15.875, 8 ], "axis": "z", "angle": 45 },
			"faces": {
				"down": { "uv": [ 7, 0, 8.5, 8 ], "texture": "#0", "cullface": "east", "rotation": 180 },
				"up": { "uv": [ 4, 0, 5.5, 8 ], "texture": "#0", "cullface": "east" },
				"north": { "uv": [ 0, 0, 1.5, 1 ], "texture": "#0", "cullface": "east" },
				"south": { "uv": [ 0, 3, 1.5, 4 ], "texture": "#0", "cullface": "east" },
				"west": { "uv": [ 0, 0, 8, 1 ], "texture": "#0", "cullface": "east" },
				"east": { "uv": [ 0, 0, 8, 1 ], "texture": "#0", "cullface": "east" }
			}
		},
		{
			"from": [ 3.644, 3.203, -6.85 ],
			"to": [ 12.356, 5.183, -3.88 ],
			"faces": {
				"down": { "uv": [ 0, 0, 4.4, 1.5 ], "texture": "#1", "cullface": "north" },
				"up": { "uv": [ 0, 0, 4.4, 1.5 ], "texture": "#1", "cullface": "north" },
				"north": { "uv": [ 0, 0, 4.4, 1 ], "texture": "#1", "cullface": "north" },
				"south": { "uv": [ 0, 0, 4.4, 1 ], "texture": "#1", "cullface": "north" },
				"west": { "uv": [ 0, 0, 1.5, 1 ], "texture": "#1", "cullface": "north" },
				"east": { "uv": [ 0, 0, 1.5, 1 ], "texture": "#1", "cullface": "north" }
			}
		},
		{
			"from": [ 3.644, 22.607, -6.85 ],
			"to": [ 12.356, 24.587, -3.88 ],
			"faces": {
				"down": { "uv": [ 0, 0, 4.4, 1.5 ], "texture": "#1" },
				"up": { "uv": [ 0, 0, 4.4, 1.5 ], "texture": "#1" },
				"north": { "uv": [ 0, 0, 4.4, 1 ], "texture": "#1" },
				"south": { "uv": [ 0, 0, 4.4, 1 ], "texture": "#1" },
				"west": { "uv": [ 0, 0, 1.5, 1 ], "texture": "#1" },
				"east": { "uv": [ 0, 0, 1.5, 1 ], "texture": "#1" }
			}
		},
		{
			"from": [ 5.228, 23.399, -6.652 ],
			"to": [ 13.94, 25.379, -4.078 ],
			"rotation": { "origin": [ 8, 15.875, 8 ], "axis": "z", "angle": -45 },
			"faces": {
				"down": { "uv": [ 0, 0, 4.4, 1.3 ], "texture": "#1" },
				"up": { "uv": [ 0, 0, 4.4, 1.3 ], "texture": "#1" },
				"north": { "uv": [ 0, 0, 4.4, 1 ], "texture": "#1" },
				"south": { "uv": [ 0, 0, 4.4, 1 ], "texture": "#1" },
				"west": { "uv": [ 0, 0, 1.3, 1 ], "texture": "#1" },
				"east": { "uv": [ 0, 0, 1.3, 1 ], "texture": "#1" }
			}
		},
		{
			"from": [ 17.108, 9.539, -6.85 ],
			"to": [ 19.088, 18.251, -3.88 ],
			"faces": {
				"down": { "uv": [ 0, 0, 1, 1.5 ], "texture": "#1" },
				"up": { "uv": [ 0, 0, 1, 1.5 ], "texture": "#1" },
				"north": { "uv": [ 0, 0, 1, 4.4 ], "texture": "#1" },
				"south": { "uv": [ 0, 0, 1, 4.4 ], "texture": "#1" },
				"west": { "uv": [ 0, 0, 1.5, 4.4 ], "texture": "#1" },
				"east": { "uv": [ 0, 0, 1.5, 4.4 ], "texture": "#1" }
			}
		},
		{
			"from": [ -3.088, 9.539, -6.85 ],
			"to": [ -1.108, 18.251, -3.88 ],
			"faces": {
				"down": { "uv": [ 0, 0, 1, 1.5 ], "texture": "#1" },
				"up": { "uv": [ 0, 0, 1, 1.5 ], "texture": "#1" },
				"north": { "uv": [ 0, 0, 1, 4.4 ], "texture": "#1" },
				"south": { "uv": [ 0, 0, 1, 4.4 ], "texture": "#1" },
				"west": { "uv": [ 0, 0, 1.5, 4.4 ], "texture": "#1" },
				"east": { "uv": [ 0, 0, 1.5, 4.4 ], "texture": "#1" }
			}
		},
		{
			"from": [ 2.06, 23.399, -6.652 ],
			"to": [ 10.772, 25.379, -4.078 ],
			"rotation": { "origin": [ 8, 15.875, 8 ], "axis": "z", "angle": 45 },
			"faces": {
				"down": { "uv": [ 0, 0, 4.4, 1.3 ], "texture": "#1" },
				"up": { "uv": [ 0, 0, 4.4, 1.3 ], "texture": "#1" },
				"north": { "uv": [ 0, 0, 4.4, 1 ], "texture": "#1" },
				"south": { "uv": [ 0, 0, 4.4, 1 ], "texture": "#1" },
				"west": { "uv": [ 0, 0, 1.3, 1 ], "texture": "#1" },
				"east": { "uv": [ 0, 0, 1.3, 1 ], "texture": "#1" }
			}
		},
		{
			"from": [ 4.832, 3.599, -6.652 ],
			"to": [ 13.544, 5.579, -4.078 ],
			"rotation": { "origin": [ 8, 15.875, 8 ], "axis": "z", "angle": -45 },
			"faces": {
				"down": { "uv": [ 0, 0, 4.4, 1.3 ], "texture": "#1", "cullface": "north" },
				"up": { "uv": [ 0, 0, 4.4, 1.3 ], "texture": "#1", "cullface": "north" },
				"north": { "uv": [ 0, 0, 4.4, 1 ], "texture": "#1", "cullface": "north" },
				"south": { "uv": [ 0, 0, 4.4, 1 ], "texture": "#1", "cullface": "north" },
				"west": { "uv": [ 0, 0, 1.3, 1 ], "texture": "#1", "cullface": "north" },
				"east": { "uv": [ 0, 0, 1.3, 1 ], "texture": "#1", "cullface": "north" }
			}
		},
		{
			"from": [ 2.258, 3.599, -6.652 ],
			"to": [ 10.97, 5.579, -4.078 ],
			"rotation": { "origin": [ 8, 15.875, 8 ], "axis": "z", "angle": 45 },
			"faces": {
				"down": { "uv": [ 0, 0, 4.4, 1.3 ], "texture": "#1", "cullface": "north" },
				"up": { "uv": [ 0, 0, 4.4, 1.3 ], "texture": "#1", "cullface": "north" },
				"north": { "uv": [ 0, 0, 4.4, 1 ], "texture": "#1", "cullface": "north" },
				"south": { "uv": [ 0, 0, 4.4, 1 ], "texture": "#1", "cullface": "north" },
				"west": { "uv": [ 0, 0, 1.3, 1 ], "texture": "#1", "cullface": "north" },
				"east": { "uv": [ 0, 0, 1.3, 1 ], "texture": "#1", "cullface": "north" }
			}
		},
		{
			"from": [ 3.644, 3.203, 19.88 ],
			"to": [ 12.356, 5.183, 22.85 ],
			"faces": {
				"down": { "uv": [ 0, 0, 4.4, 1.5 ], "texture": "#1", "cullface": "south" },
				"up": { "uv": [ 0, 0, 4.4, 1.5 ], "texture": "#1", "cullface": "south" },
				"north": { "uv": [ 0, 0, 4.4, 1 ], "texture": "#1", "cullface": "south" },
				"south": { "uv": [ 0, 0, 4.4, 1 ], "texture": "#1", "cullface": "south" },
				"west": { "uv": [ 0, 0, 1.5, 1 ], "texture": "#1", "cullface": "south" },
				"east": { "uv": [ 0, 0, 1.5, 1 ], "texture": "#1", "cullface": "south" }
			}
		},
		{
			"from": [ 3.644, 22.607, 19.88 ],
			"to": [ 12.356, 24.587, 22.85 ],
			"faces": {
				"down": { "uv": [ 0, 0, 4.4, 1.5 ], "texture": "#1" },
				"up": { "uv": [ 0, 0, 4.4, 1.5 ], "texture": "#1" },
				"north": { "uv": [ 0, 0, 4.4, 1 ], "texture": "#1" },
				"south": { "uv": [ 0, 0, 4.4, 1 ], "texture": "#1" },
				"west": { "uv": [ 0, 0, 1.5, 1 ], "texture": "#1" },
				"east": { "uv": [ 0, 0, 1.5, 1 ], "texture": "#1" }
			}
		},
		{
			"from": [ 5.228, 23.399, 20.078 ],
			"to": [ 13.94, 25.379, 22.652 ],
			"rotation": { "origin": [ 8, 15.875, 8 ], "axis": "z", "angle": -45 },
			"faces": {
				"down": { "uv": [ 0, 0, 4.4, 1.3 ], "texture": "#1" },
				"up": { "uv": [ 0, 0, 4.4, 1.3 ], "texture": "#1" },
				"north": { "uv": [ 0, 0, 4.4, 1 ], "texture": "#1" },
				"south": { "uv": [ 0, 0, 4.4, 1 ], "texture": "#1" },
				"west": { "uv": [ 0, 0, 1.3, 1 ], "texture": "#1" },
				"east": { "uv": [ 0, 0, 1.3, 1 ], "texture": "#1" }
			}
		},
		{
			"from": [ 17.108, 9.539, 19.88 ],
			"to": [ 19.088, 18.251, 22.85 ],
			"faces": {
				"down": { "uv": [ 0, 0, 1, 1.5 ], "texture": "#1" },
				"up": { "uv": [ 0, 0, 1, 1.5 ], "texture": "#1" },
				"north": { "uv": [ 0, 0, 1, 4.4 ], "texture": "#1" },
				"south": { "uv": [ 0, 0, 1, 4.4 ], "texture": "#1" },
				"west": { "uv": [ 0, 0, 1.5, 4.4 ], "texture": "#1" },
				"east": { "uv": [ 0, 0, 1.5, 4.4 ], "texture": "#1" }
			}
		},
		{
			"from": [ -3.088, 9.539, 19.88 ],
			"to": [ -1.108, 18.251, 22.85 ],
			"faces": {
				"down": { "uv": [ 0, 0, 1, 1.5 ], "texture": "#1" },
				"up": { "uv": [ 0, 0, 1, 1.5 ], "texture": "#1" },
				"north": { "uv": [ 0, 0, 1, 4.4 ], "texture": "#1" },
				"south": { "uv": [ 0, 0, 1, 4.4 ], "texture": "#1" },
				"west": { "uv": [ 0, 0, 1.5, 4.4 ], "texture": "#1" },
				"east": { "uv": [ 0, 0, 1.5, 4.4 ], "texture": "#1" }
			}
		},
		{
			"from": [ 2.06, 23.399, 20.078 ],
			"to": [ 10.772, 25.379, 22.652 ],
			"rotation": { "origin": [ 8, 15.875, 8 ], "axis": "z", "angle": 45 },
			"faces": {
				"down": { "uv": [ 0, 0, 4.4, 1.3 ], "texture": "#1" },
				"up": { "uv": [ 0, 0, 4.4, 1.3 ], "texture": "#1" },
				"north": { "uv": [ 0, 0, 4.4, 1 ], "texture": "#1" },
				"south": { "uv": [ 0, 0, 4.4, 1 ], "texture": "#1" },
				"west": { "uv": [ 0, 0, 1.3, 1 ], "texture": "#1" },
				"east": { "uv": [ 0, 0, 1.3, 1 ], "texture": "#1" }
			}
		},
		{
			"from": [ 4.832, 3.599, 20.078 ],
			"to": [ 13.544, 5.579, 22.652 ],
			"rotation": { "origin": [ 8, 15.875, 8 ], "axis": "z", "angle": -45 },
			"faces": {
				"down": { "uv": [ 0, 0, 4.4, 1.3 ], "texture": "#1", "cullface": "south" },
				"up": { "uv": [ 0, 0, 4.4, 1.3 ], "texture": "#1", "cullface": "south" },
				"north": { "uv": [ 0, 0, 4.4, 1 ], "texture": "#1", "cullface": "south" },
				"south": { "uv": [ 0, 0, 4.4, 1 ], "texture": "#1", "cullface": "south" },
				"west": { "uv": [ 0, 0, 1.3, 1 ], "texture": "#1", "cullface": "south" },
				"east": { "uv": [ 0, 0, 1.3, 1 ], "texture": "#1", "cullface": "south" }
			}
		},
		{
			"from": [ 2.258, 3.599, 20.078 ],
			"to": [ 10.97, 5.579, 22.652 ],
			"rotation": { "origin": [ 8, 15.875, 8 ], "axis": "z", "angle": 45 },
			"faces": {
				"down": { "uv": [ 0, 0, 4.4, 1.3 ], "texture": "#1", "cullface": "south" },
				"up": { "uv": [ 0, 0, 4.4, 1.3 ], "texture": "#1", "cullface": "south" },
				"north": { "uv": [ 0, 0, 4.4, 1 ], "texture": "#1", "cullface": "south" },
				"south": { "uv": [ 0, 0, 4.4, 1 ], "texture": "#1", "cullface": "south" },
				"west": { "uv": [ 0, 0, 1.3, 1 ], "texture": "#1", "cullface": "south" },
				"east": { "uv": [ 0, 0, 1.3, 1 ], "texture": "#1", "cullface": "south" }
			}
		},
		{
			"from": [ 3.644, 23.795, 10.97 ],
			"to": [ 12.356, 25.775, 12.95 ],
			"faces": {
				"down": { "uv": [ 0, 0, 4.4, 1 ], "texture": "#1", "cullface": "up" },
				"up": { "uv": [ 0, 0, 4.4, 1 ], "texture": "#1", "cullface": "up" },
				"north": { "uv": [ 0, 0, 4.4, 1 ], "texture": "#1", "cullface": "up" },
				"south": { "uv": [ 0, 0, 4.4, 1 ], "texture": "#1", "cullface": "up" },
				"west": { "uv": [ 0, 0, 1, 1 ], "texture": "#1", "cullface": "up" },
				"east": { "uv": [ 0, 0, 1, 1 ], "texture": "#1", "cullface": "up" }
			}
		},
		{
			"from": [ 3.644, 2.015, 10.97 ],
			"to": [ 12.356, 3.995, 12.95 ],
			"faces": {
				"down": { "uv": [ 0, 0, 4.4, 1 ], "texture": "#1" },
				"up": { "uv": [ 0, 0, 4.4, 1 ], "texture": "#1" },
				"north": { "uv": [ 0, 0, 4.4, 1 ], "texture": "#1" },
				"south": { "uv": [ 0, 0, 4.4, 1 ], "texture": "#1" },
				"west": { "uv": [ 0, 0, 1, 1 ], "texture": "#1" },
				"east": { "uv": [ 0, 0, 1, 1 ], "texture": "#1" }
			}
		},
		{
			"from": [ 5.228, 24.785, 10.97 ],
			"to": [ 13.94, 26.765, 12.95 ],
			"rotation": { "origin": [ 8, 15.875, 8 ], "axis": "z", "angle": -45 },
			"faces": {
				"down": { "uv": [ 0, 0, 4.4, 1 ], "texture": "#1", "cullface": "up" },
				"up": { "uv": [ 0, 0, 4.4, 1 ], "texture": "#1", "cullface": "up" },
				"north": { "uv": [ 0, 0, 4.4, 1 ], "texture": "#1", "cullface": "up" },
				"south": { "uv": [ 0, 0, 4.4, 1 ], "texture": "#1", "cullface": "up" },
				"west": { "uv": [ 0, 0, 1, 1 ], "texture": "#1", "cullface": "up" },
				"east": { "uv": [ 0, 0, 1, 1 ], "texture": "#1", "cullface": "up" }
			}
		},
		{
			"from": [ 18.098, 9.539, 10.97 ],
			"to": [ 20.078, 18.251, 12.95 ],
			"faces": {
				"down": { "uv": [ 0, 0, 1, 1 ], "texture": "#1", "cullface": "east" },
				"up": { "uv": [ 0, 0, 1, 1 ], "texture": "#1", "cullface": "east" },
				"north": { "uv": [ 0, 0, 1, 4.4 ], "texture": "#1", "cullface": "east" },
				"south": { "uv": [ 0, 0, 1, 4.4 ], "texture": "#1", "cullface": "east" },
				"west": { "uv": [ 0, 0, 1, 4.4 ], "texture": "#1", "cullface": "east" },
				"east": { "uv": [ 0, 0, 1, 4.4 ], "texture": "#1", "cullface": "east" }
			}
		},
		{
			"from": [ -4.276, 9.539, 10.97 ],
			"to": [ -2.296, 18.251, 12.95 ],
			"faces": {
				"down": { "uv": [ 0, 0, 1, 1 ], "texture": "#1", "cullface": "west" },
				"up": { "uv": [ 0, 0, 1, 1 ], "texture": "#1", "cullface": "west" },
				"north": { "uv": [ 0, 0, 1, 4.4 ], "texture": "#1", "cullface": "west" },
				"south": { "uv": [ 0, 0, 1, 4.4 ], "texture": "#1", "cullface": "west" },
				"west": { "uv": [ 0, 0, 1, 4.4 ], "texture": "#1", "cullface": "west" },
				"east": { "uv": [ 0, 0, 1, 4.4 ], "texture": "#1", "cullface": "west" }
			}
		},
		{
			"from": [ 2.06, 24.785, 10.97 ],
			"to": [ 10.772, 26.765, 12.95 ],
			"rotation": { "origin": [ 8, 15.875, 8 ], "axis": "z", "angle": 45 },
			"faces": {
				"down": { "uv": [ 0, 0, 4.4, 1 ], "texture": "#1", "cullface": "up" },
				"up": { "uv": [ 0, 0, 4.4, 1 ], "texture": "#1", "cullface": "up" },
				"north": { "uv": [ 0, 0, 4.4, 1 ], "texture": "#1", "cullface": "up" },
				"south": { "uv": [ 0, 0, 4.4, 1 ], "texture": "#1", "cullface": "up" },
				"west": { "uv": [ 0, 0, 1, 1 ], "texture": "#1", "cullface": "up" },
				"east": { "uv": [ 0, 0, 1, 1 ], "texture": "#1", "cullface": "up" }
			}
		},
		{
			"from": [ 4.832, 2.411, 10.97 ],
			"to": [ 13.544, 4.391, 12.95 ],
			"rotation": { "origin": [ 8, 15.875, 8 ], "axis": "z", "angle": -45 },
			"faces": {
				"down": { "uv": [ 0, 0, 4.4, 1 ], "texture": "#1", "cullface": "west" },
				"up": { "uv": [ 0, 0, 4.4, 1 ], "texture": "#1", "cullface": "west" },
				"north": { "uv": [ 0, 0, 4.4, 1 ], "texture": "#1", "cullface": "west" },
				"south": { "uv": [ 0, 0, 4.4, 1 ], "texture": "#1", "cullface": "west" },
				"west": { "uv": [ 0, 0, 1, 1 ], "texture": "#1", "cullface": "west" },
				"east": { "uv": [ 0, 0, 1, 1 ], "texture": "#1", "cullface": "west" }
			}
		},
		{
			"from": [ 2.258, 2.411, 10.97 ],
			"to": [ 10.97, 4.391, 12.95 ],
			"rotation": { "origin": [ 8, 15.875, 8 ], "axis": "z", "angle": 45 },
			"faces": {
				"down": { "uv": [ 0, 0, 4.4, 1 ], "texture": "#1", "cullface": "east" },
				"up": { "uv": [ 0, 0, 4.4, 1 ], "texture": "#1", "cullface": "east" },
				"north": { "uv": [ 0, 0, 4.4, 1 ], "texture": "#1", "cullface": "east" },
				"south": { "uv": [ 0, 0, 4.4, 1 ], "texture": "#1", "cullface": "east" },
				"west": { "uv": [ 0, 0, 1, 1 ], "texture": "#1", "cullface": "east" },
				"east": { "uv": [ 0, 0, 1, 1 ], "texture": "#1", "cullface": "east" }
			}
		},
		{
			"from": [ 7.802, 24.785, 11.168 ],
			"to": [ 9.782, 26.765, 12.752 ],
			"rotation": { "origin": [ 8, 15.875, 8 ], "axis": "z", "angle": -22.5 },
			"faces": {
				"down": { "uv": [ 0, 0, 1, 0.8000002 ], "texture": "#1", "cullface": "up" },
				"up": { "uv": [ 0, 0, 1, 0.8000002 ], "texture": "#1", "cullface": "up" },
				"north": { "uv": [ 0, 0, 1, 1 ], "texture": "#1", "cullface": "up" },
				"south": { "uv": [ 0, 0, 1, 1 ], "texture": "#1", "cullface": "up" },
				"west": { "uv": [ 0, 0, 0.8, 1 ], "texture": "#1", "cullface": "up" },
				"east": { "uv": [ 0, 0, 0.8, 1 ], "texture": "#1", "cullface": "up" }
			}
		},
		{
			"from": [ 18.098, 12.905, 11.168 ],
			"to": [ 20.078, 14.885, 12.752 ],
			"rotation": { "origin": [ 8, 15.875, 8 ], "axis": "z", "angle": 22.5 },
			"faces": {
				"down": { "uv": [ 0, 0, 1, 0.8000002 ], "texture": "#1" },
				"up": { "uv": [ 0, 0, 1, 0.8000002 ], "texture": "#1" },
				"north": { "uv": [ 0, 0, 1, 1 ], "texture": "#1" },
				"south": { "uv": [ 0, 0, 1, 1 ], "texture": "#1" },
				"west": { "uv": [ 0, 0, 0.8, 1 ], "texture": "#1" },
				"east": { "uv": [ 0, 0, 0.8, 1 ], "texture": "#1" }
			}
		},
		{
			"from": [ 7.802, 1.619, 11.168 ],
			"to": [ 9.782, 3.599, 12.752 ],
			"rotation": { "origin": [ 8, 15.875, 8 ], "axis": "z", "angle": -22.5 },
			"faces": {
				"down": { "uv": [ 0, 0, 1, 0.8000002 ], "texture": "#1" },
				"up": { "uv": [ 0, 0, 1, 0.8000002 ], "texture": "#1" },
				"north": { "uv": [ 0, 0, 1, 1 ], "texture": "#1" },
				"south": { "uv": [ 0, 0, 1, 1 ], "texture": "#1" },
				"west": { "uv": [ 0, 0, 0.8, 1 ], "texture": "#1" }
			}
		},
		{
			"from": [ -5.464, 13.103, 11.168 ],
			"to": [ -3.483999, 14.687, 12.752 ],
			"rotation": { "origin": [ 8, 15.875, 8 ], "axis": "z", "angle": 22.5 },
			"faces": {
				"down": { "uv": [ 0, 0, 1, 0.8000002 ], "texture": "#1", "cullface": "west" },
				"up": { "uv": [ 0, 0, 1, 0.8000002 ], "texture": "#1", "cullface": "west" },
				"north": { "uv": [ 0, 0, 1, 0.8000002 ], "texture": "#1", "cullface": "west" },
				"south": { "uv": [ 0, 0, 1, 0.8000002 ], "texture": "#1", "cullface": "west" },
				"west": { "uv": [ 0, 0, 0.8, 0.8000002 ], "texture": "#1", "cullface": "west" },
				"east": { "uv": [ 0, 0, 0.8, 0.8000002 ], "texture": "#1", "cullface": "west" }
			}
		},
		{
			"from": [ 5.822, 24.785, 11.168 ],
			"to": [ 7.802, 26.765, 12.752 ],
			"rotation": { "origin": [ 8, 15.875, 8 ], "axis": "z", "angle": 22.5 },
			"faces": {
				"down": { "uv": [ 0, 0, 1, 0.8000002 ], "texture": "#1", "cullface": "up" },
				"up": { "uv": [ 0, 0, 1, 0.8000002 ], "texture": "#1", "cullface": "up" },
				"north": { "uv": [ 0, 0, 1, 1 ], "texture": "#1", "cullface": "up" },
				"south": { "uv": [ 0, 0, 1, 1 ], "texture": "#1", "cullface": "up" },
				"west": { "uv": [ 0, 0, 0.8, 1 ], "texture": "#1", "cullface": "up" }
			}
		},
		{
			"from": [ -4.276, 12.905, 11.168 ],
			"to": [ -2.296, 14.885, 12.752 ],
			"rotation": { "origin": [ 8, 15.875, 8 ], "axis": "z", "angle": -22.5 },
			"faces": {
				"down": { "uv": [ 0, 0, 1, 0.8000002 ], "texture": "#1" },
				"up": { "uv": [ 0, 0, 1, 0.8000002 ], "texture": "#1" },
				"north": { "uv": [ 0, 0, 1, 1 ], "texture": "#1" },
				"south": { "uv": [ 0, 0, 1, 1 ], "texture": "#1" },
				"west": { "uv": [ 0, 0, 0.8, 1 ], "texture": "#1" },
				"east": { "uv": [ 0, 0, 0.8, 1 ], "texture": "#1" }
			}
		},
		{
			"from": [ 6.416, 1.421, 11.168 ],
			"to": [ 8.396, 3.401, 12.752 ],
			"rotation": { "origin": [ 8, 15.875, 8 ], "axis": "z", "angle": 22.5 },
			"faces": {
				"down": { "uv": [ 0, 0, 1, 0.8000002 ], "texture": "#1" },
				"up": { "uv": [ 0, 0, 1, 0.8000002 ], "texture": "#1" },
				"north": { "uv": [ 0, 0, 1, 1 ], "texture": "#1" },
				"south": { "uv": [ 0, 0, 1, 1 ], "texture": "#1" },
				"east": { "uv": [ 0, 0, 0.8, 1 ], "texture": "#1" }
			}
		},
		{
			"from": [ 19.484, 13.103, 11.168 ],
			"to": [ 21.464, 14.687, 12.752 ],
			"rotation": { "origin": [ 8, 15.875, 8 ], "axis": "z", "angle": -22.5 },
			"faces": {
				"down": { "uv": [ 0, 0, 1, 0.8000002 ], "texture": "#1", "cullface": "east" },
				"north": { "uv": [ 0, 0, 1, 0.8000002 ], "texture": "#1", "cullface": "east" },
				"south": { "uv": [ 0, 0, 1, 0.8000002 ], "texture": "#1", "cullface": "east" },
				"west": { "uv": [ 0, 0, 0.8, 0.8000002 ], "texture": "#1", "cullface": "east" },
				"east": { "uv": [ 0, 0, 0.8, 0.8000002 ], "texture": "#1", "cullface": "east" }
			}
		},
		{
			"from": [ 3.644, 23.795, 3.05 ],
			"to": [ 12.356, 25.775, 5.03 ],
			"faces": {
				"down": { "uv": [ 0, 0, 4.4, 1 ], "texture": "#1", "cullface": "up" },
				"up": { "uv": [ 0, 0, 4.4, 1 ], "texture": "#1", "cullface": "up" },
				"north": { "uv": [ 0, 0, 4.4, 1 ], "texture": "#1", "cullface": "up" },
				"south": { "uv": [ 0, 0, 4.4, 1 ], "texture": "#1", "cullface": "up" },
				"west": { "uv": [ 0, 0, 1, 1 ], "texture": "#1", "cullface": "up" },
				"east": { "uv": [ 0, 0, 1, 1 ], "texture": "#1", "cullface": "up" }
			}
		},
		{
			"from": [ 3.644, 2.015, 3.05 ],
			"to": [ 12.356, 3.995, 5.03 ],
			"faces": {
				"down": { "uv": [ 0, 0, 4.4, 1 ], "texture": "#1" },
				"up": { "uv": [ 0, 0, 4.4, 1 ], "texture": "#1" },
				"north": { "uv": [ 0, 0, 4.4, 1 ], "texture": "#1" },
				"south": { "uv": [ 0, 0, 4.4, 1 ], "texture": "#1" },
				"west": { "uv": [ 0, 0, 1, 1 ], "texture": "#1" },
				"east": { "uv": [ 0, 0, 1, 1 ], "texture": "#1" }
			}
		},
		{
			"from": [ 5.228, 24.785, 3.05 ],
			"to": [ 13.94, 26.765, 5.03 ],
			"rotation": { "origin": [ 8, 15.875, 8 ], "axis": "z", "angle": -45 },
			"faces": {
				"down": { "uv": [ 0, 0, 4.4, 1 ], "texture": "#1", "cullface": "up" },
				"up": { "uv": [ 0, 0, 4.4, 1 ], "texture": "#1", "cullface": "up" },
				"north": { "uv": [ 0, 0, 4.4, 1 ], "texture": "#1", "cullface": "up" },
				"south": { "uv": [ 0, 0, 4.4, 1 ], "texture": "#1", "cullface": "up" },
				"west": { "uv": [ 0, 0, 1, 1 ], "texture": "#1", "cullface": "up" },
				"east": { "uv": [ 0, 0, 1, 1 ], "texture": "#1", "cullface": "up" }
			}
		},
		{
			"from": [ 18.098, 9.539, 3.05 ],
			"to": [ 20.078, 18.251, 5.03 ],
			"faces": {
				"down": { "uv": [ 0, 0, 1, 1 ], "texture": "#1", "cullface": "east" },
				"up": { "uv": [ 0, 0, 1, 1 ], "texture": "#1", "cullface": "east" },
				"north": { "uv": [ 0, 0, 1, 4.4 ], "texture": "#1", "cullface": "east" },
				"south": { "uv": [ 0, 0, 1, 4.4 ], "texture": "#1", "cullface": "east" },
				"west": { "uv": [ 0, 0, 1, 4.4 ], "texture": "#1", "cullface": "east" },
				"east": { "uv": [ 0, 0, 1, 4.4 ], "texture": "#1", "cullface": "east" }
			}
		},
		{
			"from": [ -4.276, 9.539, 3.05 ],
			"to": [ -2.296, 18.251, 5.03 ],
			"faces": {
				"down": { "uv": [ 0, 0, 1, 1 ], "texture": "#1", "cullface": "west" },
				"up": { "uv": [ 0, 0, 1, 1 ], "texture": "#1", "cullface": "west" },
				"north": { "uv": [ 0, 0, 1, 4.4 ], "texture": "#1", "cullface": "west" },
				"south": { "uv": [ 0, 0, 1, 4.4 ], "texture": "#1", "cullface": "west" },
				"west": { "uv": [ 0, 0, 1, 4.4 ], "texture": "#1", "cullface": "west" },
				"east": { "uv": [ 0, 0, 1, 4.4 ], "texture": "#1", "cullface": "west" }
			}
		},
		{
			"from": [ 2.06, 24.785, 3.05 ],
			"to": [ 10.772, 26.765, 5.03 ],
			"rotation": { "origin": [ 8, 15.875, 8 ], "axis": "z", "angle": 45 },
			"faces": {
				"down": { "uv": [ 0, 0, 4.4, 1 ], "texture": "#1", "cullface": "up" },
				"up": { "uv": [ 0, 0, 4.4, 1 ], "texture": "#1", "cullface": "up" },
				"north": { "uv": [ 0, 0, 4.4, 1 ], "texture": "#1", "cullface": "up" },
				"south": { "uv": [ 0, 0, 4.4, 1 ], "texture": "#1", "cullface": "up" },
				"west": { "uv": [ 0, 0, 1, 1 ], "texture": "#1", "cullface": "up" },
				"east": { "uv": [ 0, 0, 1, 1 ], "texture": "#1", "cullface": "up" }
			}
		},
		{
			"from": [ 4.832, 2.411, 3.05 ],
			"to": [ 13.544, 4.391, 5.03 ],
			"rotation": { "origin": [ 8, 15.875, 8 ], "axis": "z", "angle": -45 },
			"faces": {
				"down": { "uv": [ 0, 0, 4.4, 1 ], "texture": "#1", "cullface": "west" },
				"up": { "uv": [ 0, 0, 4.4, 1 ], "texture": "#1", "cullface": "west" },
				"north": { "uv": [ 0, 0, 4.4, 1 ], "texture": "#1", "cullface": "west" },
				"south": { "uv": [ 0, 0, 4.4, 1 ], "texture": "#1", "cullface": "west" },
				"west": { "uv": [ 0, 0, 1, 1 ], "texture": "#1", "cullface": "west" },
				"east": { "uv": [ 0, 0, 1, 1 ], "texture": "#1", "cullface": "west" }
			}
		},
		{
			"from": [ 2.258, 2.411, 3.05 ],
			"to": [ 10.97, 4.391, 5.03 ],
			"rotation": { "origin": [ 8, 15.875, 8 ], "axis": "z", "angle": 45 },
			"faces": {
				"down": { "uv": [ 0, 0, 4.4, 1 ], "texture": "#1", "cullface": "east" },
				"up": { "uv": [ 0, 0, 4.4, 1 ], "texture": "#1", "cullface": "east" },
				"north": { "uv": [ 0, 0, 4.4, 1 ], "texture": "#1", "cullface": "east" },
				"south": { "uv": [ 0, 0, 4.4, 1 ], "texture": "#1", "cullface": "east" },
				"west": { "uv": [ 0, 0, 1, 1 ], "texture": "#1", "cullface": "east" },
				"east": { "uv": [ 0, 0, 1, 1 ], "texture": "#1", "cullface": "east" }
			}
		},
		{
			"from": [ 7.802, 24.785, 3.248 ],
			"to": [ 9.782, 26.765, 4.832 ],
			"rotation": { "origin": [ 8, 15.875, 8 ], "axis": "z", "angle": -22.5 },
			"faces": {
				"down": { "uv": [ 0, 0, 1, 0.8000002 ], "texture": "#1", "cullface": "up" },
				"up": { "uv": [ 0, 0, 1, 0.8000002 ], "texture": "#1", "cullface": "up" },
				"north": { "uv": [ 0, 0, 1, 1 ], "texture": "#1", "cullface": "up" },
				"south": { "uv": [ 0, 0, 1, 1 ], "texture": "#1", "cullface": "up" },
				"west": { "uv": [ 0, 0, 0.8, 1 ], "texture": "#1", "cullface": "up" },
				"east": { "uv": [ 0, 0, 0.8, 1 ], "texture": "#1", "cullface": "up" }
			}
		},
		{
			"from": [ 18.098, 12.905, 3.248 ],
			"to": [ 20.078, 14.885, 4.832 ],
			"rotation": { "origin": [ 8, 15.875, 8 ], "axis": "z", "angle": 22.5 },
			"faces": {
				"down": { "uv": [ 0, 0, 1, 0.8000002 ], "texture": "#1" },
				"up": { "uv": [ 0, 0, 1, 0.8000002 ], "texture": "#1" },
				"north": { "uv": [ 0, 0, 1, 1 ], "texture": "#1" },
				"south": { "uv": [ 0, 0, 1, 1 ], "texture": "#1" },
				"west": { "uv": [ 0, 0, 0.8, 1 ], "texture": "#1" },
				"east": { "uv": [ 0, 0, 0.8, 1 ], "texture": "#1" }
			}
		},
		{
			"from": [ 7.802, 1.619, 3.248 ],
			"to": [ 9.782, 3.599, 4.832 ],
			"rotation": { "origin": [ 8, 15.875, 8 ], "axis": "z", "angle": -22.5 },
			"faces": {
				"down": { "uv": [ 0, 0, 1, 0.8000002 ], "texture": "#1" },
				"up": { "uv": [ 0, 0, 1, 0.8000002 ], "texture": "#1" },
				"north": { "uv": [ 0, 0, 1, 1 ], "texture": "#1" },
				"south": { "uv": [ 0, 0, 1, 1 ], "texture": "#1" },
				"west": { "uv": [ 0, 0, 0.8, 1 ], "texture": "#1" }
			}
		},
		{
			"from": [ -5.464, 13.103, 3.248 ],
			"to": [ -3.483999, 14.687, 4.832 ],
			"rotation": { "origin": [ 8, 15.875, 8 ], "axis": "z", "angle": 22.5 },
			"faces": {
				"down": { "uv": [ 0, 0, 1, 0.8000002 ], "texture": "#1", "cullface": "west" },
				"up": { "uv": [ 0, 0, 1, 0.8000002 ], "texture": "#1", "cullface": "west" },
				"north": { "uv": [ 0, 0, 1, 0.8000002 ], "texture": "#1", "cullface": "west" },
				"south": { "uv": [ 0, 0, 1, 0.8000002 ], "texture": "#1", "cullface": "west" },
				"west": { "uv": [ 0, 0, 0.8, 0.8000002 ], "texture": "#1", "cullface": "west" },
				"east": { "uv": [ 0, 0, 0.8, 0.8000002 ], "texture": "#1", "cullface": "west" }
			}
		},
		{
			"from": [ 5.822, 24.785, 3.248 ],
			"to": [ 7.802, 26.765, 4.832 ],
			"rotation": { "origin": [ 8, 15.875, 8 ], "axis": "z", "angle": 22.5 },
			"faces": {
				"down": { "uv": [ 0, 0, 1, 0.8000002 ], "texture": "#1", "cullface": "up" },
				"up": { "uv": [ 0, 0, 1, 0.8000002 ], "texture": "#1", "cullface": "up" },
				"north": { "uv": [ 0, 0, 1, 1 ], "texture": "#1", "cullface": "up" },
				"south": { "uv": [ 0, 0, 1, 1 ], "texture": "#1", "cullface": "up" },
				"west": { "uv": [ 0, 0, 0.8, 1 ], "texture": "#1", "cullface": "up" }
			}
		},
		{
			"from": [ -4.276, 12.905, 3.248 ],
			"to": [ -2.296, 14.885, 4.832 ],
			"rotation": { "origin": [ 8, 15.875, 8 ], "axis": "z", "angle": -22.5 },
			"faces": {
				"down": { "uv": [ 0, 0, 1, 0.8000002 ], "texture": "#1" },
				"up": { "uv": [ 0, 0, 1, 0.8000002 ], "texture": "#1" },
				"north": { "uv": [ 0, 0, 1, 1 ], "texture": "#1" },
				"south": { "uv": [ 0, 0, 1, 1 ], "texture": "#1" },
				"west": { "uv": [ 0, 0, 0.8, 1 ], "texture": "#1" },
				"east": { "uv": [ 0, 0, 0.8, 1 ], "texture": "#1" }
			}
		},
		{
			"from": [ 6.416, 1.421, 3.248 ],
			"to": [ 8.396, 3.401, 4.832 ],
			"rotation": { "origin": [ 8, 15.875, 8 ], "axis": "z", "angle": 22.5 },
			"faces": {
				"down": { "uv": [ 0, 0, 1, 0.8000002 ], "texture": "#1" },
				"up": { "uv": [ 0, 0, 1, 0.8000002 ], "texture": "#1" },
				"north": { "uv": [ 0, 0, 1, 1 ], "texture": "#1" },
				"south": { "uv": [ 0, 0, 1, 1 ], "texture": "#1" },
				"east": { "uv": [ 0, 0, 0.8, 1 ], "texture": "#1" }
			}
		},
		{
			"from": [ 19.484, 13.103, 3.248 ],
			"to": [ 21.464, 14.687, 4.832 ],
			"rotation": { "origin": [ 8, 15.875, 8 ], "axis": "z", "angle": -22.5 },
			"faces": {
				"down": { "uv": [ 0, 0, 1, 0.8000002 ], "texture": "#1", "cullface": "east" },
				"north": { "uv": [ 0, 0, 1, 0.8000002 ], "texture": "#1", "cullface": "east" },
				"south": { "uv": [ 0, 0, 1, 0.8000002 ], "texture": "#1", "cullface": "east" },
				"west": { "uv": [ 0, 0, 0.8, 0.8000002 ], "texture": "#1", "cullface": "east" },
				"east": { "uv": [ 0, 0, 0.8, 0.8000002 ], "texture": "#1", "cullface": "east" }
			}
		},
		{
			"from": [ -3.88, 0.035, -3.88 ],
			"to": [ -1.9, 3.995, 0.08000016 ],
			"rotation": { "origin": [ -1.9, 0.035, -7.84 ], "axis": "z", "angle": -45 },
			"faces": {
				"up": { "uv": [ 0, 0, 1, 2 ], "texture": "#2", "cullface": "west" },
				"north": { "uv": [ 0, 0, 1, 2 ], "texture": "#2", "cullface": "west" },
				"south": { "uv": [ 0, 0, 1, 2 ], "texture": "#2", "cullface": "west" },
				"west": { "uv": [ 0, 0, 2, 2 ], "texture": "#2", "cullface": "west" },
				"east": { "uv": [ 0, 0, 2, 2 ], "texture": "#2", "cullface": "west" }
			}
		},
		{
			"from": [ -3.484, 0.035, -4.078 ],
			"to": [ -1.504, 2.015, 0.2779999 ],
			"faces": {
				"down": { "uv": [ 0, 0, 1, 2.2 ], "texture": "#2", "cullface": "west" },
				"up": { "uv": [ 0, 0, 1, 2.2 ], "texture": "#2", "cullface": "west" },
				"north": { "uv": [ 0, 0, 1, 1 ], "texture": "#2", "cullface": "west" },
				"south": { "uv": [ 0, 0, 1, 1 ], "texture": "#2", "cullface": "west" },
				"west": { "uv": [ 0, 0, 2.2, 1 ], "texture": "#2", "cullface": "west" },
				"east": { "uv": [ 0, 0, 2.2, 1 ], "texture": "#2", "cullface": "west" }
			}
		},
		{
			"from": [ -2.692, 3.203, -4.078 ],
			"to": [ -0.712, 7.163, 0.2779999 ],
			"rotation": { "origin": [ -1.9, 0.035, -7.84 ], "axis": "z", "angle": -22.5 },
			"faces": {
				"down": { "uv": [ 0, 0, 1, 2.2 ], "texture": "#2", "cullface": "west" },
				"up": { "uv": [ 0, 0, 1, 2.2 ], "texture": "#2", "cullface": "west" },
				"north": { "uv": [ 0, 0, 1, 2 ], "texture": "#2", "cullface": "west" },
				"south": { "uv": [ 0, 0, 1, 2 ], "texture": "#2", "cullface": "west" },
				"west": { "uv": [ 0, 0, 2.2, 2 ], "texture": "#2", "cullface": "west" },
				"east": { "uv": [ 0, 0, 2.2, 2 ], "texture": "#2", "cullface": "west" }
			}
		},
		{
			"from": [ -7.642, 4.391, -3.88 ],
			"to": [ -3.682, 6.370999, 0.08000016 ],
			"rotation": { "origin": [ -1.9, 0.035, -7.84 ], "axis": "z", "angle": -45 },
			"faces": {
				"down": { "uv": [ 0, 0, 2, 2 ], "texture": "#2" },
				"up": { "uv": [ 0, 0, 2, 2 ], "texture": "#2" },
				"north": { "uv": [ 0, 0, 2, 1 ], "texture": "#2" },
				"south": { "uv": [ 0, 0, 2, 1 ], "texture": "#2" },
				"west": { "uv": [ 0, 0, 2, 1 ], "texture": "#2" },
				"east": { "uv": [ 0, 0, 2, 1 ], "texture": "#2" }
			}
		},
		{
			"from": [ 17.9, 0.035, -3.88 ],
			"to": [ 19.88, 3.995, 0.08000016 ],
			"rotation": { "origin": [ 17.9, 0.035, -7.84 ], "axis": "z", "angle": 45 },
			"faces": {
				"up": { "uv": [ 0, 0, 1, 2 ], "texture": "#2", "cullface": "east" },
				"north": { "uv": [ 0, 0, 1, 2 ], "texture": "#2", "cullface": "east" },
				"south": { "uv": [ 0, 0, 1, 2 ], "texture": "#2", "cullface": "east" },
				"west": { "uv": [ 0, 0, 2, 2 ], "texture": "#2", "cullface": "east" },
				"east": { "uv": [ 0, 0, 2, 2 ], "texture": "#2", "cullface": "east" }
			}
		},
		{
			"from": [ 17.504, 0.035, -4.078 ],
			"to": [ 19.484, 2.015, 0.2779999 ],
			"faces": {
				"down": { "uv": [ 0, 0, 1, 2.2 ], "texture": "#2", "cullface": "east" },
				"up": { "uv": [ 0, 0, 1, 2.2 ], "texture": "#2", "cullface": "east" },
				"north": { "uv": [ 0, 0, 1, 1 ], "texture": "#2", "cullface": "east" },
				"south": { "uv": [ 0, 0, 1, 1 ], "texture": "#2", "cullface": "east" },
				"west": { "uv": [ 0, 0, 2.2, 1 ], "texture": "#2", "cullface": "east" },
				"east": { "uv": [ 0, 0, 2.2, 1 ], "texture": "#2", "cullface": "east" }
			}
		},
		{
			"from": [ 16.712, 3.203, -4.078 ],
			"to": [ 18.692, 7.163, 0.2779999 ],
			"rotation": { "origin": [ 17.9, 0.035, -7.84 ], "axis": "z", "angle": 22.5 },
			"faces": {
				"down": { "uv": [ 0, 0, 1, 2.2 ], "texture": "#2", "cullface": "east" },
				"up": { "uv": [ 0, 0, 1, 2.2 ], "texture": "#2", "cullface": "east" },
				"north": { "uv": [ 0, 0, 1, 2 ], "texture": "#2", "cullface": "east" },
				"south": { "uv": [ 0, 0, 1, 2 ], "texture": "#2", "cullface": "east" },
				"west": { "uv": [ 0, 0, 2.2, 2 ], "texture": "#2", "cullface": "east" },
				"east": { "uv": [ 0, 0, 2.2, 2 ], "texture": "#2", "cullface": "east" }
			}
		},
		{
			"from": [ 20.078, 4.391, -3.88 ],
			"to": [ 24.038, 6.370999, 0.08000016 ],
			"rotation": { "origin": [ 17.9, 0.035, -7.84 ], "axis": "z", "angle": 45 },
			"faces": {
				"down": { "uv": [ 0, 0, 2, 2 ], "texture": "#2", "cullface": "east" },
				"up": { "uv": [ 0, 0, 2, 2 ], "texture": "#2", "cullface": "east" },
				"north": { "uv": [ 0, 0, 2, 1 ], "texture": "#2", "cullface": "east" },
				"south": { "uv": [ 0, 0, 2, 1 ], "texture": "#2", "cullface": "east" },
				"west": { "uv": [ 0, 0, 2, 1 ], "texture": "#2", "cullface": "east" },
				"east": { "uv": [ 0, 0, 2, 1 ], "texture": "#2", "cullface": "east" }
			}
		},
		{
			"from": [ -0.91, 1.619, -3.484 ],
			"to": [ 16.514, 3.599, -0.316 ],
			"faces": {
				"down": { "uv": [ 0, 0, 8.8, 1.6 ], "texture": "#2" },
				"up": { "uv": [ 0, 0, 8.8, 1.6 ], "texture": "#2" },
				"north": { "uv": [ 0, 0, 8.8, 1 ], "texture": "#2" },
				"south": { "uv": [ 0, 0, 8.8, 1 ], "texture": "#2" },
				"west": { "uv": [ 0, 0, 1.6, 1 ], "texture": "#2" },
				"east": { "uv": [ 0, 0, 1.6, 1 ], "texture": "#2" }
			}
		},
		{
			"from": [ -3.88, 0.035, 15.92 ],
			"to": [ -1.9, 3.995, 19.88 ],
			"rotation": { "origin": [ -1.9, 0.035, -7.84 ], "axis": "z", "angle": -45 },
			"faces": {
				"up": { "uv": [ 0, 0, 1, 2 ], "texture": "#2", "cullface": "west" },
				"north": { "uv": [ 0, 0, 1, 2 ], "texture": "#2", "cullface": "west" },
				"south": { "uv": [ 0, 0, 1, 2 ], "texture": "#2", "cullface": "west" },
				"west": { "uv": [ 0, 0, 2, 2 ], "texture": "#2", "cullface": "west" },
				"east": { "uv": [ 0, 0, 2, 2 ], "texture": "#2", "cullface": "west" }
			}
		},
		{
			"from": [ -3.484, 0.035, 15.722 ],
			"to": [ -1.504, 2.015, 20.078 ],
			"faces": {
				"down": { "uv": [ 0, 0, 1, 2.2 ], "texture": "#2", "cullface": "west" },
				"up": { "uv": [ 0, 0, 1, 2.2 ], "texture": "#2", "cullface": "west" },
				"north": { "uv": [ 0, 0, 1, 1 ], "texture": "#2", "cullface": "west" },
				"south": { "uv": [ 0, 0, 1, 1 ], "texture": "#2", "cullface": "west" },
				"west": { "uv": [ 0, 0, 2.2, 1 ], "texture": "#2", "cullface": "west" },
				"east": { "uv": [ 0, 0, 2.2, 1 ], "texture": "#2", "cullface": "west" }
			}
		},
		{
			"from": [ -2.692, 3.203, 15.722 ],
			"to": [ -0.712, 7.163, 20.078 ],
			"rotation": { "origin": [ -1.9, 0.035, -7.84 ], "axis": "z", "angle": -22.5 },
			"faces": {
				"down": { "uv": [ 0, 0, 1, 2.2 ], "texture": "#2", "cullface": "west" },
				"up": { "uv": [ 0, 0, 1, 2.2 ], "texture": "#2", "cullface": "west" },
				"north": { "uv": [ 0, 0, 1, 2 ], "texture": "#2", "cullface": "west" },
				"south": { "uv": [ 0, 0, 1, 2 ], "texture": "#2", "cullface": "west" },
				"west": { "uv": [ 0, 0, 2.2, 2 ], "texture": "#2", "cullface": "west" },
				"east": { "uv": [ 0, 0, 2.2, 2 ], "texture": "#2", "cullface": "west" }
			}
		},
		{
			"from": [ -7.642, 4.391, 15.92 ],
			"to": [ -3.682, 6.370999, 19.88 ],
			"rotation": { "origin": [ -1.9, 0.035, -7.84 ], "axis": "z", "angle": -45 },
			"faces": {
				"down": { "uv": [ 0, 0, 2, 2 ], "texture": "#2" },
				"up": { "uv": [ 0, 0, 2, 2 ], "texture": "#2" },
				"north": { "uv": [ 0, 0, 2, 1 ], "texture": "#2" },
				"south": { "uv": [ 0, 0, 2, 1 ], "texture": "#2" },
				"west": { "uv": [ 0, 0, 2, 1 ], "texture": "#2" },
				"east": { "uv": [ 0, 0, 2, 1 ], "texture": "#2" }
			}
		},
		{
			"from": [ 17.9, 0.035, 15.92 ],
			"to": [ 19.88, 3.995, 19.88 ],
			"rotation": { "origin": [ 17.9, 0.035, -7.84 ], "axis": "z", "angle": 45 },
			"faces": {
				"up": { "uv": [ 0, 0, 1, 2 ], "texture": "#2", "cullface": "east" },
				"north": { "uv": [ 0, 0, 1, 2 ], "texture": "#2", "cullface": "east" },
				"south": { "uv": [ 0, 0, 1, 2 ], "texture": "#2", "cullface": "east" },
				"west": { "uv": [ 0, 0, 2, 2 ], "texture": "#2", "cullface": "east" },
				"east": { "uv": [ 0, 0, 2, 2 ], "texture": "#2", "cullface": "east" }
			}
		},
		{
			"from": [ 17.504, 0.035, 15.722 ],
			"to": [ 19.484, 2.015, 20.078 ],
			"faces": {
				"down": { "uv": [ 0, 0, 1, 2.2 ], "texture": "#2", "cullface": "east" },
				"up": { "uv": [ 0, 0, 1, 2.2 ], "texture": "#2", "cullface": "east" },
				"north": { "uv": [ 0, 0, 1, 1 ], "texture": "#2", "cullface": "east" },
				"south": { "uv": [ 0, 0, 1, 1 ], "texture": "#2", "cullface": "east" },
				"west": { "uv": [ 0, 0, 2.2, 1 ], "texture": "#2", "cullface": "east" },
				"east": { "uv": [ 0, 0, 2.2, 1 ], "texture": "#2", "cullface": "east" }
			}
		},
		{
			"from": [ 16.712, 3.203, 15.722 ],
			"to": [ 18.692, 7.163, 20.078 ],
			"rotation": { "origin": [ 17.9, 0.035, -7.84 ], "axis": "z", "angle": 22.5 },
			"faces": {
				"down": { "uv": [ 0, 0, 1, 2.2 ], "texture": "#2", "cullface": "east" },
				"up": { "uv": [ 0, 0, 1, 2.2 ], "texture": "#2", "cullface": "east" },
				"north": { "uv": [ 0, 0, 1, 2 ], "texture": "#2", "cullface": "east" },
				"south": { "uv": [ 0, 0, 1, 2 ], "texture": "#2", "cullface": "east" },
				"west": { "uv": [ 0, 0, 2.2, 2 ], "texture": "#2", "cullface": "east" },
				"east": { "uv": [ 0, 0, 2.2, 2 ], "texture": "#2", "cullface": "east" }
			}
		},
		{
			"from": [ 20.078, 4.391, 15.92 ],
			"to": [ 24.038, 6.370999, 19.88 ],
			"rotation": { "origin": [ 17.9, 0.035, -7.84 ], "axis": "z", "angle": 45 },
			"faces": {
				"down": { "uv": [ 0, 0, 2, 2 ], "texture": "#2", "cullface": "east" },
				"up": { "uv": [ 0, 0, 2, 2 ], "texture": "#2", "cullface": "east" },
				"north": { "uv": [ 0, 0, 2, 1 ], "texture": "#2", "cullface": "east" },
				"south": { "uv": [ 0, 0, 2, 1 ], "texture": "#2", "cullface": "east" },
				"west": { "uv": [ 0, 0, 2, 1 ], "texture": "#2", "cullface": "east" },
				"east": { "uv": [ 0, 0, 2, 1 ], "texture": "#2", "cullface": "east" }
			}
		},
		{
			"from": [ -0.91, 1.619, 16.316 ],
			"to": [ 16.514, 3.599, 19.484 ],
			"faces": {
				"down": { "uv": [ 0, 0, 8.8, 1.6 ], "texture": "#2" },
				"up": { "uv": [ 0, 0, 8.8, 1.6 ], "texture": "#2" },
				"north": { "uv": [ 0, 0, 8.8, 1 ], "texture": "#2" },
				"south": { "uv": [ 0, 0, 8.8, 1 ], "texture": "#2" },
				"west": { "uv": [ 0, 0, 1.6, 1 ], "texture": "#2" },
				"east": { "uv": [ 0, 0, 1.6, 1 ], "texture": "#2" }
			}
		},
		{
			"from": [ 17.9, 1.421, 0.08 ],
			"to": [ 19.88, 3.401, 15.92 ],
			"rotation": { "origin": [ 17.9, 0.035, -7.84 ], "axis": "z", "angle": 45 },
			"faces": {
				"down": { "uv": [ 0, 0, 1, 8 ], "texture": "#2", "cullface": "east" },
				"up": { "uv": [ 0, 0, 1, 8 ], "texture": "#2", "cullface": "east" },
				"north": { "uv": [ 0, 0, 1, 1 ], "texture": "#2", "cullface": "east" },
				"south": { "uv": [ 0, 0, 1, 1 ], "texture": "#2", "cullface": "east" },
				"west": { "uv": [ 0, 0, 8, 1 ], "texture": "#2", "cullface": "east" },
				"east": { "uv": [ 0, 0, 8, 1 ], "texture": "#2", "cullface": "east" }
			}
		},
		{
			"from": [ -3.88, 1.421, 0.08 ],
			"to": [ -1.9, 3.401, 15.92 ],
			"rotation": { "origin": [ -1.9, 0.035, -7.84 ], "axis": "z", "angle": -45 },
			"faces": {
				"down": { "uv": [ 0, 0, 1, 8 ], "texture": "#2", "cullface": "west" },
				"up": { "uv": [ 0, 0, 1, 8 ], "texture": "#2", "cullface": "west" },
				"north": { "uv": [ 0, 0, 1, 1 ], "texture": "#2", "cullface": "west" },
				"south": { "uv": [ 0, 0, 1, 1 ], "texture": "#2", "cullface": "west" },
				"west": { "uv": [ 0, 0, 8, 1 ], "texture": "#2", "cullface": "west" },
				"east": { "uv": [ 0, 0, 8, 1 ], "texture": "#2", "cullface": "west" }
			}
		},
		{
			"from": [ 18.098, 1.817, 0.08 ],
			"to": [ 19.682, 3.797, 3.05 ],
			"rotation": { "origin": [ 17.9, 0.035, -7.84 ], "axis": "z", "angle": 45 },
			"faces": {
				"down": { "uv": [ 0, 0, 0.8, 1.5 ], "texture": "#2", "cullface": "east" },
				"up": { "uv": [ 0, 0, 0.8, 1.5 ], "texture": "#2", "cullface": "east" },
				"north": { "uv": [ 0, 0, 0.8, 1 ], "texture": "#2", "cullface": "east" },
				"south": { "uv": [ 0, 0, 0.8, 1 ], "texture": "#2", "cullface": "east" },
				"west": { "uv": [ 0, 0, 1.5, 1 ], "texture": "#2", "cullface": "east" },
				"east": { "uv": [ 0, 0, 1.5, 1 ], "texture": "#2", "cullface": "east" }
			}
		},
		{
			"from": [ 18.098, 1.025, 0.08 ],
			"to": [ 19.682, 3.005, 3.05 ],
			"rotation": { "origin": [ 17.9, 0.035, -7.84 ], "axis": "z", "angle": 45 },
			"faces": {
				"down": { "uv": [ 0, 0, 0.8, 1.5 ], "texture": "#2", "cullface": "east" },
				"up": { "uv": [ 0, 0, 0.8, 1.5 ], "texture": "#2", "cullface": "east" },
				"north": { "uv": [ 0, 0, 0.8, 1 ], "texture": "#2", "cullface": "east" },
				"south": { "uv": [ 0, 0, 0.8, 1 ], "texture": "#2", "cullface": "east" },
				"west": { "uv": [ 0, 0, 1.5, 1 ], "texture": "#2", "cullface": "east" },
				"east": { "uv": [ 0, 0, 1.5, 1 ], "texture": "#2", "cullface": "east" }
			}
		},
		{
			"from": [ 18.098, 1.817, 12.752 ],
			"to": [ 19.682, 3.797, 15.722 ],
			"rotation": { "origin": [ 17.9, 0.035, -7.84 ], "axis": "z", "angle": 45 },
			"faces": {
				"down": { "uv": [ 0, 0, 0.8, 1.5 ], "texture": "#2", "cullface": "east" },
				"up": { "uv": [ 0, 0, 0.8, 1.5 ], "texture": "#2", "cullface": "east" },
				"north": { "uv": [ 0, 0, 0.8, 1 ], "texture": "#2", "cullface": "east" },
				"south": { "uv": [ 0, 0, 0.8, 1 ], "texture": "#2", "cullface": "east" },
				"west": { "uv": [ 0, 0, 1.5, 1 ], "texture": "#2", "cullface": "east" },
				"east": { "uv": [ 0, 0, 1.5, 1 ], "texture": "#2", "cullface": "east" }
			}
		},
		{
			"from": [ 18.098, 1.025, 12.752 ],
			"to": [ 19.682, 3.005, 15.722 ],
			"rotation": { "origin": [ 17.9, 0.035, -7.84 ], "axis": "z", "angle": 45 },
			"faces": {
				"down": { "uv": [ 0, 0, 0.8, 1.5 ], "texture": "#2", "cullface": "east" },
				"up": { "uv": [ 0, 0, 0.8, 1.5 ], "texture": "#2", "cullface": "east" },
				"north": { "uv": [ 0, 0, 0.8, 1 ], "texture": "#2", "cullface": "east" },
				"south": { "uv": [ 0, 0, 0.8, 1 ], "texture": "#2", "cullface": "east" },
				"west": { "uv": [ 0, 0, 1.5, 1 ], "texture": "#2", "cullface": "east" },
				"east": { "uv": [ 0, 0, 1.5, 1 ], "texture": "#2", "cullface": "east" }
			}
		},
		{
			"from": [ -3.682, 1.817, 0.08 ],
			"to": [ -2.098, 3.797, 3.05 ],
			"rotation": { "origin": [ -1.9, 0.035, -7.84 ], "axis": "z", "angle": -45 },
			"faces": {
				"down": { "uv": [ 0, 0, 0.8, 1.5 ], "texture": "#2", "cullface": "west" },
				"up": { "uv": [ 0, 0, 0.8, 1.5 ], "texture": "#2", "cullface": "west" },
				"north": { "uv": [ 0, 0, 0.8, 1 ], "texture": "#2", "cullface": "west" },
				"south": { "uv": [ 0, 0, 0.8, 1 ], "texture": "#2", "cullface": "west" },
				"west": { "uv": [ 0, 0, 1.5, 1 ], "texture": "#2", "cullface": "west" },
				"east": { "uv": [ 0, 0, 1.5, 1 ], "texture": "#2", "cullface": "west" }
			}
		},
		{
			"from": [ -3.682, 1.025, 0.08 ],
			"to": [ -2.098, 3.005, 3.05 ],
			"rotation": { "origin": [ -1.9, 0.035, -7.84 ], "axis": "z", "angle": -45 },
			"faces": {
				"down": { "uv": [ 0, 0, 0.8, 1.5 ], "texture": "#2", "cullface": "west" },
				"up": { "uv": [ 0, 0, 0.8, 1.5 ], "texture": "#2", "cullface": "west" },
				"north": { "uv": [ 0, 0, 0.8, 1 ], "texture": "#2", "cullface": "west" },
				"south": { "uv": [ 0, 0, 0.8, 1 ], "texture": "#2", "cullface": "west" },
				"west": { "uv": [ 0, 0, 1.5, 1 ], "texture": "#2", "cullface": "west" },
				"east": { "uv": [ 0, 0, 1.5, 1 ], "texture": "#2", "cullface": "west" }
			}
		},
		{
			"from": [ -3.682, 1.817, 12.752 ],
			"to": [ -2.098, 3.797, 15.722 ],
			"rotation": { "origin": [ -1.9, 0.035, -7.84 ], "axis": "z", "angle": -45 },
			"faces": {
				"down": { "uv": [ 0, 0, 0.8, 1.5 ], "texture": "#2", "cullface": "west" },
				"up": { "uv": [ 0, 0, 0.8, 1.5 ], "texture": "#2", "cullface": "west" },
				"north": { "uv": [ 0, 0, 0.8, 1 ], "texture": "#2", "cullface": "west" },
				"south": { "uv": [ 0, 0, 0.8, 1 ], "texture": "#2", "cullface": "west" },
				"west": { "uv": [ 0, 0, 1.5, 1 ], "texture": "#2", "cullface": "west" },
				"east": { "uv": [ 0, 0, 1.5, 1 ], "texture": "#2", "cullface": "west" }
			}
		},
		{
			"from": [ -3.682, 1.025, 12.752 ],
			"to": [ -2.098, 3.005, 15.722 ],
			"rotation": { "origin": [ -1.9, 0.035, -7.84 ], "axis": "z", "angle": -45 },
			"faces": {
				"down": { "uv": [ 0, 0, 0.8, 1.5 ], "texture": "#2", "cullface": "west" },
				"up": { "uv": [ 0, 0, 0.8, 1.5 ], "texture": "#2", "cullface": "west" },
				"north": { "uv": [ 0, 0, 0.8, 1 ], "texture": "#2", "cullface": "west" },
				"south": { "uv": [ 0, 0, 0.8, 1 ], "texture": "#2", "cullface": "west" },
				"west": { "uv": [ 0, 0, 1.5, 1 ], "texture": "#2", "cullface": "west" },
				"east": { "uv": [ 0, 0, 1.5, 1 ], "texture": "#2", "cullface": "west" }
			}
		},
		{
			"from": [ 2.06, 5.975, -5.86 ],
			"to": [ 13.94, 21.815, -3.88 ],
			"faces": {
				"down": { "uv": [ 0, 0, 6, 1 ], "texture": "#3", "cullface": "north" },
				"up": { "uv": [ 0, 0, 6, 1 ], "texture": "#3", "cullface": "north" },
				"north": { "uv": [ 2, 0, 8, 8 ], "texture": "#3", "cullface": "north" },
				"south": { "uv": [ 0, 0, 6, 8 ], "texture": "#3", "cullface": "north" },
				"west": { "uv": [ 0, 0, 1, 8 ], "texture": "#3", "cullface": "north" },
				"east": { "uv": [ 0, 0, 1, 8 ], "texture": "#3", "cullface": "north" }
			}
		},
		{
			"from": [ 0.08, 7.955, -5.86 ],
			"to": [ 2.06, 19.835, -3.88 ],
			"faces": {
				"down": { "uv": [ 0, 0, 1, 1 ], "texture": "#3", "cullface": "north" },
				"up": { "uv": [ 0, 0, 1, 1 ], "texture": "#3", "cullface": "north" },
				"north": { "uv": [ 8, 1, 9, 7 ], "texture": "#3", "cullface": "north" },
				"south": { "uv": [ 0, 0, 1, 6 ], "texture": "#3", "cullface": "north" },
				"west": { "uv": [ 0, 0, 1, 6 ], "texture": "#3", "cullface": "north" }
			}
		},
		{
			"from": [ -1.9, 9.934999, -5.86 ],
			"to": [ 0.08000004, 17.855, -3.88 ],
			"faces": {
				"down": { "uv": [ 0, 0, 1, 1 ], "texture": "#3" },
				"up": { "uv": [ 0, 0, 1, 1 ], "texture": "#3" },
				"north": { "uv": [ 9, 2, 10, 6 ], "texture": "#3" },
				"south": { "uv": [ 0, 0, 1, 4 ], "texture": "#3" }
			}
		},
		{
			"from": [ 13.94, 7.955, -5.86 ],
			"to": [ 15.92, 19.835, -3.88 ],
			"faces": {
				"down": { "uv": [ 0, 0, 1, 1 ], "texture": "#3", "cullface": "north" },
				"up": { "uv": [ 0, 0, 1, 1 ], "texture": "#3", "cullface": "north" },
				"north": { "uv": [ 1, 1, 2, 7 ], "texture": "#3", "cullface": "north" },
				"south": { "uv": [ 0, 0, 1, 6 ], "texture": "#3", "cullface": "north" },
				"east": { "uv": [ 0, 1, 1, 7 ], "texture": "#3", "cullface": "north" }
			}
		},
		{
			"from": [ 15.92, 9.934999, -5.86 ],
			"to": [ 17.9, 17.855, -3.88 ],
			"faces": {
				"down": { "uv": [ 0, 0, 1, 1 ], "texture": "#3" },
				"up": { "uv": [ 0, 0, 1, 1 ], "texture": "#3" },
				"north": { "uv": [ 0, 2, 1, 6 ], "texture": "#3" },
				"south": { "uv": [ 0, 0, 1, 4 ], "texture": "#3" }
			}
		},
		{
			"from": [ 2.06, 5.975, 19.88 ],
			"to": [ 13.94, 21.815, 21.86 ],
			"faces": {
				"down": { "uv": [ 0, 0, 6, 1 ], "texture": "#3", "cullface": "south" },
				"up": { "uv": [ 0, 0, 6, 1 ], "texture": "#3", "cullface": "south" },
				"north": { "uv": [ 2, 0, 8, 8 ], "texture": "#3", "cullface": "south" },
				"south": { "uv": [ 0, 0, 6, 8 ], "texture": "#3", "cullface": "south" },
				"west": { "uv": [ 0, 0, 1, 8 ], "texture": "#3", "cullface": "south" },
				"east": { "uv": [ 0, 0, 1, 8 ], "texture": "#3", "cullface": "south" }
			}
		},
		{
			"from": [ 0.08, 7.955, 19.88 ],
			"to": [ 2.06, 19.835, 21.86 ],
			"faces": {
				"down": { "uv": [ 0, 0, 1, 1 ], "texture": "#3", "cullface": "south" },
				"up": { "uv": [ 0, 0, 1, 1 ], "texture": "#3", "cullface": "south" },
				"north": { "uv": [ 8, 1, 9, 7 ], "texture": "#3", "cullface": "south" },
				"south": { "uv": [ 8, 1, 9, 7 ], "texture": "#3", "cullface": "south" },
				"west": { "uv": [ 0, 0, 1, 6 ], "texture": "#3", "cullface": "south" }
			}
		},
		{
			"from": [ -1.9, 9.934999, 19.88 ],
			"to": [ 0.08000004, 17.855, 21.86 ],
			"faces": {
				"down": { "uv": [ 0, 0, 1, 1 ], "texture": "#3" },
				"up": { "uv": [ 0, 0, 1, 1 ], "texture": "#3" },
				"north": { "uv": [ 9, 2, 10, 6 ], "texture": "#3" },
				"south": { "uv": [ 9, 2, 10, 6 ], "texture": "#3" }
			}
		},
		{
			"from": [ 13.94, 7.955, 19.88 ],
			"to": [ 15.92, 19.835, 21.86 ],
			"faces": {
				"down": { "uv": [ 0, 0, 1, 1 ], "texture": "#3", "cullface": "south" },
				"up": { "uv": [ 0, 0, 1, 1 ], "texture": "#3", "cullface": "south" },
				"north": { "uv": [ 1, 1, 2, 7 ], "texture": "#3", "cullface": "south" },
				"south": { "uv": [ 1, 1, 2, 7 ], "texture": "#3", "cullface": "south" },
				"east": { "uv": [ 0, 1, 1, 7 ], "texture": "#3", "cullface": "south" }
			}
		},
		{
			"from": [ 15.92, 9.934999, 19.88 ],
			"to": [ 17.9, 17.855, 21.86 ],
			"faces": {
				"down": { "uv": [ 0, 0, 1, 1 ], "texture": "#3" },
				"up": { "uv": [ 0, 0, 1, 1 ], "texture": "#3" },
				"north": { "uv": [ 0, 2, 1, 6 ], "texture": "#3" },
				"south": { "uv": [ 0, 2, 1, 6 ], "texture": "#3" }
			}
		},
		{
			"from": [ 7.01, 9.934999, -8.83 ],
			"to": [ 8.99, 11.915, -5.86 ],
			"faces": {
				"down": { "uv": [ 13, 13, 14, 14.5 ], "texture": "#4", "cullface": "north" },
				"up": { "uv": [ 14, 13, 15, 14.5 ], "texture": "#4", "cullface": "north" },
				"north": { "uv": [ 14, 14, 15, 15 ], "texture": "#4", "cullface": "north" },
				"west": { "uv": [ 12, 14, 13.5, 15 ], "texture": "#4", "cullface": "north" },
				"east": { "uv": [ 13, 14, 14.5, 15 ], "texture": "#4", "cullface": "north" }
			}
		},
		{
			"from": [ 7.208, 9.341, -5.068 ],
			"to": [ 8.792, 11.321, -4.078 ],
			"rotation": { "origin": [ 8, 0.035, -7.84 ], "axis": "x", "angle": -22.5 },
			"faces": {
				"down": { "uv": [ 13, 13, 13.8, 13.5 ], "texture": "#4", "cullface": "north" },
				"up": { "uv": [ 14, 13, 14.8, 13.5 ], "texture": "#4", "cullface": "north" },
				"north": { "uv": [ 14, 14, 14.8, 15 ], "texture": "#4", "cullface": "north" },
				"west": { "uv": [ 12, 14, 12.5, 15 ], "texture": "#4", "cullface": "north" },
				"east": { "uv": [ 13, 14, 13.5, 15 ], "texture": "#4", "cullface": "north" }
			}
		},
		{
			"from": [ 7.208, 7.361, -1.504 ],
			"to": [ 8.792, 9.341, -0.712 ],
			"rotation": { "origin": [ 8, 0.035, -7.84 ], "axis": "x", "angle": -45 },
			"faces": {
				"down": { "uv": [ 13, 13, 13.8, 13.4 ], "texture": "#4", "cullface": "north" },
				"up": { "uv": [ 14, 13, 14.8, 13.4 ], "texture": "#4", "cullface": "north" },
				"south": { "uv": [ 13, 14, 13.8, 15 ], "texture": "#4", "cullface": "north" },
				"west": { "uv": [ 12, 14, 12.4, 15 ], "texture": "#4", "cullface": "north" },
				"east": { "uv": [ 13, 14, 13.4, 15 ], "texture": "#4", "cullface": "north" }
			}
		},
		{
			"from": [ 7.01, 7.955, -10.018 ],
			"to": [ 8.99, 11.123, -8.434 ],
			"faces": {
				"down": { "uv": [ 13, 13, 14, 13.8 ], "texture": "#4", "cullface": "north" },
				"up": { "uv": [ 14, 13, 15, 13.8 ], "texture": "#4", "cullface": "north" },
				"north": { "uv": [ 14, 14, 15, 15.6 ], "texture": "#4", "cullface": "north" },
				"south": { "uv": [ 13, 14, 14, 15.6 ], "texture": "#4", "cullface": "north" },
				"west": { "uv": [ 12, 14, 12.8, 15.6 ], "texture": "#4", "cullface": "north" },
				"east": { "uv": [ 13, 14, 13.8, 15.6 ], "texture": "#4", "cullface": "north" }
			}
		},
		{
			"from": [ 6.02, 9.143, -6.058 ],
			"to": [ 9.98, 13.103, -5.86 ],
			"faces": {
				"down": { "uv": [ 13, 13, 15, 13.1 ], "texture": "#4", "cullface": "north" },
				"up": { "uv": [ 14, 13, 16, 13.1 ], "texture": "#4", "cullface": "north" },
				"north": { "uv": [ 14, 14, 16, 16 ], "texture": "#4", "cullface": "north" },
				"west": { "uv": [ 12, 14, 12.1, 16 ], "texture": "#4", "cullface": "north" },
				"east": { "uv": [ 13, 14, 13.1, 16 ], "texture": "#4", "cullface": "north" }
			}
		}
	]
}