{
	"__comment": "Model generated using MrCrayfish's Model Creator (http://mrcrayfish.com/modelcreator/)",
	"textures": {
		"0": "blocks/planks_spruce",
		"1": "blocks/cauldron_inner",
		"2": "blocks/planks_big_oak",
		"3": "blocks/planks_oak",
		"4": "blocks/gold_block",
		"particle": "blocks/planks_spruce"
	},
	"elements": [ 	 
		{
			"from": [ 6, 2, 0 ],
			"to": [ 10, 3, 16 ],
			"faces": {
				"down": { "uv": [ 0, 0, 4, 16 ], "texture": "#0", "rotation": 180 },
				"up": { "uv": [ 0, 0, 4, 16 ], "texture": "#0", "rotation": 180 },
				"north": { "uv": [ 0, 0, 4, 1 ], "texture": "#0", "cullface": "north" },
				"south": { "uv": [ 0, 0, 4, 1 ], "texture": "#0", "cullface": "south", "rotation": 180 },
				"west": { "uv": [ 0, 0, 16, 1 ], "texture": "#0" },
				"east": { "uv": [ 0, 0, 16, 1 ], "texture": "#0" }
			}
		},
		{
			"from": [ 10, 1.5, 0.09999999 ],
			"to": [ 12, 2.5, 15.9 ],
			"rotation": { "origin": [ 8, 1, 8 ], "axis": "z", "angle": 22.5 },
			"faces": {
				"down": { "uv": [ 0, 0, 2, 15.8 ], "texture": "#0", "rotation": 180 },
				"up": { "uv": [ 0, 0, 2, 15.8 ], "texture": "#0", "rotation": 180 },
				"north": { "uv": [ 0, 0, 2, 1 ], "texture": "#0", "cullface": "north" },
				"south": { "uv": [ 0, 0, 2, 1 ], "texture": "#0" },
				"west": { "uv": [ 0, 0, 15.8, 1 ], "texture": "#0" },
				"east": { "uv": [ 0, 0, 15.8, 1 ], "texture": "#0" }
			}
		},
		{
			"from": [ 4, 1.5, 0.09999999 ],
			"to": [ 6, 2.5, 15.9 ],
			"rotation": { "origin": [ 8, 1, 8 ], "axis": "z", "angle": -22.5 },
			"faces": {
				"down": { "uv": [ 0, 0, 2, 15.8 ], "texture": "#0", "rotation": 180 },
				"up": { "uv": [ 0, 0, 2, 15.8 ], "texture": "#0", "rotation": 180 },
				"north": { "uv": [ 0, 0, 2, 1 ], "texture": "#0", "cullface": "north" },
				"south": { "uv": [ 0, 0, 2, 1 ], "texture": "#0" },
				"west": { "uv": [ 0, 0, 15.8, 1 ], "texture": "#0" },
				"east": { "uv": [ 0, 0, 15.8, 1 ], "texture": "#0" }
			}
		},
		{
			"from": [ 12, 0, 0 ],
			"to": [ 13, 1, 16 ],
			"rotation": { "origin": [ 8, 1, 8 ], "axis": "z", "angle": 45 },
			"faces": {
				"down": { "uv": [ 0, 0, 1, 16 ], "texture": "#0", "rotation": 180 },
				"up": { "uv": [ 0, 0, 1, 16 ], "texture": "#0", "rotation": 180 },
				"north": { "uv": [ 0, 0, 1, 1 ], "texture": "#0", "cullface": "north" },
				"south": { "uv": [ 0, 0, 1, 1 ], "texture": "#0", "cullface": "south" },
				"west": { "uv": [ 0, 0, 16, 1 ], "texture": "#0" },
				"east": { "uv": [ 0, 0, 16, 1 ], "texture": "#0" }
			}
		},
		{
			"from": [ 3, 0, 0 ],
			"to": [ 4, 1, 16 ],
			"rotation": { "origin": [ 8, 1, 8 ], "axis": "z", "angle": -45 },
			"faces": {
				"down": { "uv": [ 0, 0, 1, 16 ], "texture": "#0", "rotation": 180 },
				"up": { "uv": [ 0, 0, 1, 16 ], "texture": "#0", "rotation": 180 },
				"north": { "uv": [ 0, 0, 1, 1 ], "texture": "#0", "cullface": "north" },
				"south": { "uv": [ 0, 0, 1, 1 ], "texture": "#0", "cullface": "south" },
				"west": { "uv": [ 0, 0, 16, 1 ], "texture": "#0" },
				"east": { "uv": [ 0, 0, 16, 1 ], "texture": "#0" }
			}
		},
		{
			"from": [ 10, 5, 0.09999999 ],
			"to": [ 11, 7, 15.9 ],
			"rotation": { "origin": [ 8, 1, 8 ], "axis": "z", "angle": -22.5 },
			"faces": {
				"down": { "uv": [ 0, 0, 1, 15.8 ], "texture": "#0" },
				"north": { "uv": [ 0, 0, 1, 2 ], "texture": "#0", "cullface": "north" },
				"south": { "uv": [ 0, 0, 1, 2 ], "texture": "#0" },
				"west": { "uv": [ 0, 0, 2, 15.8 ], "texture": "#0", "rotation": 90 },
				"east": { "uv": [ 0, 0, 2, 15.8 ], "texture": "#0", "rotation": 90 }
			}
		},
		{
			"from": [ 5, 5, 0.09999999 ],
			"to": [ 6, 7, 15.9 ],
			"rotation": { "origin": [ 8, 1, 8 ], "axis": "z", "angle": 22.5 },
			"faces": {
				"down": { "uv": [ 0, 0, 1, 15.8 ], "texture": "#0" },
				"north": { "uv": [ 0, 0, 1, 2 ], "texture": "#0", "cullface": "north" },
				"south": { "uv": [ 0, 0, 1, 2 ], "texture": "#0" },
				"west": { "uv": [ 0, 0, 2, 15.8 ], "texture": "#0", "rotation": 270 },
				"east": { "uv": [ 0, 0, 2, 15.8 ], "texture": "#0", "rotation": 270 }
			}
		},
		{
			"from": [ 12.2, 5, 0 ],
			"to": [ 13.2, 9, 16 ],
			"faces": {
				"down": { "uv": [ 0, 0, 1, 16 ], "texture": "#0" },
				"up": { "uv": [ 0, 0, 1, 16 ], "texture": "#0" },
				"north": { "uv": [ 0, 0, 4, 1 ], "texture": "#0", "cullface": "north", "rotation": 90 },
				"south": { "uv": [ 0, 0, 4, 1 ], "texture": "#0", "cullface": "south", "rotation": 90 },
				"west": { "uv": [ 0, 0, 4, 16 ], "texture": "#0", "rotation": 90 },
				"east": { "uv": [ 0, 0, 4, 16 ], "texture": "#0", "rotation": 90 }
			}
		},
		{
			"from": [ 2.8, 5, 0 ],
			"to": [ 3.8, 9, 16 ],
			"faces": {
				"down": { "uv": [ 0, 0, 1, 16 ], "texture": "#0" },
				"up": { "uv": [ 0, 0, 1, 16 ], "texture": "#0" },
				"north": { "uv": [ 0, 0, 4, 1 ], "texture": "#0", "cullface": "north", "rotation": 270 },
				"south": { "uv": [ 0, 0, 4, 1 ], "texture": "#0", "cullface": "south", "rotation": 270 },
				"west": { "uv": [ 0, 0, 4, 16 ], "texture": "#0", "rotation": 270 },
				"east": { "uv": [ 0, 0, 4, 16 ], "texture": "#0", "rotation": 270 }
			}
		},
		{
			"from": [ 14.6, 6, 0.09999999 ],
			"to": [ 15.6, 8, 15.9 ],
			"rotation": { "origin": [ 8, 1, 8 ], "axis": "z", "angle": 22.5 },
			"faces": {
				"up": { "uv": [ 0, 0, 1, 15.8 ], "texture": "#0" },
				"north": { "uv": [ 0, 0, 1, 2 ], "texture": "#0", "cullface": "north" },
				"south": { "uv": [ 0, 0, 1, 2 ], "texture": "#0" },
				"west": { "uv": [ 0, 0, 2, 15.8 ], "texture": "#0", "rotation": 90 },
				"east": { "uv": [ 0, 0, 2, 15.8 ], "texture": "#0", "rotation": 90 }
			}
		},
		{
			"from": [ 0.4, 6, 0.09999999 ],
			"to": [ 1.4, 8, 15.9 ],
			"rotation": { "origin": [ 8, 1, 8 ], "axis": "z", "angle": -22.5 },
			"faces": {
				"up": { "uv": [ 0, 0, 1, 15.8 ], "texture": "#0" },
				"north": { "uv": [ 0, 0, 1, 2 ], "texture": "#0", "cullface": "north" },
				"south": { "uv": [ 0, 0, 1, 2 ], "texture": "#0" },
				"west": { "uv": [ 0, 0, 2, 15.8 ], "texture": "#0", "rotation": 270 },
				"east": { "uv": [ 0, 0, 2, 15.84 ], "texture": "#0", "rotation": 270 }
			}
		},
		{
			"from": [ 11.5, 9.5, 0 ],
			"to": [ 12.5, 10.5, 16 ],
			"rotation": { "origin": [ 8, 1, 8 ], "axis": "z", "angle": 45 },
			"faces": {
				"down": { "uv": [ 0, 0, 1, 16 ], "texture": "#0" },
				"up": { "uv": [ 0, 0, 1, 16 ], "texture": "#0" },
				"north": { "uv": [ 0, 0, 1, 1 ], "texture": "#0", "cullface": "north" },
				"south": { "uv": [ 0, 0, 1, 1 ], "texture": "#0", "cullface": "south" },
				"west": { "uv": [ 0, 0, 16, 1 ], "texture": "#0" },
				"east": { "uv": [ 0, 0, 16, 1 ], "texture": "#0" }
			}
		},
		{
			"from": [ 3.5, 9.5, 0 ],
			"to": [ 4.5, 10.5, 16 ],
			"rotation": { "origin": [ 8, 1, 8 ], "axis": "z", "angle": -45 },
			"faces": {
				"down": { "uv": [ 0, 0, 1, 16 ], "texture": "#0" },
				"up": { "uv": [ 0, 0, 1, 16 ], "texture": "#0" },
				"north": { "uv": [ 0, 0, 1, 1 ], "texture": "#0", "cullface": "north" },
				"south": { "uv": [ 0, 0, 1, 1 ], "texture": "#0", "cullface": "south" },
				"west": { "uv": [ 0, 0, 16, 1 ], "texture": "#0" },
				"east": { "uv": [ 0, 0, 16, 1 ], "texture": "#0" }
			}
		},
		{
			"from": [ 8.5, 10.7, 0.09999999 ],
			"to": [ 10.5, 11.7, 15.9 ],
			"rotation": { "origin": [ 8, 1, 8 ], "axis": "z", "angle": 22.5 },
			"faces": {
				"down": { "uv": [ 0, 0, 2, 15.8 ], "texture": "#0" },
				"up": { "uv": [ 0, 0, 2, 15.8 ], "texture": "#0" },
				"north": { "uv": [ 0, 0, 2, 1 ], "texture": "#0", "cullface": "north" },
				"south": { "uv": [ 0, 0, 2, 1 ], "texture": "#0" },
				"west": { "uv": [ 0, 0, 15.8, 1 ], "texture": "#0" }
			}
		},
		{
			"from": [ 5.5, 10.7, 0.09999999 ],
			"to": [ 7.5, 11.7, 15.9 ],
			"rotation": { "origin": [ 8, 1, 8 ], "axis": "z", "angle": -22.5 },
			"faces": {
				"down": { "uv": [ 0, 0, 2, 15.8 ], "texture": "#0" },
				"up": { "uv": [ 0, 0, 2, 15.8 ], "texture": "#0" },
				"north": { "uv": [ 0, 0, 2, 1 ], "texture": "#0", "cullface": "north" },
				"south": { "uv": [ 0, 0, 2, 1 ], "texture": "#0" },
				"east": { "uv": [ 0, 0, 15.8, 1 ], "texture": "#0" }
			}
		},
		{
			"from": [ 6, 11, 0 ],
			"to": [ 10, 12, 16 ],
			"faces": {
				"down": { "uv": [ 0, 0, 4, 16 ], "texture": "#0" },
				"up": { "uv": [ 0, 0, 4, 16 ], "texture": "#0" },
				"north": { "uv": [ 0, 0, 4, 1 ], "texture": "#0", "cullface": "north", "rotation": 180 },
				"south": { "uv": [ 0, 0, 4, 1 ], "texture": "#0", "cullface": "south" },
				"west": { "uv": [ 0, 0, 16, 1 ], "texture": "#0", "rotation": 180 },
				"east": { "uv": [ 0, 0, 16, 1 ], "texture": "#0" }
			}
		},
		{
			"from": [ 6, 1.5, 5 ],
			"to": [ 10, 2.5, 11 ],
			"faces": {
				"down": { "uv": [ 0, 0, 4, 6 ], "texture": "#0" },
				"north": { "uv": [ 0, 0, 4, 1 ], "texture": "#0" },
				"south": { "uv": [ 0, 0, 4, 1 ], "texture": "#0" },
				"west": { "uv": [ 0, 0, 6, 1 ], "texture": "#0" },
				"east": { "uv": [ 0, 0, 6, 1 ], "texture": "#0" }
			}
		},
		{
			"from": [ 6, 11.5, 5 ],
			"to": [ 10, 12.5, 11 ],
			"faces": {
				"up": { "uv": [ 0, 0, 4, 6 ], "texture": "#0", "rotation": 180 },
				"north": { "uv": [ 0, 0, 4, 1 ], "texture": "#0" },
				"south": { "uv": [ 0, 0, 4, 1 ], "texture": "#0" },
				"west": { "uv": [ 0, 0, 6, 1 ], "texture": "#0" },
				"east": { "uv": [ 0, 0, 6, 1 ], "texture": "#0" }
			}
		},
		{
			"from": [ 8.099999, 11.9, 5.1 ],
			"to": [ 10.1, 12.9, 10.9 ],
			"rotation": { "origin": [ 8, 8, 8 ], "axis": "z", "angle": -22.5 },
			"faces": {
				"down": { "uv": [ 0, 0, 2, 5.8 ], "texture": "#0" },
				"up": { "uv": [ 0, 0, 2, 5.8 ], "texture": "#0", "rotation": 180 },
				"north": { "uv": [ 0, 0, 2, 1 ], "texture": "#0" },
				"south": { "uv": [ 0, 0, 2, 1 ], "texture": "#0" },
				"east": { "uv": [ 0, 0, 5.8, 1 ], "texture": "#0" }
			}
		},
		{
			"from": [ 5.9, 11.9, 5.1 ],
			"to": [ 7.9, 12.9, 10.9 ],
			"rotation": { "origin": [ 8, 8, 8 ], "axis": "z", "angle": 22.5 },
			"faces": {
				"down": { "uv": [ 0, 0, 2, 5.8 ], "texture": "#0" },
				"up": { "uv": [ 3, 0, 5, 5.8 ], "texture": "#0", "rotation": 180 },
				"north": { "uv": [ 0, 0, 2, 1 ], "texture": "#0" },
				"south": { "uv": [ 0, 0, 2, 1 ], "texture": "#0" },
				"west": { "uv": [ 0, 0, 5.8, 1 ], "texture": "#0" }
			}
		},
		{
			"from": [ 6.8, 1.3, 5.1 ],
			"to": [ 8.799999, 2.3, 10.9 ],
			"rotation": { "origin": [ 8, 8, 8 ], "axis": "z", "angle": -22.5 },
			"faces": {
				"down": { "uv": [ 0, 0, 2, 5.8 ], "texture": "#0" },
				"up": { "uv": [ 2, 0, 4, 5.8 ], "texture": "#0" },
				"north": { "uv": [ 0, 0, 2, 1 ], "texture": "#0" },
				"south": { "uv": [ 0, 0, 2, 1 ], "texture": "#0" },
				"west": { "uv": [ 0, 0, 5.8, 1 ], "texture": "#0" }
			}
		},
		{
			"from": [ 7.2, 1.3, 5.1 ],
			"to": [ 9.2, 2.3, 10.9 ],
			"rotation": { "origin": [ 8, 8, 8 ], "axis": "z", "angle": 22.5 },
			"faces": {
				"down": { "uv": [ 0, 0, 2, 5.8 ], "texture": "#0" },
				"up": { "uv": [ 3, 0, 5, 5.8 ], "texture": "#0" },
				"north": { "uv": [ 0, 0, 2, 1 ], "texture": "#0" },
				"south": { "uv": [ 0, 0, 2, 1 ], "texture": "#0" },
				"east": { "uv": [ 0, 0, 5.8, 1 ], "texture": "#0" }
			}
		},
		{
			"from": [ 13.3, 5.5, 5.1 ],
			"to": [ 14.3, 7.5, 10.9 ],
			"rotation": { "origin": [ 8, 8, 8 ], "axis": "z", "angle": -22.5 },
			"faces": {
				"down": { "uv": [ 0, 0, 1, 5.8 ], "texture": "#0" },
				"north": { "uv": [ 0, 0, 1, 2 ], "texture": "#0" },
				"south": { "uv": [ 7, 0, 8, 2 ], "texture": "#0" },
				"west": { "uv": [ 2, 0, 7.8, 2 ], "texture": "#0" },
				"east": { "uv": [ 1, 0, 3, 5.8 ], "texture": "#0", "rotation": 270 }
			}
		},
		{
			"from": [ 12.7, 5, 5 ],
			"to": [ 13.7, 9, 11 ],
			"faces": {
				"down": { "uv": [ 0, 0, 1, 6 ], "texture": "#0" },
				"up": { "uv": [ 0, 0, 1, 6 ], "texture": "#0" },
				"north": { "uv": [ 0, 0, 4, 1 ], "texture": "#0" },
				"south": { "uv": [ 0, 0, 4, 1 ], "texture": "#0" },
				"east": { "uv": [ 0, 0, 4, 6 ], "texture": "#0", "rotation": 270 }
			}
		},
		{
			"from": [ 1.7, 5.6, 5.1 ],
			"to": [ 2.7, 7.6, 10.9 ],
			"rotation": { "origin": [ 8, 8, 8 ], "axis": "z", "angle": 22.5 },
			"faces": {
				"down": { "uv": [ 0, 0, 1, 5.8 ], "texture": "#0" },
				"north": { "uv": [ 0, 0, 1, 2 ], "texture": "#0" },
				"south": { "uv": [ 0, 0, 1, 2 ], "texture": "#0" },
				"west": { "uv": [ 0, 0, 2, 5.8 ], "texture": "#0", "rotation": 90 },
				"east": { "uv": [ 0, 0, 5.8, 2 ], "texture": "#0" }
			}
		},
		{
			"from": [ 2.3, 5, 5 ],
			"to": [ 3.3, 9, 11 ],
			"faces": {
				"down": { "uv": [ 0, 0, 1, 6 ], "texture": "#0" },
				"up": { "uv": [ 0, 0, 1, 6 ], "texture": "#0" },
				"north": { "uv": [ 0, 0, 4, 1 ], "texture": "#0" },
				"south": { "uv": [ 0, 0, 4, 1 ], "texture": "#0" },
				"west": { "uv": [ 0, 0, 4, 6 ], "texture": "#0", "rotation": 90 }
			}
		},
		{
			"from": [ 12.6, 6.7, 5.1 ],
			"to": [ 13.6, 8.7, 10.9 ],
			"rotation": { "origin": [ 8, 8, 8 ], "axis": "z", "angle": 22.5 },
			"faces": {
				"up": { "uv": [ 0, 0, 1, 5.8 ], "texture": "#0" },
				"north": { "uv": [ 0, 0, 1, 2 ], "texture": "#0" },
				"south": { "uv": [ 0, 0, 1, 2 ], "texture": "#0" },
				"west": { "uv": [ 0, 0, 5.8, 2 ], "texture": "#0" },
				"east": { "uv": [ 0, 0, 2, 5.8 ], "texture": "#0", "rotation": 270 }
			}
		},
		{
			"from": [ 2.4, 6.7, 5.1 ],
			"to": [ 3.4, 8.7, 10.9 ],
			"rotation": { "origin": [ 8, 8, 8 ], "axis": "z", "angle": -22.5 },
			"faces": {
				"up": { "uv": [ 0, 0, 1, 5.8 ], "texture": "#0" },
				"north": { "uv": [ 0, 0, 1, 2 ], "texture": "#0" },
				"south": { "uv": [ 0, 0, 1, 2 ], "texture": "#0" },
				"west": { "uv": [ 0, 0, 2, 5.8 ], "texture": "#0", "rotation": 90 },
				"east": { "uv": [ 0, 0, 5.8, 2 ], "texture": "#0" }
			}
		},
		{
			"from": [ 8.099999, 12.4, 5 ],
			"to": [ 9.599999, 13.4, 11 ],
			"rotation": { "origin": [ 8, 8, 8 ], "axis": "z", "angle": -45 },
			"faces": {
				"down": { "uv": [ 0, 0, 1.5, 6 ], "texture": "#0" },
				"up": { "uv": [ 2, 0, 3.5, 6 ], "texture": "#0", "rotation": 180 },
				"north": { "uv": [ 0, 0, 1.5, 1 ], "texture": "#0" },
				"south": { "uv": [ 0, 0, 1.5, 1 ], "texture": "#0" },
				"west": { "uv": [ 0, 0, 6, 1 ], "texture": "#0" },
				"east": { "uv": [ 0, 0, 6, 1 ], "texture": "#0" }
			}
		},
		{
			"from": [ 6.5, 12.4, 5 ],
			"to": [ 8, 13.4, 11 ],
			"rotation": { "origin": [ 8, 8, 8 ], "axis": "z", "angle": 45 },
			"faces": {
				"down": { "uv": [ 0, 0, 1.5, 6 ], "texture": "#0" },
				"up": { "uv": [ 10, 0, 11.5, 6 ], "texture": "#0", "rotation": 180 },
				"north": { "uv": [ 0, 0, 1.5, 1 ], "texture": "#0" },
				"south": { "uv": [ 0, 0, 1.5, 1 ], "texture": "#0" },
				"west": { "uv": [ 0, 0, 6, 1 ], "texture": "#0" },
				"east": { "uv": [ 0, 0, 6, 1 ], "texture": "#0" }
			}
		},
		{
			"from": [ 7.9, 1.4, 5 ],
			"to": [ 9.4, 2.4, 11 ],
			"rotation": { "origin": [ 8, 8, 8 ], "axis": "z", "angle": -45 },
			"faces": {
				"down": { "uv": [ 0, 0, 1.5, 6 ], "texture": "#0" },
				"up": { "uv": [ 2, 0, 3.5, 6 ], "texture": "#0" },
				"north": { "uv": [ 0, 0, 1.5, 1 ], "texture": "#0" },
				"south": { "uv": [ 0, 0, 1.5, 1 ], "texture": "#0" },
				"west": { "uv": [ 0, 0, 6, 1 ], "texture": "#0" },
				"east": { "uv": [ 0, 0, 6, 1 ], "texture": "#0" }
			}
		},
		{
			"from": [ 6.5, 1.4, 5 ],
			"to": [ 8, 2.4, 11 ],
			"rotation": { "origin": [ 8, 8, 8 ], "axis": "z", "angle": 45 },
			"faces": {
				"down": { "uv": [ 0, 0, 1.5, 6 ], "texture": "#0" },
				"up": { "uv": [ 0, 0, 1.5, 6 ], "texture": "#0" },
				"north": { "uv": [ 0, 0, 1.5, 1 ], "texture": "#0" },
				"south": { "uv": [ 0, 0, 1.5, 1 ], "texture": "#0" },
				"west": { "uv": [ 0, 0, 6, 1 ], "texture": "#0" },
				"east": { "uv": [ 0, 0, 6, 1 ], "texture": "#0" }
			}
		},
		{
			"from": [ 6, 1.7, 4 ],
			"to": [ 10, 2.7, 12 ],
			"faces": {
				"down": { "uv": [ 0, 0, 8, 4 ], "texture": "#0", "rotation": 180 },
				"north": { "uv": [ 0, 0, 4, 1 ], "texture": "#0" },
				"south": { "uv": [ 0, 3, 4, 4 ], "texture": "#0" },
				"west": { "uv": [ 0, 0, 8, 1 ], "texture": "#0" },
				"east": { "uv": [ 0, 0, 8, 1 ], "texture": "#0" }
			}
		},
		{
			"from": [ 6, 11.3, 4 ],
			"to": [ 10, 12.3, 12 ],
			"faces": {
				"up": { "uv": [ 0, 0, 4, 8 ], "texture": "#0" },
				"north": { "uv": [ 0, 0, 4, 1 ], "texture": "#0" },
				"south": { "uv": [ 0, 3, 4, 4 ], "texture": "#0" },
				"west": { "uv": [ 0, 0, 8, 1 ], "texture": "#0" },
				"east": { "uv": [ 0, 0, 8, 1 ], "texture": "#0" }
			}
		},
		{
			"from": [ 8.099999, 11.7, 4.1 ],
			"to": [ 10.1, 12.7, 11.9 ],
			"rotation": { "origin": [ 8, 8, 8 ], "axis": "z", "angle": -22.5 },
			"faces": {
				"down": { "uv": [ 0, 0, 2, 7.8 ], "texture": "#0" },
				"up": { "uv": [ 0, 0, 2, 7.8 ], "texture": "#0" },
				"north": { "uv": [ 0, 0, 2, 1 ], "texture": "#0" },
				"south": { "uv": [ 0, 3, 2, 4 ], "texture": "#0" },
				"east": { "uv": [ 0, 0, 7.8, 1 ], "texture": "#0" }
			}
		},
		{
			"from": [ 5.9, 11.7, 4.1 ],
			"to": [ 7.9, 12.7, 11.9 ],
			"rotation": { "origin": [ 8, 8, 8 ], "axis": "z", "angle": 22.5 },
			"faces": {
				"down": { "uv": [ 0, 0, 2, 7.8 ], "texture": "#0" },
				"up": { "uv": [ 0, 0, 2, 7.8 ], "texture": "#0" },
				"north": { "uv": [ 0, 0, 2, 1 ], "texture": "#0" },
				"south": { "uv": [ 0, 3, 2, 4 ], "texture": "#0" },
				"west": { "uv": [ 0, 0, 7.8, 1 ], "texture": "#0" }
			}
		},
		{
			"from": [ 6.8, 1.5, 4.1 ],
			"to": [ 8.799999, 2.5, 11.9 ],
			"rotation": { "origin": [ 8, 8, 8 ], "axis": "z", "angle": -22.5 },
			"faces": {
				"down": { "uv": [ 0, 0, 2, 7.8 ], "texture": "#0", "rotation": 180 },
				"up": { "uv": [ 0, 0, 2, 7.8 ], "texture": "#0" },
				"north": { "uv": [ 0, 0, 2, 1 ], "texture": "#0" },
				"south": { "uv": [ 0, 3, 2, 4 ], "texture": "#0" },
				"west": { "uv": [ 0, 0, 7.8, 1 ], "texture": "#0" }
			}
		},
		{
			"from": [ 7.2, 1.5, 4.1 ],
			"to": [ 9.2, 2.5, 11.9 ],
			"rotation": { "origin": [ 8, 8, 8 ], "axis": "z", "angle": 22.5 },
			"faces": {
				"down": { "uv": [ 0, 0, 2, 7.8 ], "texture": "#0", "rotation": 180 },
				"up": { "uv": [ 0, 0, 2, 7.8 ], "texture": "#0" },
				"north": { "uv": [ 0, 0, 2, 1 ], "texture": "#0" },
				"south": { "uv": [ 0, 3, 2, 4 ], "texture": "#0" },
				"east": { "uv": [ 0, 0, 7.8, 1 ], "texture": "#0" }
			}
		},
		{
			"from": [ 13.2, 5.4, 4.1 ],
			"to": [ 14.2, 7.4, 11.9 ],
			"rotation": { "origin": [ 8, 8, 8 ], "axis": "z", "angle": -22.5 },
			"faces": {
				"down": { "uv": [ 0, 0, 1, 7.8 ], "texture": "#0" },
				"north": { "uv": [ 0, 0, 1, 2 ], "texture": "#0" },
				"south": { "uv": [ 0, 3, 2, 4 ], "texture": "#0" },
				"west": { "uv": [ 0, 0, 7.8, 2 ], "texture": "#0" },
				"east": { "uv": [ 0, 0, 2, 7.8 ], "texture": "#0", "rotation": 90 }
			}
		},
		{
			"from": [ 12.5, 5, 4 ],
			"to": [ 13.5, 9, 12 ],
			"faces": {
				"down": { "uv": [ 0, 0, 1, 8 ], "texture": "#0" },
				"up": { "uv": [ 0, 0, 1, 8 ], "texture": "#0" },
				"north": { "uv": [ 0, 0, 4, 1 ], "texture": "#0" },
				"south": { "uv": [ 0, 3, 4, 4 ], "texture": "#0" },
				"east": { "uv": [ 0, 0, 4, 8 ], "texture": "#0", "rotation": 90 }
			}
		},
		{
			"from": [ 1.9, 5.6, 4.1 ],
			"to": [ 2.9, 7.6, 11.9 ],
			"rotation": { "origin": [ 8, 8, 8 ], "axis": "z", "angle": 22.5 },
			"faces": {
				"down": { "uv": [ 0, 0, 1, 7.8 ], "texture": "#0" },
				"north": { "uv": [ 0, 0, 1, 2 ], "texture": "#0" },
				"south": { "uv": [ 0, 3, 2, 4 ], "texture": "#0" },
				"west": { "uv": [ 0, 0, 2, 7.8 ], "texture": "#0", "rotation": 270 },
				"east": { "uv": [ 0, 0, 7.8, 2 ], "texture": "#0", "rotation": 180 }
			}
		},
		{
			"from": [ 2.5, 5, 4 ],
			"to": [ 3.5, 9, 12 ],
			"faces": {
				"down": { "uv": [ 0, 0, 1, 8 ], "texture": "#0" },
				"up": { "uv": [ 0, 0, 1, 8 ], "texture": "#0" },
				"north": { "uv": [ 0, 0, 4, 1 ], "texture": "#0" },
				"south": { "uv": [ 0, 3, 4, 4 ], "texture": "#0" },
				"west": { "uv": [ 0, 0, 4, 8 ], "texture": "#0", "rotation": 270 }
			}
		},
		{
			"from": [ 12.4, 6.7, 4.1 ],
			"to": [ 13.4, 8.7, 11.9 ],
			"rotation": { "origin": [ 8, 8, 8 ], "axis": "z", "angle": 22.5 },
			"faces": {
				"up": { "uv": [ 0, 0, 1, 7.8 ], "texture": "#0" },
				"north": { "uv": [ 0, 0, 1, 2 ], "texture": "#0" },
				"south": { "uv": [ 0, 3, 2, 4 ], "texture": "#0" },
				"west": { "uv": [ 0, 0, 7.8, 2 ], "texture": "#0" },
				"east": { "uv": [ 0, 0, 2, 7.8 ], "texture": "#0", "rotation": 90 }
			}
		},
		{
			"from": [ 2.6, 6.7, 4.1 ],
			"to": [ 3.6, 8.7, 11.9 ],
			"rotation": { "origin": [ 8, 8, 8 ], "axis": "z", "angle": -22.5 },
			"faces": {
				"up": { "uv": [ 0, 0, 1, 7.8 ], "texture": "#0" },
				"north": { "uv": [ 0, 0, 1, 2 ], "texture": "#0" },
				"south": { "uv": [ 0, 3, 2, 4 ], "texture": "#0" },
				"west": { "uv": [ 0, 0, 2, 7.8 ], "texture": "#0", "rotation": 270 },
				"east": { "uv": [ 0, 0, 7.8, 2 ], "texture": "#0" }
			}
		},
		{
			"from": [ 8.099999, 12.2, 4 ],
			"to": [ 9.599999, 13.2, 12 ],
			"rotation": { "origin": [ 8, 8, 8 ], "axis": "z", "angle": -45 },
			"faces": {
				"down": { "uv": [ 0, 0, 1.5, 8 ], "texture": "#0" },
				"up": { "uv": [ 0, 0, 1.5, 8 ], "texture": "#0" },
				"north": { "uv": [ 0, 0, 1.5, 1 ], "texture": "#0" },
				"south": { "uv": [ 0, 3, 1.5, 4 ], "texture": "#0" },
				"west": { "uv": [ 0, 0, 8, 1 ], "texture": "#0" },
				"east": { "uv": [ 0, 0, 8, 1 ], "texture": "#0" }
			}
		},
		{
			"from": [ 6.5, 12.2, 4 ],
			"to": [ 8, 13.2, 12 ],
			"rotation": { "origin": [ 8, 8, 8 ], "axis": "z", "angle": 45 },
			"faces": {
				"down": { "uv": [ 4, 0, 5.5, 8 ], "texture": "#0" },
				"up": { "uv": [ 5, 0, 6.5, 8 ], "texture": "#0" },
				"north": { "uv": [ 0, 0, 1.5, 1 ], "texture": "#0" },
				"south": { "uv": [ 0, 3, 1.5, 4 ], "texture": "#0" },
				"west": { "uv": [ 0, 0, 8, 1 ], "texture": "#0" },
				"east": { "uv": [ 0, 0, 8, 1 ], "texture": "#0" }
			}
		},
		{
			"from": [ 7.9, 1.6, 4 ],
			"to": [ 9.4, 2.6, 12 ],
			"rotation": { "origin": [ 8, 8, 8 ], "axis": "z", "angle": -45 },
			"faces": {
				"down": { "uv": [ 4, 0, 5.5, 8 ], "texture": "#0", "rotation": 180 },
				"up": { "uv": [ 0, 0, 1.5, 8 ], "texture": "#0" },
				"north": { "uv": [ 0, 0, 1.5, 1 ], "texture": "#0" },
				"south": { "uv": [ 0, 3, 1.5, 4 ], "texture": "#0" },
				"west": { "uv": [ 0, 0, 8, 1 ], "texture": "#0" },
				"east": { "uv": [ 0, 0, 8, 1 ], "texture": "#0" }
			}
		},
		{
			"from": [ 6.5, 1.6, 4 ],
			"to": [ 8, 2.6, 12 ],
			"rotation": { "origin": [ 8, 8, 8 ], "axis": "z", "angle": 45 },
			"faces": {
				"down": { "uv": [ 7, 0, 8.5, 8 ], "texture": "#0", "rotation": 180 },
				"up": { "uv": [ 4, 0, 5.5, 8 ], "texture": "#0" },
				"north": { "uv": [ 0, 0, 1.5, 1 ], "texture": "#0" },
				"south": { "uv": [ 0, 3, 1.5, 4 ], "texture": "#0" },
				"west": { "uv": [ 0, 0, 8, 1 ], "texture": "#0" },
				"east": { "uv": [ 0, 0, 8, 1 ], "texture": "#0" }
			}
		},
		{
			"from": [ 5.8, 1.6, 0.5 ],
			"to": [ 10.2, 2.6, 2 ],
			"faces": {
				"down": { "uv": [ 0, 0, 4.4, 1.5 ], "texture": "#1" },
				"up": { "uv": [ 0, 0, 4.4, 1.5 ], "texture": "#1" },
				"north": { "uv": [ 0, 0, 4.4, 1 ], "texture": "#1" },
				"south": { "uv": [ 0, 0, 4.4, 1 ], "texture": "#1" },
				"west": { "uv": [ 0, 0, 1.5, 1 ], "texture": "#1" },
				"east": { "uv": [ 0, 0, 1.5, 1 ], "texture": "#1" }
			}
		},
		{
			"from": [ 5.8, 11.4, 0.5 ],
			"to": [ 10.2, 12.4, 2 ],
			"faces": {
				"up": { "uv": [ 0, 0, 4.4, 1.5 ], "texture": "#1" },
				"north": { "uv": [ 0, 0, 4.4, 1 ], "texture": "#1" },
				"south": { "uv": [ 0, 0, 4.4, 1 ], "texture": "#1" },
				"west": { "uv": [ 0, 0, 1.5, 1 ], "texture": "#1" },
				"east": { "uv": [ 0, 0, 1.5, 1 ], "texture": "#1" }
			}
		},
		{
			"from": [ 6.6, 11.8, 0.6 ],
			"to": [ 11, 12.8, 1.9 ],
			"rotation": { "origin": [ 8, 8, 8 ], "axis": "z", "angle": -45 },
			"faces": {
				"up": { "uv": [ 0, 0, 4.4, 1.3 ], "texture": "#1" },
				"north": { "uv": [ 0, 0, 4.4, 1 ], "texture": "#1" },
				"south": { "uv": [ 0, 0, 4.4, 1 ], "texture": "#1" },
				"west": { "uv": [ 0, 0, 1.3, 1 ], "texture": "#1" }
			}
		},
		{
			"from": [ 12.6, 4.8, 0.5 ],
			"to": [ 13.6, 9.199999, 2 ],
			"faces": {
				"down": { "uv": [ 0, 0, 1, 1.5 ], "texture": "#1" },
				"up": { "uv": [ 0, 0, 1, 1.5 ], "texture": "#1" },
				"north": { "uv": [ 0, 0, 1, 4.4 ], "texture": "#1" },
				"south": { "uv": [ 0, 0, 1, 4.4 ], "texture": "#1" },
				"east": { "uv": [ 0, 0, 1.5, 4.4 ], "texture": "#1" }
			}
		},
		{
			"from": [ 2.4, 4.8, 0.5 ],
			"to": [ 3.4, 9.199999, 2 ],
			"faces": {
				"down": { "uv": [ 0, 0, 1, 1.5 ], "texture": "#1" },
				"up": { "uv": [ 0, 0, 1, 1.5 ], "texture": "#1" },
				"north": { "uv": [ 0, 0, 1, 4.4 ], "texture": "#1" },
				"south": { "uv": [ 0, 0, 1, 4.4 ], "texture": "#1" },
				"west": { "uv": [ 0, 0, 1.5, 4.4 ], "texture": "#1" }
			}
		},
		{
			"from": [ 5, 11.8, 0.6 ],
			"to": [ 9.4, 12.8, 1.9 ],
			"rotation": { "origin": [ 8, 8, 8 ], "axis": "z", "angle": 45 },
			"faces": {
				"down": { "uv": [ 0, 0, 4.4, 1.3 ], "texture": "#1" },
				"up": { "uv": [ 0, 0, 4.4, 1.3 ], "texture": "#1" },
				"north": { "uv": [ 0, 0, 4.4, 1 ], "texture": "#1" },
				"south": { "uv": [ 0, 0, 4.4, 1 ], "texture": "#1" },
				"east": { "uv": [ 0, 0, 1.3, 1 ], "texture": "#1" }
			}
		},
		{
			"from": [ 6.4, 1.8, 0.6 ],
			"to": [ 10.8, 2.8, 1.9 ],
			"rotation": { "origin": [ 8, 8, 8 ], "axis": "z", "angle": -45 },
			"faces": {
				"down": { "uv": [ 0, 0, 4.4, 1.3 ], "texture": "#1" },
				"up": { "uv": [ 0, 0, 4.4, 1.3 ], "texture": "#1" },
				"north": { "uv": [ 0, 0, 4.4, 1 ], "texture": "#1" },
				"south": { "uv": [ 0, 0, 4.4, 1 ], "texture": "#1" },
				"east": { "uv": [ 0, 0, 1.3, 1 ], "texture": "#1" }
			}
		},
		{
			"from": [ 5.1, 1.8, 0.6 ],
			"to": [ 9.5, 2.8, 1.9 ],
			"rotation": { "origin": [ 8, 8, 8 ], "axis": "z", "angle": 45 },
			"faces": {
				"down": { "uv": [ 0, 0, 4.4, 1.3 ], "texture": "#1" },
				"up": { "uv": [ 0, 0, 4.4, 1.3 ], "texture": "#1" },
				"north": { "uv": [ 0, 0, 4.4, 1 ], "texture": "#1" },
				"south": { "uv": [ 0, 0, 4.4, 1 ], "texture": "#1" },
				"west": { "uv": [ 0, 0, 1.3, 1 ], "texture": "#1" },
				"east": { "uv": [ 0, 0, 1.3, 1 ], "texture": "#1" }
			}
		},
		{
			"from": [ 5.8, 1.6, 14 ],
			"to": [ 10.2, 2.6, 15.5 ],
			"faces": {
				"down": { "uv": [ 0, 0, 4.4, 1.5 ], "texture": "#1" },
				"up": { "uv": [ 0, 0, 4.4, 1.5 ], "texture": "#1" },
				"north": { "uv": [ 0, 0, 4.4, 1 ], "texture": "#1" },
				"south": { "uv": [ 0, 0, 4.4, 1 ], "texture": "#1" },
				"west": { "uv": [ 0, 0, 1.5, 1 ], "texture": "#1" },
				"east": { "uv": [ 0, 0, 1.5, 1 ], "texture": "#1" }
			}
		},
		{
			"from": [ 5.8, 11.4, 14 ],
			"to": [ 10.2, 12.4, 15.5 ],
			"faces": {
				"down": { "uv": [ 0, 0, 4.4, 1.5 ], "texture": "#1" },
				"up": { "uv": [ 0, 0, 4.4, 1.5 ], "texture": "#1" },
				"north": { "uv": [ 0, 0, 4.4, 1 ], "texture": "#1" },
				"south": { "uv": [ 0, 0, 4.4, 1 ], "texture": "#1" },
				"west": { "uv": [ 0, 0, 1.5, 1 ], "texture": "#1" },
				"east": { "uv": [ 0, 0, 1.5, 1 ], "texture": "#1" }
			}
		},
		{
			"from": [ 6.6, 11.8, 14.1 ],
			"to": [ 11, 12.8, 15.4 ],
			"rotation": { "origin": [ 8, 8, 8 ], "axis": "z", "angle": -45 },
			"faces": {
				"down": { "uv": [ 0, 0, 4.4, 1.3 ], "texture": "#1" },
				"up": { "uv": [ 0, 0, 4.4, 1.3 ], "texture": "#1" },
				"north": { "uv": [ 0, 0, 4.4, 1 ], "texture": "#1" },
				"south": { "uv": [ 0, 0, 4.4, 1 ], "texture": "#1" },
				"west": { "uv": [ 0, 0, 1.3, 1 ], "texture": "#1" }
			}
		},
		{
			"from": [ 12.6, 4.8, 14 ],
			"to": [ 13.6, 9.199999, 15.5 ],
			"faces": {
				"down": { "uv": [ 0, 0, 1, 1.5 ], "texture": "#1" },
				"up": { "uv": [ 0, 0, 1, 1.5 ], "texture": "#1" },
				"north": { "uv": [ 0, 0, 1, 4.4 ], "texture": "#1" },
				"south": { "uv": [ 0, 0, 1, 4.4 ], "texture": "#1" },
				"west": { "uv": [ 0, 0, 1.5, 4.4 ], "texture": "#1" },
				"east": { "uv": [ 0, 0, 1.5, 4.4 ], "texture": "#1" }
			}
		},
		{
			"from": [ 2.4, 4.8, 14 ],
			"to": [ 3.4, 9.199999, 15.5 ],
			"faces": {
				"down": { "uv": [ 0, 0, 1, 1.5 ], "texture": "#1" },
				"up": { "uv": [ 0, 0, 1, 1.5 ], "texture": "#1" },
				"north": { "uv": [ 0, 0, 1, 4.4 ], "texture": "#1" },
				"south": { "uv": [ 0, 0, 1, 4.4 ], "texture": "#1" },
				"west": { "uv": [ 0, 0, 1.5, 4.4 ], "texture": "#1" },
				"east": { "uv": [ 0, 0, 1.5, 4.4 ], "texture": "#1" }
			}
		},
		{
			"from": [ 5, 11.8, 14.1 ],
			"to": [ 9.4, 12.8, 15.4 ],
			"rotation": { "origin": [ 8, 8, 8 ], "axis": "z", "angle": 45 },
			"faces": {
				"down": { "uv": [ 0, 0, 4.4, 1.3 ], "texture": "#1" },
				"up": { "uv": [ 0, 0, 4.4, 1.3 ], "texture": "#1" },
				"north": { "uv": [ 0, 0, 4.4, 1 ], "texture": "#1" },
				"south": { "uv": [ 0, 0, 4.4, 1 ], "texture": "#1" },
				"east": { "uv": [ 0, 0, 1.3, 1 ], "texture": "#1" }
			}
		},
		{
			"from": [ 6.4, 1.8, 14.1 ],
			"to": [ 10.8, 2.8, 15.4 ],
			"rotation": { "origin": [ 8, 8, 8 ], "axis": "z", "angle": -45 },
			"faces": {
				"down": { "uv": [ 0, 0, 4.4, 1.3 ], "texture": "#1" },
				"up": { "uv": [ 0, 0, 4.4, 1.3 ], "texture": "#1" },
				"north": { "uv": [ 0, 0, 4.4, 1 ], "texture": "#1" },
				"south": { "uv": [ 0, 0, 4.4, 1 ], "texture": "#1" },
				"east": { "uv": [ 0, 0, 1.3, 1 ], "texture": "#1" }
			}
		},
		{
			"from": [ 5.1, 1.8, 14.1 ],
			"to": [ 9.5, 2.8, 15.4 ],
			"rotation": { "origin": [ 8, 8, 8 ], "axis": "z", "angle": 45 },
			"faces": {
				"down": { "uv": [ 0, 0, 4.4, 1.3 ], "texture": "#1" },
				"up": { "uv": [ 0, 0, 4.4, 1.3 ], "texture": "#1" },
				"north": { "uv": [ 0, 0, 4.4, 1 ], "texture": "#1" },
				"south": { "uv": [ 0, 0, 4.4, 1 ], "texture": "#1" },
				"west": { "uv": [ 0, 0, 1.3, 1 ], "texture": "#1" },
				"east": { "uv": [ 0, 0, 1.3, 1 ], "texture": "#1" }
			}
		},
		{
			"from": [ 5.8, 12, 9.5 ],
			"to": [ 10.2, 13, 10.5 ],
			"faces": {
				"down": { "uv": [ 0, 0, 4.4, 1 ], "texture": "#1" },
				"up": { "uv": [ 0, 0, 4.4, 1 ], "texture": "#1" },
				"north": { "uv": [ 0, 0, 4.4, 1 ], "texture": "#1" },
				"south": { "uv": [ 0, 0, 4.4, 1 ], "texture": "#1" },
				"west": { "uv": [ 0, 0, 1, 1 ], "texture": "#1" },
				"east": { "uv": [ 0, 0, 1, 1 ], "texture": "#1" }
			}
		},
		{
			"from": [ 5.8, 1, 9.5 ],
			"to": [ 10.2, 2, 10.5 ],
			"faces": {
				"down": { "uv": [ 0, 0, 4.4, 1 ], "texture": "#1" },
				"up": { "uv": [ 0, 0, 4.4, 1 ], "texture": "#1" },
				"north": { "uv": [ 0, 0, 4.4, 1 ], "texture": "#1" },
				"south": { "uv": [ 0, 0, 4.4, 1 ], "texture": "#1" },
				"west": { "uv": [ 0, 0, 1, 1 ], "texture": "#1" },
				"east": { "uv": [ 0, 0, 1, 1 ], "texture": "#1" }
			}
		},
		{
			"from": [ 6.6, 12.5, 9.5 ],
			"to": [ 11, 13.5, 10.5 ],
			"rotation": { "origin": [ 8, 8, 8 ], "axis": "z", "angle": -45 },
			"faces": {
				"down": { "uv": [ 0, 0, 4.4, 1 ], "texture": "#1" },
				"up": { "uv": [ 0, 0, 4.4, 1 ], "texture": "#1" },
				"north": { "uv": [ 0, 0, 4.4, 1 ], "texture": "#1" },
				"south": { "uv": [ 0, 0, 4.4, 1 ], "texture": "#1" },
				"west": { "uv": [ 0, 0, 1, 1 ], "texture": "#1" },
				"east": { "uv": [ 0, 0, 1, 1 ], "texture": "#1" }
			}
		},
		{
			"from": [ 13.1, 4.8, 9.5 ],
			"to": [ 14.1, 9.199999, 10.5 ],
			"faces": {
				"down": { "uv": [ 0, 0, 1, 1 ], "texture": "#1" },
				"up": { "uv": [ 0, 0, 1, 1 ], "texture": "#1" },
				"north": { "uv": [ 0, 0, 1, 4.4 ], "texture": "#1" },
				"south": { "uv": [ 0, 0, 1, 4.4 ], "texture": "#1" },
				"west": { "uv": [ 0, 0, 1, 4.4 ], "texture": "#1" },
				"east": { "uv": [ 0, 0, 1, 4.4 ], "texture": "#1" }
			}
		},
		{
			"from": [ 1.8, 4.8, 9.5 ],
			"to": [ 2.8, 9.199999, 10.5 ],
			"faces": {
				"down": { "uv": [ 0, 0, 1, 1 ], "texture": "#1" },
				"up": { "uv": [ 0, 0, 1, 1 ], "texture": "#1" },
				"north": { "uv": [ 0, 0, 1, 4.4 ], "texture": "#1" },
				"south": { "uv": [ 0, 0, 1, 4.4 ], "texture": "#1" },
				"west": { "uv": [ 0, 0, 1, 4.4 ], "texture": "#1" },
				"east": { "uv": [ 0, 0, 1, 4.4 ], "texture": "#1" }
			}
		},
		{
			"from": [ 5, 12.5, 9.5 ],
			"to": [ 9.4, 13.5, 10.5 ],
			"rotation": { "origin": [ 8, 8, 8 ], "axis": "z", "angle": 45 },
			"faces": {
				"down": { "uv": [ 0, 0, 4.4, 1 ], "texture": "#1" },
				"up": { "uv": [ 0, 0, 4.4, 1 ], "texture": "#1" },
				"north": { "uv": [ 0, 0, 4.4, 1 ], "texture": "#1" },
				"south": { "uv": [ 0, 0, 4.4, 1 ], "texture": "#1" },
				"west": { "uv": [ 0, 0, 1, 1 ], "texture": "#1" },
				"east": { "uv": [ 0, 0, 1, 1 ], "texture": "#1" }
			}
		},
		{
			"from": [ 6.4, 1.2, 9.5 ],
			"to": [ 10.8, 2.2, 10.5 ],
			"rotation": { "origin": [ 8, 8, 8 ], "axis": "z", "angle": -45 },
			"faces": {
				"down": { "uv": [ 0, 0, 4.4, 1 ], "texture": "#1" },
				"up": { "uv": [ 0, 0, 4.4, 1 ], "texture": "#1" },
				"north": { "uv": [ 0, 0, 4.4, 1 ], "texture": "#1" },
				"south": { "uv": [ 0, 0, 4.4, 1 ], "texture": "#1" },
				"west": { "uv": [ 0, 0, 1, 1 ], "texture": "#1" },
				"east": { "uv": [ 0, 0, 1, 1 ], "texture": "#1" }
			}
		},
		{
			"from": [ 5.1, 1.2, 9.5 ],
			"to": [ 9.5, 2.2, 10.5 ],
			"rotation": { "origin": [ 8, 8, 8 ], "axis": "z", "angle": 45 },
			"faces": {
				"down": { "uv": [ 0, 0, 4.4, 1 ], "texture": "#1" },
				"up": { "uv": [ 0, 0, 4.4, 1 ], "texture": "#1" },
				"north": { "uv": [ 0, 0, 4.4, 1 ], "texture": "#1" },
				"south": { "uv": [ 0, 0, 4.4, 1 ], "texture": "#1" },
				"west": { "uv": [ 0, 0, 1, 1 ], "texture": "#1" },
				"east": { "uv": [ 0, 0, 1, 1 ], "texture": "#1" }
			}
		},
		{
			"from": [ 7.9, 12.5, 9.599999 ],
			"to": [ 8.9, 13.5, 10.4 ],
			"rotation": { "origin": [ 8, 8, 8 ], "axis": "z", "angle": -22.5 },
			"faces": {
				"down": { "uv": [ 0, 0, 1, 0.8000002 ], "texture": "#1" },
				"up": { "uv": [ 0, 0, 1, 0.8000002 ], "texture": "#1" },
				"north": { "uv": [ 0, 0, 1, 1 ], "texture": "#1" },
				"south": { "uv": [ 0, 0, 1, 1 ], "texture": "#1" },
				"west": { "uv": [ 0, 0, 0.8, 1 ], "texture": "#1" },
				"east": { "uv": [ 0, 0, 0.8, 1 ], "texture": "#1" }
			}
		},
		{
			"from": [ 13.1, 6.5, 9.599999 ],
			"to": [ 14.1, 7.5, 10.4 ],
			"rotation": { "origin": [ 8, 8, 8 ], "axis": "z", "angle": 22.5 },
			"faces": {
				"down": { "uv": [ 0, 0, 1, 0.8000002 ], "texture": "#1" },
				"up": { "uv": [ 0, 0, 1, 0.8000002 ], "texture": "#1" },
				"north": { "uv": [ 0, 0, 1, 1 ], "texture": "#1" },
				"south": { "uv": [ 0, 0, 1, 1 ], "texture": "#1" },
				"west": { "uv": [ 0, 0, 0.8, 1 ], "texture": "#1" },
				"east": { "uv": [ 0, 0, 0.8, 1 ], "texture": "#1" }
			}
		},
		{
			"from": [ 7.9, 0.8, 9.599999 ],
			"to": [ 8.9, 1.8, 10.4 ],
			"rotation": { "origin": [ 8, 8, 8 ], "axis": "z", "angle": -22.5 },
			"faces": {
				"down": { "uv": [ 0, 0, 1, 0.8000002 ], "texture": "#1" },
				"up": { "uv": [ 0, 0, 1, 0.8000002 ], "texture": "#1" },
				"north": { "uv": [ 0, 0, 1, 1 ], "texture": "#1" },
				"south": { "uv": [ 0, 0, 1, 1 ], "texture": "#1" },
				"west": { "uv": [ 0, 0, 0.8, 1 ], "texture": "#1" }
			}
		},
		{
			"from": [ 1.2, 6.6, 9.599999 ],
			"to": [ 2.2, 7.4, 10.4 ],
			"rotation": { "origin": [ 8, 8, 8 ], "axis": "z", "angle": 22.5 },
			"faces": {
				"down": { "uv": [ 0, 0, 1, 0.8000002 ], "texture": "#1" },
				"north": { "uv": [ 0, 0, 1, 0.8000002 ], "texture": "#1" },
				"south": { "uv": [ 0, 0, 1, 0.8000002 ], "texture": "#1" },
				"west": { "uv": [ 0, 0, 0.8, 0.8000002 ], "texture": "#1" },
				"east": { "uv": [ 0, 0, 0.8, 0.8000002 ], "texture": "#1" }
			}
		},
		{
			"from": [ 6.9, 12.5, 9.599999 ],
			"to": [ 7.9, 13.5, 10.4 ],
			"rotation": { "origin": [ 8, 8, 8 ], "axis": "z", "angle": 22.5 },
			"faces": {
				"down": { "uv": [ 0, 0, 1, 0.8000002 ], "texture": "#1" },
				"up": { "uv": [ 0, 0, 1, 0.8000002 ], "texture": "#1" },
				"north": { "uv": [ 0, 0, 1, 1 ], "texture": "#1" },
				"south": { "uv": [ 0, 0, 1, 1 ], "texture": "#1" },
				"west": { "uv": [ 0, 0, 0.8, 1 ], "texture": "#1" }
			}
		},
		{
			"from": [ 1.8, 6.5, 9.599999 ],
			"to": [ 2.8, 7.5, 10.4 ],
			"rotation": { "origin": [ 8, 8, 8 ], "axis": "z", "angle": -22.5 },
			"faces": {
				"down": { "uv": [ 0, 0, 1, 0.8000002 ], "texture": "#1" },
				"up": { "uv": [ 0, 0, 1, 0.8000002 ], "texture": "#1" },
				"north": { "uv": [ 0, 0, 1, 1 ], "texture": "#1" },
				"south": { "uv": [ 0, 0, 1, 1 ], "texture": "#1" },
				"west": { "uv": [ 0, 0, 0.8, 1 ], "texture": "#1" },
				"east": { "uv": [ 0, 0, 0.8, 1 ], "texture": "#1" }
			}
		},
		{
			"from": [ 7.2, 0.7, 9.599999 ],
			"to": [ 8.2, 1.7, 10.4 ],
			"rotation": { "origin": [ 8, 8, 8 ], "axis": "z", "angle": 22.5 },
			"faces": {
				"down": { "uv": [ 0, 0, 1, 0.8000002 ], "texture": "#1" },
				"up": { "uv": [ 0, 0, 1, 0.8000002 ], "texture": "#1" },
				"north": { "uv": [ 0, 0, 1, 1 ], "texture": "#1" },
				"south": { "uv": [ 0, 0, 1, 1 ], "texture": "#1" },
				"east": { "uv": [ 0, 0, 0.8, 1 ], "texture": "#1" }
			}
		},
		{
			"from": [ 13.8, 6.6, 9.599999 ],
			"to": [ 14.8, 7.4, 10.4 ],
			"rotation": { "origin": [ 8, 8, 8 ], "axis": "z", "angle": -22.5 },
			"faces": {
				"down": { "uv": [ 0, 0, 1, 0.8000002 ], "texture": "#1" },
				"north": { "uv": [ 0, 0, 1, 0.8000002 ], "texture": "#1" },
				"south": { "uv": [ 0, 0, 1, 0.8000002 ], "texture": "#1" },
				"west": { "uv": [ 0, 0, 0.8, 0.8000002 ], "texture": "#1" },
				"east": { "uv": [ 0, 0, 0.8, 0.8000002 ], "texture": "#1" }
			}
		},
		{
			"from": [ 5.8, 12, 5.5 ],
			"to": [ 10.2, 13, 6.5 ],
			"faces": {
				"down": { "uv": [ 0, 0, 4.4, 1 ], "texture": "#1" },
				"up": { "uv": [ 0, 0, 4.4, 1 ], "texture": "#1" },
				"north": { "uv": [ 0, 0, 4.4, 1 ], "texture": "#1" },
				"south": { "uv": [ 0, 0, 4.4, 1 ], "texture": "#1" },
				"west": { "uv": [ 0, 0, 1, 1 ], "texture": "#1" },
				"east": { "uv": [ 0, 0, 1, 1 ], "texture": "#1" }
			}
		},
		{
			"from": [ 5.8, 1, 5.5 ],
			"to": [ 10.2, 2, 6.5 ],
			"faces": {
				"down": { "uv": [ 0, 0, 4.4, 1 ], "texture": "#1" },
				"up": { "uv": [ 0, 0, 4.4, 1 ], "texture": "#1" },
				"north": { "uv": [ 0, 0, 4.4, 1 ], "texture": "#1" },
				"south": { "uv": [ 0, 0, 4.4, 1 ], "texture": "#1" },
				"west": { "uv": [ 0, 0, 1, 1 ], "texture": "#1" },
				"east": { "uv": [ 0, 0, 1, 1 ], "texture": "#1" }
			}
		},
		{
			"from": [ 6.6, 12.5, 5.5 ],
			"to": [ 11, 13.5, 6.5 ],
			"rotation": { "origin": [ 8, 8, 8 ], "axis": "z", "angle": -45 },
			"faces": {
				"down": { "uv": [ 0, 0, 4.4, 1 ], "texture": "#1" },
				"up": { "uv": [ 0, 0, 4.4, 1 ], "texture": "#1" },
				"north": { "uv": [ 0, 0, 4.4, 1 ], "texture": "#1" },
				"south": { "uv": [ 0, 0, 4.4, 1 ], "texture": "#1" },
				"west": { "uv": [ 0, 0, 1, 1 ], "texture": "#1" },
				"east": { "uv": [ 0, 0, 1, 1 ], "texture": "#1" }
			}
		},
		{
			"from": [ 13.1, 4.8, 5.5 ],
			"to": [ 14.1, 9.199999, 6.5 ],
			"faces": {
				"down": { "uv": [ 0, 0, 1, 1 ], "texture": "#1" },
				"up": { "uv": [ 0, 0, 1, 1 ], "texture": "#1" },
				"north": { "uv": [ 0, 0, 1, 4.4 ], "texture": "#1" },
				"south": { "uv": [ 0, 0, 1, 4.4 ], "texture": "#1" },
				"west": { "uv": [ 0, 0, 1, 4.4 ], "texture": "#1" },
				"east": { "uv": [ 0, 0, 1, 4.4 ], "texture": "#1" }
			}
		},
		{
			"from": [ 1.8, 4.8, 5.5 ],
			"to": [ 2.8, 9.199999, 6.5 ],
			"faces": {
				"down": { "uv": [ 0, 0, 1, 1 ], "texture": "#1" },
				"up": { "uv": [ 0, 0, 1, 1 ], "texture": "#1" },
				"north": { "uv": [ 0, 0, 1, 4.4 ], "texture": "#1" },
				"south": { "uv": [ 0, 0, 1, 4.4 ], "texture": "#1" },
				"west": { "uv": [ 0, 0, 1, 4.4 ], "texture": "#1" },
				"east": { "uv": [ 0, 0, 1, 4.4 ], "texture": "#1" }
			}
		},
		{
			"from": [ 5, 12.5, 5.5 ],
			"to": [ 9.4, 13.5, 6.5 ],
			"rotation": { "origin": [ 8, 8, 8 ], "axis": "z", "angle": 45 },
			"faces": {
				"down": { "uv": [ 0, 0, 4.4, 1 ], "texture": "#1" },
				"up": { "uv": [ 0, 0, 4.4, 1 ], "texture": "#1" },
				"north": { "uv": [ 0, 0, 4.4, 1 ], "texture": "#1" },
				"south": { "uv": [ 0, 0, 4.4, 1 ], "texture": "#1" },
				"west": { "uv": [ 0, 0, 1, 1 ], "texture": "#1" },
				"east": { "uv": [ 0, 0, 1, 1 ], "texture": "#1" }
			}
		},
		{
			"from": [ 6.4, 1.2, 5.5 ],
			"to": [ 10.8, 2.2, 6.5 ],
			"rotation": { "origin": [ 8, 8, 8 ], "axis": "z", "angle": -45 },
			"faces": {
				"down": { "uv": [ 0, 0, 4.4, 1 ], "texture": "#1" },
				"up": { "uv": [ 0, 0, 4.4, 1 ], "texture": "#1" },
				"north": { "uv": [ 0, 0, 4.4, 1 ], "texture": "#1" },
				"south": { "uv": [ 0, 0, 4.4, 1 ], "texture": "#1" },
				"west": { "uv": [ 0, 0, 1, 1 ], "texture": "#1" },
				"east": { "uv": [ 0, 0, 1, 1 ], "texture": "#1" }
			}
		},
		{
			"from": [ 5.1, 1.2, 5.5 ],
			"to": [ 9.5, 2.2, 6.5 ],
			"rotation": { "origin": [ 8, 8, 8 ], "axis": "z", "angle": 45 },
			"faces": {
				"down": { "uv": [ 0, 0, 4.4, 1 ], "texture": "#1" },
				"up": { "uv": [ 0, 0, 4.4, 1 ], "texture": "#1" },
				"north": { "uv": [ 0, 0, 4.4, 1 ], "texture": "#1" },
				"south": { "uv": [ 0, 0, 4.4, 1 ], "texture": "#1" },
				"west": { "uv": [ 0, 0, 1, 1 ], "texture": "#1" },
				"east": { "uv": [ 0, 0, 1, 1 ], "texture": "#1" }
			}
		},
		{
			"from": [ 7.9, 12.5, 5.6 ],
			"to": [ 8.9, 13.5, 6.4 ],
			"rotation": { "origin": [ 8, 8, 8 ], "axis": "z", "angle": -22.5 },
			"faces": {
				"down": { "uv": [ 0, 0, 1, 0.8000002 ], "texture": "#1" },
				"up": { "uv": [ 0, 0, 1, 0.8000002 ], "texture": "#1" },
				"north": { "uv": [ 0, 0, 1, 1 ], "texture": "#1" },
				"south": { "uv": [ 0, 0, 1, 1 ], "texture": "#1" },
				"west": { "uv": [ 0, 0, 0.8, 1 ], "texture": "#1" },
				"east": { "uv": [ 0, 0, 0.8, 1 ], "texture": "#1" }
			}
		},
		{
			"from": [ 13.1, 6.5, 5.6 ],
			"to": [ 14.1, 7.5, 6.4 ],
			"rotation": { "origin": [ 8, 8, 8 ], "axis": "z", "angle": 22.5 },
			"faces": {
				"down": { "uv": [ 0, 0, 1, 0.8000002 ], "texture": "#1" },
				"up": { "uv": [ 0, 0, 1, 0.8000002 ], "texture": "#1" },
				"north": { "uv": [ 0, 0, 1, 1 ], "texture": "#1" },
				"south": { "uv": [ 0, 0, 1, 1 ], "texture": "#1" },
				"west": { "uv": [ 0, 0, 0.8, 1 ], "texture": "#1" },
				"east": { "uv": [ 0, 0, 0.8, 1 ], "texture": "#1" }
			}
		},
		{
			"from": [ 7.9, 0.8, 5.6 ],
			"to": [ 8.9, 1.8, 6.4 ],
			"rotation": { "origin": [ 8, 8, 8 ], "axis": "z", "angle": -22.5 },
			"faces": {
				"down": { "uv": [ 0, 0, 1, 0.8000002 ], "texture": "#1" },
				"up": { "uv": [ 0, 0, 1, 0.8000002 ], "texture": "#1" },
				"north": { "uv": [ 0, 0, 1, 1 ], "texture": "#1" },
				"south": { "uv": [ 0, 0, 1, 1 ], "texture": "#1" },
				"west": { "uv": [ 0, 0, 0.8, 1 ], "texture": "#1" }
			}
		},
		{
			"from": [ 1.2, 6.6, 5.6 ],
			"to": [ 2.2, 7.4, 6.4 ],
			"rotation": { "origin": [ 8, 8, 8 ], "axis": "z", "angle": 22.5 },
			"faces": {
				"down": { "uv": [ 0, 0, 1, 0.8000002 ], "texture": "#1" },
				"north": { "uv": [ 0, 0, 1, 0.8000002 ], "texture": "#1" },
				"south": { "uv": [ 0, 0, 1, 0.8000002 ], "texture": "#1" },
				"west": { "uv": [ 0, 0, 0.8, 0.8000002 ], "texture": "#1" },
				"east": { "uv": [ 0, 0, 0.8, 0.8000002 ], "texture": "#1" }
			}
		},
		{
			"from": [ 6.9, 12.5, 5.6 ],
			"to": [ 7.9, 13.5, 6.4 ],
			"rotation": { "origin": [ 8, 8, 8 ], "axis": "z", "angle": 22.5 },
			"faces": {
				"down": { "uv": [ 0, 0, 1, 0.8000002 ], "texture": "#1" },
				"up": { "uv": [ 0, 0, 1, 0.8000002 ], "texture": "#1" },
				"north": { "uv": [ 0, 0, 1, 1 ], "texture": "#1" },
				"south": { "uv": [ 0, 0, 1, 1 ], "texture": "#1" },
				"west": { "uv": [ 0, 0, 0.8, 1 ], "texture": "#1" }
			}
		},
		{
			"from": [ 1.8, 6.5, 5.6 ],
			"to": [ 2.8, 7.5, 6.4 ],
			"rotation": { "origin": [ 8, 8, 8 ], "axis": "z", "angle": -22.5 },
			"faces": {
				"down": { "uv": [ 0, 0, 1, 0.8000002 ], "texture": "#1" },
				"up": { "uv": [ 0, 0, 1, 0.8000002 ], "texture": "#1" },
				"north": { "uv": [ 0, 0, 1, 1 ], "texture": "#1" },
				"south": { "uv": [ 0, 0, 1, 1 ], "texture": "#1" },
				"west": { "uv": [ 0, 0, 0.8, 1 ], "texture": "#1" },
				"east": { "uv": [ 0, 0, 0.8, 1 ], "texture": "#1" }
			}
		},
		{
			"from": [ 7.2, 0.7, 5.6 ],
			"to": [ 8.2, 1.7, 6.4 ],
			"rotation": { "origin": [ 8, 8, 8 ], "axis": "z", "angle": 22.5 },
			"faces": {
				"down": { "uv": [ 0, 0, 1, 0.8000002 ], "texture": "#1" },
				"up": { "uv": [ 0, 0, 1, 0.8000002 ], "texture": "#1" },
				"north": { "uv": [ 0, 0, 1, 1 ], "texture": "#1" },
				"south": { "uv": [ 0, 0, 1, 1 ], "texture": "#1" },
				"east": { "uv": [ 0, 0, 0.8, 1 ], "texture": "#1" }
			}
		},
		{
			"from": [ 13.8, 6.6, 5.6 ],
			"to": [ 14.8, 7.4, 6.4 ],
			"rotation": { "origin": [ 8, 8, 8 ], "axis": "z", "angle": -22.5 },
			"faces": {
				"down": { "uv": [ 0, 0, 1, 0.8000002 ], "texture": "#1" },
				"north": { "uv": [ 0, 0, 1, 0.8000002 ], "texture": "#1" },
				"south": { "uv": [ 0, 0, 1, 0.8000002 ], "texture": "#1" },
				"west": { "uv": [ 0, 0, 0.8, 0.8000002 ], "texture": "#1" },
				"east": { "uv": [ 0, 0, 0.8, 0.8000002 ], "texture": "#1" }
			}
		},
		{
			"from": [ 2, 0, 2 ],
			"to": [ 3, 2, 4 ],
			"rotation": { "origin": [ 3, 0, 0 ], "axis": "z", "angle": -45 },
			"faces": {
				"up": { "uv": [ 0, 0, 1, 2 ], "texture": "#2" },
				"north": { "uv": [ 0, 0, 1, 2 ], "texture": "#2" },
				"south": { "uv": [ 0, 0, 1, 2 ], "texture": "#2" },
				"west": { "uv": [ 0, 0, 2, 2 ], "texture": "#2" },
				"east": { "uv": [ 0, 0, 2, 2 ], "texture": "#2" }
			}
		},
		{
			"from": [ 2.2, 0, 1.9 ],
			"to": [ 3.2, 1, 4.1 ],
			"faces": {
				"down": { "uv": [ 0, 0, 1, 2.2 ], "texture": "#2", "cullface": "down" },
				"up": { "uv": [ 0, 0, 1, 2.2 ], "texture": "#2" },
				"north": { "uv": [ 0, 0, 1, 1 ], "texture": "#2" },
				"south": { "uv": [ 0, 0, 1, 1 ], "texture": "#2" },
				"west": { "uv": [ 0, 0, 2.2, 1 ], "texture": "#2" },
				"east": { "uv": [ 0, 0, 2.2, 1 ], "texture": "#2" }
			}
		},
		{
			"from": [ 2.6, 1.6, 1.9 ],
			"to": [ 3.6, 3.6, 4.1 ],
			"rotation": { "origin": [ 3, 0, 0 ], "axis": "z", "angle": -22.5 },
			"faces": {
				"down": { "uv": [ 0, 0, 1, 2.2 ], "texture": "#2" },
				"up": { "uv": [ 0, 0, 1, 2.2 ], "texture": "#2" },
				"north": { "uv": [ 0, 0, 1, 2 ], "texture": "#2" },
				"south": { "uv": [ 0, 0, 1, 2 ], "texture": "#2" },
				"west": { "uv": [ 0, 0, 2.2, 2 ], "texture": "#2" },
				"east": { "uv": [ 0, 0, 2.2, 2 ], "texture": "#2" }
			}
		},
		{
			"from": [ 0.09999999, 2.2, 2 ],
			"to": [ 2.1, 3.2, 4 ],
			"rotation": { "origin": [ 3, 0, 0 ], "axis": "z", "angle": -45 },
			"faces": {
				"down": { "uv": [ 0, 0, 2, 2 ], "texture": "#2" },
				"up": { "uv": [ 0, 0, 2, 2 ], "texture": "#2" },
				"north": { "uv": [ 0, 0, 2, 1 ], "texture": "#2" },
				"south": { "uv": [ 0, 0, 2, 1 ], "texture": "#2" },
				"west": { "uv": [ 0, 0, 2, 1 ], "texture": "#2" },
				"east": { "uv": [ 0, 0, 2, 1 ], "texture": "#2" }
			}
		},
		{
			"from": [ 13, 0, 2 ],
			"to": [ 14, 2, 4 ],
			"rotation": { "origin": [ 13, 0, 0 ], "axis": "z", "angle": 45 },
			"faces": {
				"up": { "uv": [ 0, 0, 1, 2 ], "texture": "#2" },
				"north": { "uv": [ 0, 0, 1, 2 ], "texture": "#2" },
				"south": { "uv": [ 0, 0, 1, 2 ], "texture": "#2" },
				"west": { "uv": [ 0, 0, 2, 2 ], "texture": "#2" },
				"east": { "uv": [ 0, 0, 2, 2 ], "texture": "#2" }
			}
		},
		{
			"from": [ 12.8, 0, 1.9 ],
			"to": [ 13.8, 1, 4.1 ],
			"faces": {
				"down": { "uv": [ 0, 0, 1, 2.2 ], "texture": "#2", "cullface": "down" },
				"up": { "uv": [ 0, 0, 1, 2.2 ], "texture": "#2" },
				"north": { "uv": [ 0, 0, 1, 1 ], "texture": "#2" },
				"south": { "uv": [ 0, 0, 1, 1 ], "texture": "#2" },
				"west": { "uv": [ 0, 0, 2.2, 1 ], "texture": "#2" },
				"east": { "uv": [ 0, 0, 2.2, 1 ], "texture": "#2" }
			}
		},
		{
			"from": [ 12.4, 1.6, 1.9 ],
			"to": [ 13.4, 3.6, 4.1 ],
			"rotation": { "origin": [ 13, 0, 0 ], "axis": "z", "angle": 22.5 },
			"faces": {
				"down": { "uv": [ 0, 0, 1, 2.2 ], "texture": "#2" },
				"up": { "uv": [ 0, 0, 1, 2.2 ], "texture": "#2" },
				"north": { "uv": [ 0, 0, 1, 2 ], "texture": "#2" },
				"south": { "uv": [ 0, 0, 1, 2 ], "texture": "#2" },
				"west": { "uv": [ 0, 0, 2.2, 2 ], "texture": "#2" },
				"east": { "uv": [ 0, 0, 2.2, 2 ], "texture": "#2" }
			}
		},
		{
			"from": [ 14.1, 2.2, 2 ],
			"to": [ 16.1, 3.2, 4 ],
			"rotation": { "origin": [ 13, 0, 0 ], "axis": "z", "angle": 45 },
			"faces": {
				"down": { "uv": [ 0, 0, 2, 2 ], "texture": "#2" },
				"up": { "uv": [ 0, 0, 2, 2 ], "texture": "#2" },
				"north": { "uv": [ 0, 0, 2, 1 ], "texture": "#2" },
				"south": { "uv": [ 0, 0, 2, 1 ], "texture": "#2" },
				"west": { "uv": [ 0, 0, 2, 1 ], "texture": "#2" },
				"east": { "uv": [ 0, 0, 2, 1 ], "texture": "#2" }
			}
		},
		{
			"from": [ 3.5, 0.8, 2.2 ],
			"to": [ 12.3, 1.8, 3.8 ],
			"faces": {
				"down": { "uv": [ 0, 0, 8.8, 1.6 ], "texture": "#2" },
				"up": { "uv": [ 0, 0, 8.8, 1.6 ], "texture": "#2" },
				"north": { "uv": [ 0, 0, 8.8, 1 ], "texture": "#2" },
				"south": { "uv": [ 0, 0, 8.8, 1 ], "texture": "#2" },
				"west": { "uv": [ 0, 0, 1.6, 1 ], "texture": "#2" },
				"east": { "uv": [ 0, 0, 1.6, 1 ], "texture": "#2" }
			}
		},
		{
			"from": [ 2, 0, 12 ],
			"to": [ 3, 2, 14 ],
			"rotation": { "origin": [ 3, 0, 0 ], "axis": "z", "angle": -45 },
			"faces": {
				"up": { "uv": [ 0, 0, 1, 2 ], "texture": "#2" },
				"north": { "uv": [ 0, 0, 1, 2 ], "texture": "#2" },
				"south": { "uv": [ 0, 0, 1, 2 ], "texture": "#2" },
				"west": { "uv": [ 0, 0, 2, 2 ], "texture": "#2" },
				"east": { "uv": [ 0, 0, 2, 2 ], "texture": "#2" }
			}
		},
		{
			"from": [ 2.2, 0, 11.9 ],
			"to": [ 3.2, 1, 14.1 ],
			"faces": {
				"down": { "uv": [ 0, 0, 1, 2.2 ], "texture": "#2", "cullface": "down" },
				"up": { "uv": [ 0, 0, 1, 2.2 ], "texture": "#2" },
				"north": { "uv": [ 0, 0, 1, 1 ], "texture": "#2" },
				"south": { "uv": [ 0, 0, 1, 1 ], "texture": "#2" },
				"west": { "uv": [ 0, 0, 2.2, 1 ], "texture": "#2" },
				"east": { "uv": [ 0, 0, 2.2, 1 ], "texture": "#2" }
			}
		},
		{
			"from": [ 2.6, 1.6, 11.9 ],
			"to": [ 3.6, 3.6, 14.1 ],
			"rotation": { "origin": [ 3, 0, 0 ], "axis": "z", "angle": -22.5 },
			"faces": {
				"down": { "uv": [ 0, 0, 1, 2.2 ], "texture": "#2" },
				"up": { "uv": [ 0, 0, 1, 2.2 ], "texture": "#2" },
				"north": { "uv": [ 0, 0, 1, 2 ], "texture": "#2" },
				"south": { "uv": [ 0, 0, 1, 2 ], "texture": "#2" },
				"west": { "uv": [ 0, 0, 2.2, 2 ], "texture": "#2" },
				"east": { "uv": [ 0, 0, 2.2, 2 ], "texture": "#2" }
			}
		},
		{
			"from": [ 0.09999999, 2.2, 12 ],
			"to": [ 2.1, 3.2, 14 ],
			"rotation": { "origin": [ 3, 0, 0 ], "axis": "z", "angle": -45 },
			"faces": {
				"down": { "uv": [ 0, 0, 2, 2 ], "texture": "#2" },
				"up": { "uv": [ 0, 0, 2, 2 ], "texture": "#2" },
				"north": { "uv": [ 0, 0, 2, 1 ], "texture": "#2" },
				"south": { "uv": [ 0, 0, 2, 1 ], "texture": "#2" },
				"west": { "uv": [ 0, 0, 2, 1 ], "texture": "#2" },
				"east": { "uv": [ 0, 0, 2, 1 ], "texture": "#2" }
			}
		},
		{
			"from": [ 13, 0, 12 ],
			"to": [ 14, 2, 14 ],
			"rotation": { "origin": [ 13, 0, 0 ], "axis": "z", "angle": 45 },
			"faces": {
				"up": { "uv": [ 0, 0, 1, 2 ], "texture": "#2" },
				"north": { "uv": [ 0, 0, 1, 2 ], "texture": "#2" },
				"south": { "uv": [ 0, 0, 1, 2 ], "texture": "#2" },
				"west": { "uv": [ 0, 0, 2, 2 ], "texture": "#2" },
				"east": { "uv": [ 0, 0, 2, 2 ], "texture": "#2" }
			}
		},
		{
			"from": [ 12.8, 0, 11.9 ],
			"to": [ 13.8, 1, 14.1 ],
			"faces": {
				"down": { "uv": [ 0, 0, 1, 2.2 ], "texture": "#2", "cullface": "down" },
				"up": { "uv": [ 0, 0, 1, 2.2 ], "texture": "#2" },
				"north": { "uv": [ 0, 0, 1, 1 ], "texture": "#2" },
				"south": { "uv": [ 0, 0, 1, 1 ], "texture": "#2" },
				"west": { "uv": [ 0, 0, 2.2, 1 ], "texture": "#2" },
				"east": { "uv": [ 0, 0, 2.2, 1 ], "texture": "#2" }
			}
		},
		{
			"from": [ 12.4, 1.6, 11.9 ],
			"to": [ 13.4, 3.6, 14.1 ],
			"rotation": { "origin": [ 13, 0, 0 ], "axis": "z", "angle": 22.5 },
			"faces": {
				"down": { "uv": [ 0, 0, 1, 2.2 ], "texture": "#2" },
				"up": { "uv": [ 0, 0, 1, 2.2 ], "texture": "#2" },
				"north": { "uv": [ 0, 0, 1, 2 ], "texture": "#2" },
				"south": { "uv": [ 0, 0, 1, 2 ], "texture": "#2" },
				"west": { "uv": [ 0, 0, 2.2, 2 ], "texture": "#2" },
				"east": { "uv": [ 0, 0, 2.2, 2 ], "texture": "#2" }
			}
		},
		{
			"from": [ 14.1, 2.2, 12 ],
			"to": [ 16.1, 3.2, 14 ],
			"rotation": { "origin": [ 13, 0, 0 ], "axis": "z", "angle": 45 },
			"faces": {
				"down": { "uv": [ 0, 0, 2, 2 ], "texture": "#2" },
				"up": { "uv": [ 0, 0, 2, 2 ], "texture": "#2" },
				"north": { "uv": [ 0, 0, 2, 1 ], "texture": "#2" },
				"south": { "uv": [ 0, 0, 2, 1 ], "texture": "#2" },
				"west": { "uv": [ 0, 0, 2, 1 ], "texture": "#2" },
				"east": { "uv": [ 0, 0, 2, 1 ], "texture": "#2" }
			}
		},
		{
			"from": [ 3.5, 0.8, 12.2 ],
			"to": [ 12.3, 1.8, 13.8 ],
			"faces": {
				"down": { "uv": [ 0, 0, 8.8, 1.6 ], "texture": "#2" },
				"up": { "uv": [ 0, 0, 8.8, 1.6 ], "texture": "#2" },
				"north": { "uv": [ 0, 0, 8.8, 1 ], "texture": "#2" },
				"south": { "uv": [ 0, 0, 8.8, 1 ], "texture": "#2" },
				"west": { "uv": [ 0, 0, 1.6, 1 ], "texture": "#2" },
				"east": { "uv": [ 0, 0, 1.6, 1 ], "texture": "#2" }
			}
		},
		{
			"from": [ 13, 0.7, 4 ],
			"to": [ 14, 1.7, 12 ],
			"rotation": { "origin": [ 13, 0, 0 ], "axis": "z", "angle": 45 },
			"faces": {
				"down": { "uv": [ 0, 0, 1, 8 ], "texture": "#2" },
				"up": { "uv": [ 0, 0, 1, 8 ], "texture": "#2" },
				"north": { "uv": [ 0, 0, 1, 1 ], "texture": "#2" },
				"south": { "uv": [ 0, 0, 1, 1 ], "texture": "#2" },
				"west": { "uv": [ 0, 0, 8, 1 ], "texture": "#2" },
				"east": { "uv": [ 0, 0, 8, 1 ], "texture": "#2" }
			}
		},
		{
			"from": [ 2, 0.7, 4 ],
			"to": [ 3, 1.7, 12 ],
			"rotation": { "origin": [ 3, 0, 0 ], "axis": "z", "angle": -45 },
			"faces": {
				"down": { "uv": [ 0, 0, 1, 8 ], "texture": "#2" },
				"up": { "uv": [ 0, 0, 1, 8 ], "texture": "#2" },
				"north": { "uv": [ 0, 0, 1, 1 ], "texture": "#2" },
				"south": { "uv": [ 0, 0, 1, 1 ], "texture": "#2" },
				"west": { "uv": [ 0, 0, 8, 1 ], "texture": "#2" },
				"east": { "uv": [ 0, 0, 8, 1 ], "texture": "#2" }
			}
		},
		{
			"from": [ 13.1, 0.9, 4 ],
			"to": [ 13.9, 1.9, 5.5 ],
			"rotation": { "origin": [ 13, 0, 0 ], "axis": "z", "angle": 45 },
			"faces": {
				"down": { "uv": [ 0, 0, 0.8, 1.5 ], "texture": "#2" },
				"up": { "uv": [ 0, 0, 0.8, 1.5 ], "texture": "#2" },
				"north": { "uv": [ 0, 0, 0.8, 1 ], "texture": "#2" },
				"south": { "uv": [ 0, 0, 0.8, 1 ], "texture": "#2" },
				"west": { "uv": [ 0, 0, 1.5, 1 ], "texture": "#2" },
				"east": { "uv": [ 0, 0, 1.5, 1 ], "texture": "#2" }
			}
		},
		{
			"from": [ 13.1, 0.5, 4 ],
			"to": [ 13.9, 1.5, 5.5 ],
			"rotation": { "origin": [ 13, 0, 0 ], "axis": "z", "angle": 45 },
			"faces": {
				"down": { "uv": [ 0, 0, 0.8, 1.5 ], "texture": "#2" },
				"up": { "uv": [ 0, 0, 0.8, 1.5 ], "texture": "#2" },
				"north": { "uv": [ 0, 0, 0.8, 1 ], "texture": "#2" },
				"south": { "uv": [ 0, 0, 0.8, 1 ], "texture": "#2" },
				"west": { "uv": [ 0, 0, 1.5, 1 ], "texture": "#2" },
				"east": { "uv": [ 0, 0, 1.5, 1 ], "texture": "#2" }
			}
		},
		{
			"from": [ 13.1, 0.9, 10.4 ],
			"to": [ 13.9, 1.9, 11.9 ],
			"rotation": { "origin": [ 13, 0, 0 ], "axis": "z", "angle": 45 },
			"faces": {
				"down": { "uv": [ 0, 0, 0.8, 1.5 ], "texture": "#2" },
				"up": { "uv": [ 0, 0, 0.8, 1.5 ], "texture": "#2" },
				"north": { "uv": [ 0, 0, 0.8, 1 ], "texture": "#2" },
				"south": { "uv": [ 0, 0, 0.8, 1 ], "texture": "#2" },
				"west": { "uv": [ 0, 0, 1.5, 1 ], "texture": "#2" },
				"east": { "uv": [ 0, 0, 1.5, 1 ], "texture": "#2" }
			}
		},
		{
			"from": [ 13.1, 0.5, 10.4 ],
			"to": [ 13.9, 1.5, 11.9 ],
			"rotation": { "origin": [ 13, 0, 0 ], "axis": "z", "angle": 45 },
			"faces": {
				"down": { "uv": [ 0, 0, 0.8, 1.5 ], "texture": "#2" },
				"up": { "uv": [ 0, 0, 0.8, 1.5 ], "texture": "#2" },
				"north": { "uv": [ 0, 0, 0.8, 1 ], "texture": "#2" },
				"south": { "uv": [ 0, 0, 0.8, 1 ], "texture": "#2" },
				"west": { "uv": [ 0, 0, 1.5, 1 ], "texture": "#2" },
				"east": { "uv": [ 0, 0, 1.5, 1 ], "texture": "#2" }
			}
		},
		{
			"from": [ 2.1, 0.9, 4 ],
			"to": [ 2.9, 1.9, 5.5 ],
			"rotation": { "origin": [ 3, 0, 0 ], "axis": "z", "angle": -45 },
			"faces": {
				"down": { "uv": [ 0, 0, 0.8, 1.5 ], "texture": "#2" },
				"up": { "uv": [ 0, 0, 0.8, 1.5 ], "texture": "#2" },
				"north": { "uv": [ 0, 0, 0.8, 1 ], "texture": "#2" },
				"south": { "uv": [ 0, 0, 0.8, 1 ], "texture": "#2" },
				"west": { "uv": [ 0, 0, 1.5, 1 ], "texture": "#2" },
				"east": { "uv": [ 0, 0, 1.5, 1 ], "texture": "#2" }
			}
		},
		{
			"from": [ 2.1, 0.5, 4 ],
			"to": [ 2.9, 1.5, 5.5 ],
			"rotation": { "origin": [ 3, 0, 0 ], "axis": "z", "angle": -45 },
			"faces": {
				"down": { "uv": [ 0, 0, 0.8, 1.5 ], "texture": "#2" },
				"up": { "uv": [ 0, 0, 0.8, 1.5 ], "texture": "#2" },
				"north": { "uv": [ 0, 0, 0.8, 1 ], "texture": "#2" },
				"south": { "uv": [ 0, 0, 0.8, 1 ], "texture": "#2" },
				"west": { "uv": [ 0, 0, 1.5, 1 ], "texture": "#2" },
				"east": { "uv": [ 0, 0, 1.5, 1 ], "texture": "#2" }
			}
		},
		{
			"from": [ 2.1, 0.9, 10.4 ],
			"to": [ 2.9, 1.9, 11.9 ],
			"rotation": { "origin": [ 3, 0, 0 ], "axis": "z", "angle": -45 },
			"faces": {
				"down": { "uv": [ 0, 0, 0.8, 1.5 ], "texture": "#2" },
				"up": { "uv": [ 0, 0, 0.8, 1.5 ], "texture": "#2" },
				"north": { "uv": [ 0, 0, 0.8, 1 ], "texture": "#2" },
				"south": { "uv": [ 0, 0, 0.8, 1 ], "texture": "#2" },
				"west": { "uv": [ 0, 0, 1.5, 1 ], "texture": "#2" },
				"east": { "uv": [ 0, 0, 1.5, 1 ], "texture": "#2" }
			}
		},
		{
			"from": [ 2.1, 0.5, 10.4 ],
			"to": [ 2.9, 1.5, 11.9 ],
			"rotation": { "origin": [ 3, 0, 0 ], "axis": "z", "angle": -45 },
			"faces": {
				"down": { "uv": [ 0, 0, 0.8, 1.5 ], "texture": "#2" },
				"up": { "uv": [ 0, 0, 0.8, 1.5 ], "texture": "#2" },
				"north": { "uv": [ 0, 0, 0.8, 1 ], "texture": "#2" },
				"south": { "uv": [ 0, 0, 0.8, 1 ], "texture": "#2" },
				"west": { "uv": [ 0, 0, 1.5, 1 ], "texture": "#2" },
				"east": { "uv": [ 0, 0, 1.5, 1 ], "texture": "#2" }
			}
		},
		{
			"from": [ 5, 3, 1 ],
			"to": [ 11, 11, 2 ],
			"faces": {
				"down": { "uv": [ 0, 0, 6, 1 ], "texture": "#3" },
				"up": { "uv": [ 0, 0, 6, 1 ], "texture": "#3" },
				"north": { "uv": [ 2, 0, 8, 8 ], "texture": "#3" },
				"west": { "uv": [ 0, 0, 1, 8 ], "texture": "#3" },
				"east": { "uv": [ 0, 0, 1, 8 ], "texture": "#3" }
			}
		},
		{
			"from": [ 4, 4, 1 ],
			"to": [ 5, 10, 2 ],
			"faces": {
				"down": { "uv": [ 0, 0, 1, 1 ], "texture": "#3" },
				"up": { "uv": [ 0, 0, 1, 1 ], "texture": "#3" },
				"north": { "uv": [ 8, 1, 9, 7 ], "texture": "#3" },
				"west": { "uv": [ 0, 0, 1, 6 ], "texture": "#3" }
			}
		},
		{
			"from": [ 3, 5, 1 ],
			"to": [ 4, 9, 2 ],
			"faces": {
				"down": { "uv": [ 0, 0, 1, 1 ], "texture": "#3" },
				"up": { "uv": [ 0, 0, 1, 1 ], "texture": "#3" },
				"north": { "uv": [ 9, 2, 10, 6 ], "texture": "#3" }
			}
		},
		{
			"from": [ 11, 4, 1 ],
			"to": [ 12, 10, 2 ],
			"faces": {
				"down": { "uv": [ 0, 0, 1, 1 ], "texture": "#3" },
				"up": { "uv": [ 0, 0, 1, 1 ], "texture": "#3" },
				"north": { "uv": [ 1, 1, 2, 7 ], "texture": "#3" },
				"east": { "uv": [ 0, 1, 1, 7 ], "texture": "#3" }
			}
		},
		{
			"from": [ 12, 5, 1 ],
			"to": [ 13, 9, 2 ],
			"faces": {
				"down": { "uv": [ 0, 0, 1, 1 ], "texture": "#3" },
				"up": { "uv": [ 0, 0, 1, 1 ], "texture": "#3" },
				"north": { "uv": [ 0, 2, 1, 6 ], "texture": "#3" }
			}
		},
		{
			"from": [ 5, 3, 14 ],
			"to": [ 11, 11, 15 ],
			"faces": {
				"down": { "uv": [ 0, 0, 6, 1 ], "texture": "#3" },
				"up": { "uv": [ 0, 0, 6, 1 ], "texture": "#3" },
				"south": { "uv": [ 0, 0, 6, 8 ], "texture": "#3" },
				"west": { "uv": [ 0, 0, 1, 8 ], "texture": "#3" },
				"east": { "uv": [ 0, 0, 1, 8 ], "texture": "#3" }
			}
		},
		{
			"from": [ 4, 4, 14 ],
			"to": [ 5, 10, 15 ],
			"faces": {
				"down": { "uv": [ 0, 0, 1, 1 ], "texture": "#3" },
				"up": { "uv": [ 0, 0, 1, 1 ], "texture": "#3" },
				"south": { "uv": [ 8, 1, 9, 7 ], "texture": "#3" },
				"west": { "uv": [ 0, 0, 1, 6 ], "texture": "#3" }
			}
		},
		{
			"from": [ 3, 5, 14 ],
			"to": [ 4, 9, 15 ],
			"faces": {
				"down": { "uv": [ 0, 0, 1, 1 ], "texture": "#3" },
				"up": { "uv": [ 0, 0, 1, 1 ], "texture": "#3" },
				"south": { "uv": [ 9, 2, 10, 6 ], "texture": "#3" }
			}
		},
		{
			"from": [ 11, 4, 14 ],
			"to": [ 12, 10, 15 ],
			"faces": {
				"down": { "uv": [ 0, 0, 1, 1 ], "texture": "#3" },
				"up": { "uv": [ 0, 0, 1, 1 ], "texture": "#3" },
				"south": { "uv": [ 1, 1, 2, 7 ], "texture": "#3" },
				"east": { "uv": [ 0, 1, 1, 7 ], "texture": "#3" }
			}
		},
		{
			"from": [ 12, 5, 14 ],
			"to": [ 13, 9, 15 ],
			"faces": {
				"down": { "uv": [ 0, 0, 1, 1 ], "texture": "#3" },
				"up": { "uv": [ 0, 0, 1, 1 ], "texture": "#3" },
				"south": { "uv": [ 0, 2, 1, 6 ], "texture": "#3" }
			}
		},
		{
			"from": [ 7.5, 5, -0.5 ],
			"to": [ 8.5, 6, 1 ],
			"faces": {
				"down": { "uv": [ 13, 13, 14, 14.5 ], "texture": "#4", "cullface": "north" },
				"up": { "uv": [ 14, 13, 15, 14.5 ], "texture": "#4", "cullface": "north" },
				"north": { "uv": [ 14, 14, 15, 15 ], "texture": "#4", "cullface": "north" },
				"west": { "uv": [ 12, 14, 13.5, 15 ], "texture": "#4", "cullface": "north" },
				"east": { "uv": [ 13, 14, 14.5, 15 ], "texture": "#4", "cullface": "north" }
			}
		},
		{
			"from": [ 7.6, 4.7, 1.4 ],
			"to": [ 8.4, 5.7, 1.9 ],
			"rotation": { "origin": [ 8, 0, 0 ], "axis": "x", "angle": -22.5 },
			"faces": {
				"down": { "uv": [ 13, 13, 13.8, 13.5 ], "texture": "#4", "cullface": "north" },
				"up": { "uv": [ 14, 13, 14.8, 13.5 ], "texture": "#4", "cullface": "north" },
				"north": { "uv": [ 14, 14, 14.8, 15 ], "texture": "#4", "cullface": "north" },
				"west": { "uv": [ 12, 14, 12.5, 15 ], "texture": "#4", "cullface": "north" },
				"east": { "uv": [ 13, 14, 13.5, 15 ], "texture": "#4", "cullface": "north" }
			}
		},
		{
			"from": [ 7.6, 3.7, 3.2 ],
			"to": [ 8.4, 4.7, 3.6 ],
			"rotation": { "origin": [ 8, 0, 0 ], "axis": "x", "angle": -45 },
			"faces": {
				"down": { "uv": [ 13, 13, 13.8, 13.4 ], "texture": "#4", "cullface": "north" },
				"up": { "uv": [ 14, 13, 14.8, 13.4 ], "texture": "#4", "cullface": "north" },
				"south": { "uv": [ 13, 14, 13.8, 15 ], "texture": "#4", "cullface": "north" },
				"west": { "uv": [ 12, 14, 12.4, 15 ], "texture": "#4", "cullface": "north" },
				"east": { "uv": [ 13, 14, 13.4, 15 ], "texture": "#4", "cullface": "north" }
			}
		},
		{
			"from": [ 7.5, 4, -1.1 ],
			"to": [ 8.5, 5.6, -0.3 ],
			"faces": {
				"down": { "uv": [ 13, 13, 14, 13.8 ], "texture": "#4", "cullface": "north" },
				"up": { "uv": [ 14, 13, 15, 13.8 ], "texture": "#4", "cullface": "north" },
				"north": { "uv": [ 14, 14, 15, 15.6 ], "texture": "#4", "cullface": "north" },
				"south": { "uv": [ 13, 14, 14, 15.6 ], "texture": "#4", "cullface": "north" },
				"west": { "uv": [ 12, 14, 12.8, 15.6 ], "texture": "#4", "cullface": "north" },
				"east": { "uv": [ 13, 14, 13.8, 15.6 ], "texture": "#4", "cullface": "north" }
			}
		}
	]
}