{
	"__comment": "Model generated using MrCrayfish's Model Creator (http://mrcrayfish.com/modelcreator/)",
	"textures": {
		"0": "blocks/planks_spruce",
		"particle": "blocks/planks_spruce"
	},
	"elements": [ 	 
		{
			"from": [ 2, 0, 0 ],
			"to": [ 4, 3, 1 ],
			"faces": {
				"down": { "uv": [ 9, 8, 11, 9 ], "texture": "#0", "cullface": "down" },
				"north": { "uv": [ 9, 6, 11, 9 ], "texture": "#0", "cullface": "north" },
				"south": { "uv": [ 9, 10, 11, 13 ], "texture": "#0" },
				"west": { "uv": [ 11, 7, 12, 10 ], "texture": "#0" },
				"east": { "uv": [ 14, 3, 13, 6 ], "texture": "#0" }
			}
		},
		{
			"from": [ 1, 1, 1 ],
			"to": [ 15, 3, 2 ],
			"faces": {
				"down": { "uv": [ 2, 7, 16, 8 ], "texture": "#0" },
				"up": { "uv": [ 1, 4, 15, 5 ], "texture": "#0" },
				"north": { "uv": [ 2, 14, 16, 16 ], "texture": "#0" },
				"south": { "uv": [ 2, 14, 16, 16 ], "texture": "#0" },
				"west": { "uv": [ 11, 8, 12, 10 ], "texture": "#0" },
				"east": { "uv": [ 0, 2, 1, 4 ], "texture": "#0" }
			}
		},
		{
			"from": [ 1, 5, 1 ],
			"to": [ 9, 7, 2 ],
			"faces": {
				"down": { "uv": [ 4, 7, 10, 8 ], "texture": "#0" },
				"up": { "uv": [ 3, 2, 11, 3 ], "texture": "#0" },
				"north": { "uv": [ 5, 6, 13, 8 ], "texture": "#0" },
				"south": { "uv": [ 4, 2, 9, 4 ], "texture": "#0" },
				"west": { "uv": [ 9, 6, 6, 8 ], "texture": "#0" },
				"east": { "uv": [ 6, 6, 7, 8 ], "texture": "#0" }
			}
		},
		{
			"from": [ 1, 9, 1 ],
			"to": [ 5, 11, 2 ],
			"faces": {
				"down": { "uv": [ 4, 3, 8, 4 ], "texture": "#0" },
				"up": { "uv": [ 4, 1, 8, 2 ], "texture": "#0" },
				"north": { "uv": [ 7, 2, 11, 4 ], "texture": "#0" },
				"south": { "uv": [ 5, 2, 9, 4 ], "texture": "#0" },
				"west": { "uv": [ 10, 5, 11, 7 ], "texture": "#0" },
				"east": { "uv": [ 11, 6, 12, 8 ], "texture": "#0" }
			}
		},
		{
			"from": [ 1, 13, 1 ],
			"to": [ 5, 15, 2 ],
			"faces": {
				"down": { "uv": [ 10, 15, 14, 16 ], "texture": "#0" },
				"up": { "uv": [ 4, 0, 8, 1 ], "texture": "#0" },
				"north": { "uv": [ 8, 6, 12, 8 ], "texture": "#0" },
				"south": { "uv": [ 7, 2, 11, 4 ], "texture": "#0" },
				"west": { "uv": [ 5, 10, 6, 12 ], "texture": "#0" },
				"east": { "uv": [ 6, 14, 7, 16 ], "texture": "#0" }
			}
		},
		{
			"from": [ 2, 3, 0 ],
			"to": [ 4, 4, 1 ],
			"faces": {
				"up": { "uv": [ 4, 1, 6, 2 ], "texture": "#0" },
				"north": { "uv": [ 9, 7, 11, 8 ], "texture": "#0", "cullface": "north" },
				"south": { "uv": [ 10, 7, 12, 8 ], "texture": "#0" },
				"west": { "uv": [ 11, 4, 12, 5 ], "texture": "#0" },
				"east": { "uv": [ 4, 3, 5, 4 ], "texture": "#0" }
			}
		},
		{
			"from": [ 12, 8, 0 ],
			"to": [ 14, 11, 1 ],
			"faces": {
				"down": { "uv": [ 6, 5, 8, 6 ], "texture": "#0" },
				"up": { "uv": [ 6, 2, 8, 3 ], "texture": "#0" },
				"north": { "uv": [ 7, 3, 9, 6 ], "texture": "#0", "cullface": "north" },
				"south": { "uv": [ 7, 3, 9, 6 ], "texture": "#0" },
				"west": { "uv": [ 3, 2, 4, 5 ], "texture": "#0" },
				"east": { "uv": [ 8, 3, 9, 6 ], "texture": "#0" }
			}
		},
		{
			"from": [ 2, 7, 0 ],
			"to": [ 4, 12, 1 ],
			"faces": {
				"down": { "uv": [ 9, 7, 11, 8 ], "texture": "#0" },
				"up": { "uv": [ 6, 3, 8, 4 ], "texture": "#0" },
				"north": { "uv": [ 10, 3, 12, 8 ], "texture": "#0", "cullface": "north" },
				"south": { "uv": [ 10, 3, 12, 8 ], "texture": "#0" },
				"west": { "uv": [ 8, 11, 9, 16 ], "texture": "#0" },
				"east": { "uv": [ 3, 3, 4, 8 ], "texture": "#0" }
			}
		},
		{
			"from": [ 12, 13, 0 ],
			"to": [ 14, 16, 1 ],
			"faces": {
				"down": { "uv": [ 5, 5, 7, 6 ], "texture": "#0" },
				"up": { "uv": [ 2, 3, 4, 4 ], "texture": "#0", "cullface": "up" },
				"north": { "uv": [ 12, 11, 14, 14 ], "texture": "#0", "cullface": "north" },
				"south": { "uv": [ 8, 7, 10, 10 ], "texture": "#0" },
				"west": { "uv": [ 12, 11, 13, 14 ], "texture": "#0" },
				"east": { "uv": [ 2, 11, 3, 14 ], "texture": "#0" }
			}
		},
		{
			"from": [ 13, 0, 0 ],
			"to": [ 14, 1, 1 ],
			"faces": {
				"down": { "uv": [ 6, 14, 7, 15 ], "texture": "#0", "cullface": "down" },
				"north": { "uv": [ 8, 10, 9, 11 ], "texture": "#0", "cullface": "north" },
				"south": { "uv": [ 9, 5, 10, 6 ], "texture": "#0" },
				"west": { "uv": [ 7, 9, 8, 10 ], "texture": "#0" },
				"east": { "uv": [ 6, 1, 7, 2 ], "texture": "#0" }
			}
		},
		{
			"from": [ 12, 1, 0 ],
			"to": [ 14, 3, 1 ],
			"faces": {
				"down": { "uv": [ 8, 8, 10, 9 ], "texture": "#0" },
				"up": { "uv": [ 4, 5, 6, 6 ], "texture": "#0" },
				"north": { "uv": [ 7, 8, 5, 10 ], "texture": "#0", "cullface": "north" },
				"west": { "uv": [ 7, 6, 8, 8 ], "texture": "#0" },
				"east": { "uv": [ 10, 9, 11, 11 ], "texture": "#0" }
			}
		},
		{
			"from": [ 2, 4, 0 ],
			"to": [ 3, 7, 1 ],
			"faces": {
				"north": { "uv": [ 7, 8, 8, 11 ], "texture": "#0", "cullface": "north" },
				"south": { "uv": [ 8, 7, 9, 10 ], "texture": "#0" },
				"west": { "uv": [ 3, 1, 4, 4 ], "texture": "#0" },
				"east": { "uv": [ 7, 2, 8, 5 ], "texture": "#0" }
			}
		},
		{
			"from": [ 12, 3, 0 ],
			"to": [ 13, 7, 1 ],
			"faces": {
				"up": { "uv": [ 6, 2, 7, 3 ], "texture": "#0" },
				"north": { "uv": [ 8, 0, 9, 4 ], "texture": "#0", "cullface": "north" },
				"south": { "uv": [ 11, 12, 12, 16 ], "texture": "#0" },
				"west": { "uv": [ 0, 0, 1, 4 ], "texture": "#0" },
				"east": { "uv": [ 4, 12, 5, 16 ], "texture": "#0" }
			}
		},
		{
			"from": [ 13, 4, 0 ],
			"to": [ 14, 8, 1 ],
			"faces": {
				"down": { "uv": [ 4, 5, 5, 6 ], "texture": "#0" },
				"north": { "uv": [ 7, 3, 8, 7 ], "texture": "#0", "cullface": "north" },
				"south": { "uv": [ 7, 3, 6, 7 ], "texture": "#0" },
				"west": { "uv": [ 11, 7, 10, 11 ], "texture": "#0" },
				"east": { "uv": [ 5, 3, 6, 7 ], "texture": "#0" }
			}
		},
		{
			"from": [ 13, 11, 0 ],
			"to": [ 14, 13, 1 ],
			"faces": {
				"north": { "uv": [ 7, 10, 8, 12 ], "texture": "#0", "cullface": "north" },
				"south": { "uv": [ 14, 6, 15, 8 ], "texture": "#0" },
				"west": { "uv": [ 4, 2, 5, 4 ], "texture": "#0" },
				"east": { "uv": [ 5, 2, 6, 4 ], "texture": "#0" }
			}
		},
		{
			"from": [ 3, 12, 0 ],
			"to": [ 4, 15, 1 ],
			"faces": {
				"up": { "uv": [ 4, 2, 5, 3 ], "texture": "#0" },
				"north": { "uv": [ 2, 10, 3, 13 ], "texture": "#0", "cullface": "north" },
				"south": { "uv": [ 9, 6, 10, 9 ], "texture": "#0" },
				"east": { "uv": [ 14, 2, 15, 5 ], "texture": "#0" }
			}
		},
		{
			"from": [ 2, 12, 0 ],
			"to": [ 3, 16, 1 ],
			"faces": {
				"up": { "uv": [ 3, 3, 4, 4 ], "texture": "#0", "cullface": "up" },
				"north": { "uv": [ 7, 11, 8, 15 ], "texture": "#0", "cullface": "north" },
				"south": { "uv": [ 6, 3, 7, 7 ], "texture": "#0" },
				"west": { "uv": [ 6, 7, 7, 11 ], "texture": "#0" },
				"east": { "uv": [ 12, 3, 13, 7 ], "texture": "#0" }
			}
		},
		{
			"from": [ 11, 5, 1 ],
			"to": [ 15, 7, 2 ],
			"faces": {
				"down": { "uv": [ 8, 15, 12, 16 ], "texture": "#0" },
				"up": { "uv": [ 5, 2, 9, 3 ], "texture": "#0" },
				"north": { "uv": [ 8, 10, 12, 12 ], "texture": "#0" },
				"south": { "uv": [ 2, 2, 6, 4 ], "texture": "#0" },
				"west": { "uv": [ 3, 10, 4, 12 ], "texture": "#0" },
				"east": { "uv": [ 6, 2, 7, 4 ], "texture": "#0" }
			}
		},
		{
			"from": [ 9, 5, 1 ],
			"to": [ 11, 6, 2 ],
			"faces": {
				"down": { "uv": [ 5, 15, 7, 16 ], "texture": "#0" },
				"up": { "uv": [ 6, 1, 8, 2 ], "texture": "#0" },
				"north": { "uv": [ 9, 15, 11, 16 ], "texture": "#0" },
				"south": { "uv": [ 4, 3, 6, 4 ], "texture": "#0" }
			}
		},
		{
			"from": [ 7, 9, 1 ],
			"to": [ 9, 11, 2 ],
			"faces": {
				"down": { "uv": [ 1, 3, 3, 4 ], "texture": "#0" },
				"up": { "uv": [ 6, 1, 8, 2 ], "texture": "#0" },
				"north": { "uv": [ 5, 2, 7, 4 ], "texture": "#0" },
				"south": { "uv": [ 10, 6, 12, 8 ], "texture": "#0" },
				"west": { "uv": [ 11, 10, 12, 12 ], "texture": "#0" },
				"east": { "uv": [ 4, 14, 5, 16 ], "texture": "#0" }
			}
		},
		{
			"from": [ 10, 9, 1 ],
			"to": [ 15, 11, 2 ],
			"faces": {
				"down": { "uv": [ 2, 11, 7, 12 ], "texture": "#0" },
				"up": { "uv": [ 4, 1, 9, 2 ], "texture": "#0" },
				"north": { "uv": [ 9, 14, 14, 16 ], "texture": "#0" },
				"south": { "uv": [ 4, 2, 9, 4 ], "texture": "#0" },
				"west": { "uv": [ 6, 2, 7, 4 ], "texture": "#0" },
				"east": { "uv": [ 6, 14, 7, 16 ], "texture": "#0" }
			}
		},
		{
			"from": [ 9, 9, 1 ],
			"to": [ 10, 10, 2 ],
			"faces": {
				"down": { "uv": [ 3, 3, 4, 4 ], "texture": "#0" },
				"up": { "uv": [ 8, 7, 9, 8 ], "texture": "#0" },
				"north": { "uv": [ 10, 6, 11, 7 ], "texture": "#0" },
				"south": { "uv": [ 1, 3, 2, 4 ], "texture": "#0" }
			}
		},
		{
			"from": [ 5, 10, 1 ],
			"to": [ 7, 11, 2 ],
			"faces": {
				"down": { "uv": [ 7, 1, 9, 2 ], "texture": "#0" },
				"up": { "uv": [ 3, 0, 5, 1 ], "texture": "#0" },
				"north": { "uv": [ 6, 4, 8, 5 ], "texture": "#0" },
				"south": { "uv": [ 11, 1, 13, 2 ], "texture": "#0" }
			}
		},
		{
			"from": [ 10, 13, 1 ],
			"to": [ 15, 15, 2 ],
			"faces": {
				"down": { "uv": [ 4, 3, 9, 4 ], "texture": "#0" },
				"up": { "uv": [ 2, 2, 7, 3 ], "texture": "#0" },
				"north": { "uv": [ 10, 6, 15, 8 ], "texture": "#0" },
				"south": { "uv": [ 1, 2, 6, 4 ], "texture": "#0" },
				"west": { "uv": [ 8, 2, 9, 4 ], "texture": "#0" },
				"east": { "uv": [ 13, 10, 14, 12 ], "texture": "#0" }
			}
		},
		{
			"from": [ 5, 13, 1 ],
			"to": [ 10, 14, 2 ],
			"faces": {
				"down": { "uv": [ 2, 15, 7, 16 ], "texture": "#0" },
				"up": { "uv": [ 10, 3, 15, 4 ], "texture": "#0" },
				"north": { "uv": [ 7, 15, 12, 16 ], "texture": "#0" },
				"south": { "uv": [ 9, 15, 14, 16 ], "texture": "#0" }
			}
		}
	]
}