{
    "ambientocclusion":false,
    "textures": {
        "particle": "item/map/towers/super_sheep",
		"end": "item/map/towers/super_sheep",
		"black": "item/map/black"
    },
    "elements": [
        {   "from": [ -8, -8, 16 ],
            "to": [ 24, 24, 17 ],
            "shade": false,
            "faces": {
				"up":  { "uv": [ 0, 0, 16, 16 ], "texture": "#black", "cullface": "up" },
				"down":  { "uv": [ 0, 0, 16, 16 ], "texture": "#black", "cullface": "down" },
                "north": { "uv": [ 0, 0, 16, 16 ], "texture": "#end", "cullface": "north" },
                "south": { "uv": [ 0, 0, 16, 16 ], "texture": "#end", "cullface": "south" },
                "west":  { "uv": [ 0, 0, 16, 16 ], "texture": "#black", "cullface": "west" },
                "east":  { "uv": [ 0, 0, 16, 16 ], "texture": "#black", "cullface": "east" }
            }
        }
    ],
"display": { 
        "head": {
           "rotation": [ 0, 0, 0 ],
           "translation": [ 0, -27, -2 ],
           "scale": [ 1.7, 1.7, 1.7 ]
        }
	}	
}
