{
	"__comment": "Model generated using MrCrayfish's Model Creator (http://mrcrayfish.com/modelcreator/)",
	"textures": {
		"particle": "blocks/gold_block",
		"0": "blocks/gold_block"
	},
	"elements": [ 	 
		{
			"from": [ 5, 0, 1 ],
			"to": [ 11, 1, 15 ],
			"faces": {
				"down": { "uv": [ 1, 0, 7, 14 ], "texture": "#0", "cullface": "down" },
				"up": { "uv": [ 1, 0, 7, 16 ], "texture": "#0" },
				"north": { "uv": [ 0, 0, 6, 1 ], "texture": "#0" },
				"south": { "uv": [ 0, 0, 6, 1 ], "texture": "#0" },
				"west": { "uv": [ 0, 0, 16, 1 ], "texture": "#0" },
				"east": { "uv": [ 0, 0, 16, 1 ], "texture": "#0" }
			}
		},
		{
			"from": [ 1, 0.09999999, 5 ],
			"to": [ 15, 1.1, 11 ],
			"faces": {
				"down": { "uv": [ 1, 0, 7, 16 ], "texture": "#0", "cullface": "down" },
				"up": { "uv": [ 0, 1, 16, 7 ], "texture": "#0" },
				"north": { "uv": [ 0, 0, 16, 1 ], "texture": "#0" },
				"south": { "uv": [ 0, 0, 16, 1 ], "texture": "#0" },
				"west": { "uv": [ 0, 0, 6, 1 ], "texture": "#0" },
				"east": { "uv": [ 0, 0, 6, 1 ], "texture": "#0" }
			}
		},
		{
			"from": [ 3, 0.2, 3 ],
			"to": [ 13, 2.2, 13 ],
			"faces": {
				"down": { "uv": [ 1, 1, 11, 11 ], "texture": "#0" },
				"up": { "uv": [ 1, 1, 11, 11 ], "texture": "#0" },
				"north": { "uv": [ 2, 1, 12, 4 ], "texture": "#0" },
				"south": { "uv": [ 1, 1, 11, 4 ], "texture": "#0" },
				"west": { "uv": [ 1, 1, 11, 4 ], "texture": "#0" },
				"east": { "uv": [ 1, 1, 11, 4 ], "texture": "#0" }
			}
		},
		{
			"from": [ 6.5, 1.69, 5.3 ],
			"to": [ 9.5, 2.69, 6.3 ],
			"faces": {
				"up": { "uv": [ 12, 12, 15, 13 ], "texture": "#0" },
				"north": { "uv": [ 12, 15, 15, 16 ], "texture": "#0" },
				"south": { "uv": [ 11, 13, 14, 14 ], "texture": "#0" },
				"west": { "uv": [ 13, 12, 14, 13 ], "texture": "#0" },
				"east": { "uv": [ 13, 11, 14, 12 ], "texture": "#0" }
			}
		},
		{
			"from": [ 6.5, 1.69, 9.7 ],
			"to": [ 9.5, 2.69, 10.7 ],
			"faces": {
				"up": { "uv": [ 12, 12, 15, 13 ], "texture": "#0" },
				"north": { "uv": [ 12, 15, 15, 16 ], "texture": "#0" },
				"south": { "uv": [ 11, 13, 14, 14 ], "texture": "#0" },
				"west": { "uv": [ 13, 12, 14, 13 ], "texture": "#0" },
				"east": { "uv": [ 13, 11, 14, 12 ], "texture": "#0" }
			}
		},
		{
			"from": [ 5.29, 1.69, 6.5 ],
			"to": [ 6.29, 2.69, 9.5 ],
			"faces": {
				"up": { "uv": [ 12, 12, 13, 15 ], "texture": "#0" },
				"north": { "uv": [ 12, 15, 13, 16 ], "texture": "#0" },
				"south": { "uv": [ 11, 13, 12, 14 ], "texture": "#0" },
				"west": { "uv": [ 13, 12, 16, 13 ], "texture": "#0" },
				"east": { "uv": [ 13, 11, 16, 12 ], "texture": "#0" }
			}
		},
		{
			"from": [ 9.69, 1.69, 6.5 ],
			"to": [ 10.69, 2.69, 9.5 ],
			"faces": {
				"up": { "uv": [ 12, 12, 13, 15 ], "texture": "#0" },
				"north": { "uv": [ 12, 15, 13, 16 ], "texture": "#0" },
				"south": { "uv": [ 11, 13, 12, 14 ], "texture": "#0" },
				"west": { "uv": [ 13, 12, 16, 13 ], "texture": "#0" },
				"east": { "uv": [ 13, 11, 16, 12 ], "texture": "#0" }
			}
		},
		{
			"from": [ 6, 2, 6 ],
			"to": [ 10, 8, 10 ],
			"faces": {
				"north": { "uv": [ 11, 9, 15, 15 ], "texture": "#0" },
				"south": { "uv": [ 11, 9, 15, 15 ], "texture": "#0" },
				"west": { "uv": [ 11, 9, 15, 15 ], "texture": "#0" },
				"east": { "uv": [ 11, 9, 15, 15 ], "texture": "#0" }
			}
		},
		{
			"from": [ 4, 8, 4 ],
			"to": [ 12, 9, 12 ],
			"faces": {
				"down": { "uv": [ 1, 1, 9, 9 ], "texture": "#0" },
				"up": { "uv": [ 1, 7, 9, 15 ], "texture": "#0" },
				"north": { "uv": [ 3, 0, 11, 1 ], "texture": "#0" },
				"south": { "uv": [ 0, 0, 8, 1 ], "texture": "#0" },
				"west": { "uv": [ 2, 0, 10, 1 ], "texture": "#0" },
				"east": { "uv": [ 4, 0, 12, 1 ], "texture": "#0" }
			}
		},
		{
			"from": [ 3, 8.5, 5 ],
			"to": [ 4, 9.5, 11 ],
			"faces": {
				"down": { "uv": [ 4, 3, 5, 9 ], "texture": "#0" },
				"up": { "uv": [ 7, 1, 8, 7 ], "texture": "#0" },
				"north": { "uv": [ 6, 15, 7, 16 ], "texture": "#0" },
				"south": { "uv": [ 0, 0, 1, 1 ], "texture": "#0" },
				"west": { "uv": [ 0, 0, 6, 1 ], "texture": "#0" },
				"east": { "uv": [ 6, 0, 12, 1 ], "texture": "#0" }
			}
		},
		{
			"from": [ 12, 8.49, 5 ],
			"to": [ 13, 9.49, 11 ],
			"faces": {
				"down": { "uv": [ 4, 3, 5, 9 ], "texture": "#0" },
				"up": { "uv": [ 7, 1, 8, 7 ], "texture": "#0" },
				"north": { "uv": [ 6, 15, 7, 16 ], "texture": "#0" },
				"south": { "uv": [ 0, 0, 1, 1 ], "texture": "#0" },
				"west": { "uv": [ 0, 0, 6, 1 ], "texture": "#0" },
				"east": { "uv": [ 6, 0, 12, 1 ], "texture": "#0" }
			}
		},
		{
			"from": [ 5, 8.49, 3 ],
			"to": [ 11, 9.49, 4 ],
			"faces": {
				"down": { "uv": [ 4, 3, 10, 4 ], "texture": "#0" },
				"up": { "uv": [ 7, 1, 13, 2 ], "texture": "#0" },
				"north": { "uv": [ 6, 15, 12, 16 ], "texture": "#0" },
				"south": { "uv": [ 0, 0, 6, 1 ], "texture": "#0" },
				"west": { "uv": [ 0, 0, 1, 1 ], "texture": "#0" },
				"east": { "uv": [ 6, 0, 7, 1 ], "texture": "#0" }
			}
		},
		{
			"from": [ 5, 8.49, 12 ],
			"to": [ 11, 9.49, 13 ],
			"faces": {
				"down": { "uv": [ 4, 3, 10, 4 ], "texture": "#0" },
				"up": { "uv": [ 7, 1, 13, 2 ], "texture": "#0" },
				"north": { "uv": [ 6, 15, 12, 16 ], "texture": "#0" },
				"south": { "uv": [ 0, 0, 6, 1 ], "texture": "#0" },
				"west": { "uv": [ 0, 0, 1, 1 ], "texture": "#0" },
				"east": { "uv": [ 6, 0, 7, 1 ], "texture": "#0" }
			}
		},
		{
			"from": [ 3.59, 8.49, 3.59 ],
			"to": [ 5, 9.49, 5 ],
			"faces": {
				"down": { "uv": [ 2, 2, 3.45, 3.45 ], "texture": "#0" },
				"up": { "uv": [ 1, 1, 2.45, 2.45 ], "texture": "#0" },
				"north": { "uv": [ 8, 0, 9.4, 1 ], "texture": "#0" },
				"south": { "uv": [ 5, 0, 6.45, 1 ], "texture": "#0" },
				"west": { "uv": [ 9, 0, 10.4, 1 ], "texture": "#0" },
				"east": { "uv": [ 8, 0, 9.4, 1 ], "texture": "#0" }
			}
		},
		{
			"from": [ 10.79, 8.49, 3.59 ],
			"to": [ 12.2, 9.49, 5 ],
			"faces": {
				"down": { "uv": [ 2, 2, 3.45, 3.45 ], "texture": "#0" },
				"up": { "uv": [ 1, 1, 2.45, 2.45 ], "texture": "#0" },
				"north": { "uv": [ 8, 0, 9.4, 1 ], "texture": "#0" },
				"south": { "uv": [ 5, 0, 6.45, 1 ], "texture": "#0" },
				"west": { "uv": [ 9, 0, 10.4, 1 ], "texture": "#0" },
				"east": { "uv": [ 8, 0, 9.4, 1 ], "texture": "#0" }
			}
		},
		{
			"from": [ 3.8, 8.49, 10.59 ],
			"to": [ 5.2, 9.49, 12.4 ],
			"faces": {
				"down": { "uv": [ 2, 2, 3.45, 3.8 ], "texture": "#0" },
				"up": { "uv": [ 1, 1, 2.45, 2.8 ], "texture": "#0" },
				"north": { "uv": [ 8, 0, 9.4, 1 ], "texture": "#0" },
				"south": { "uv": [ 5, 0, 6.45, 1 ], "texture": "#0" },
				"west": { "uv": [ 9, 0, 10.8, 1 ], "texture": "#0" },
				"east": { "uv": [ 8, 0, 9.8, 1 ], "texture": "#0" }
			}
		},
		{
			"from": [ 10.8, 8.49, 10.8 ],
			"to": [ 12.2, 9.49, 12.2 ],
			"faces": {
				"down": { "uv": [ 2, 2, 3.45, 3.45 ], "texture": "#0" },
				"up": { "uv": [ 1, 1, 2.45, 2.45 ], "texture": "#0" },
				"north": { "uv": [ 8, 0, 9.4, 1 ], "texture": "#0" },
				"south": { "uv": [ 5, 0, 6.45, 1 ], "texture": "#0" },
				"west": { "uv": [ 9, 0, 10.4, 1 ], "texture": "#0" },
				"east": { "uv": [ 8, 0, 9.4, 1 ], "texture": "#0" }
			}
		},
		{
			"from": [ 5, 9.19, 13 ],
			"to": [ 11, 12.19, 13.49 ],
			"faces": {
				"down": { "uv": [ 0, 0, 6, 1 ], "texture": "#0" },
				"up": { "uv": [ 2, 15, 8, 16 ], "texture": "#0" },
				"north": { "uv": [ 2, 4, 8, 7 ], "texture": "#0" },
				"south": { "uv": [ 9, 12, 15, 15 ], "texture": "#0" },
				"west": { "uv": [ 0, 3, 1, 6 ], "texture": "#0" },
				"east": { "uv": [ 0, 0, 1, 3 ], "texture": "#0" }
			}
		},
		{
			"from": [ 5, 9.2, 2.5 ],
			"to": [ 11, 12.2, 2.99 ],
			"faces": {
				"down": { "uv": [ 9, 0, 15, 1 ], "texture": "#0" },
				"up": { "uv": [ 4, 15, 10, 16 ], "texture": "#0" },
				"north": { "uv": [ 9, 12, 15, 15 ], "texture": "#0" },
				"south": { "uv": [ 1, 4, 7, 7 ], "texture": "#0" },
				"west": { "uv": [ 0, 7, 1, 10 ], "texture": "#0" },
				"east": { "uv": [ 0, 3, 1, 6 ], "texture": "#0" }
			}
		},
		{
			"from": [ 2.5, 9.2, 5 ],
			"to": [ 3, 12.2, 10.99 ],
			"faces": {
				"down": { "uv": [ 0, 0, 1, 6 ], "texture": "#0" },
				"up": { "uv": [ 15, 8, 16, 14 ], "texture": "#0" },
				"north": { "uv": [ 15, 6, 16, 9 ], "texture": "#0" },
				"south": { "uv": [ 0, 3, 1, 6 ], "texture": "#0" },
				"west": { "uv": [ 9, 12, 15, 15 ], "texture": "#0" },
				"east": { "uv": [ 9, 1, 15, 4 ], "texture": "#0" }
			}
		},
		{
			"from": [ 13, 9.2, 5 ],
			"to": [ 13.49, 12.2, 11 ],
			"faces": {
				"down": { "uv": [ 0, 3, 1, 9 ], "texture": "#0" },
				"up": { "uv": [ 15, 4, 16, 10 ], "texture": "#0" },
				"north": { "uv": [ 0, 9, 1, 12 ], "texture": "#0" },
				"south": { "uv": [ 0, 7, 1, 10 ], "texture": "#0" },
				"west": { "uv": [ 1, 1, 7, 4 ], "texture": "#0" },
				"east": { "uv": [ 9, 12, 15, 15 ], "texture": "#0" }
			}
		},
		{
			"from": [ 6.2, 9.5, 1.5 ],
			"to": [ 10.2, 13.5, 2.49 ],
			"rotation": { "origin": [ 7.5, 11, 7.5 ], "axis": "y", "angle": -45 },
			"faces": {
				"down": { "uv": [ 1, 1, 5, 2 ], "texture": "#0" },
				"up": { "uv": [ 1, 1, 5, 2 ], "texture": "#0" },
				"north": { "uv": [ 10, 11, 14, 15 ], "texture": "#0" },
				"south": { "uv": [ 1, 1, 5, 5 ], "texture": "#0" },
				"west": { "uv": [ 0, 0, 1, 4 ], "texture": "#0" },
				"east": { "uv": [ 12, 11, 13, 15 ], "texture": "#0" }
			}
		},
		{
			"from": [ 5.49, 9.49, 2.2 ],
			"to": [ 9.49, 13.49, 3.19 ],
			"rotation": { "origin": [ 7.5, 11, 7.5 ], "axis": "y", "angle": 45 },
			"faces": {
				"down": { "uv": [ 1, 1, 5, 2 ], "texture": "#0" },
				"up": { "uv": [ 1, 1, 5, 2 ], "texture": "#0" },
				"north": { "uv": [ 10, 11, 14, 15 ], "texture": "#0" },
				"south": { "uv": [ 1, 1, 5, 5 ], "texture": "#0" },
				"west": { "uv": [ 0, 0, 1, 4 ], "texture": "#0" },
				"east": { "uv": [ 2, 2, 3, 6 ], "texture": "#0" }
			}
		},
		{
			"from": [ 5.49, 9.49, 13.3 ],
			"to": [ 9.49, 13.49, 14.29 ],
			"rotation": { "origin": [ 7.5, 11, 7.5 ], "axis": "y", "angle": 45 },
			"faces": {
				"down": { "uv": [ 2, 3, 6, 4 ], "texture": "#0" },
				"up": { "uv": [ 2, 3, 6, 4 ], "texture": "#0" },
				"north": { "uv": [ 10, 11, 14, 15 ], "texture": "#0" },
				"south": { "uv": [ 10, 11, 14, 15 ], "texture": "#0" },
				"west": { "uv": [ 0, 0, 1, 4 ], "texture": "#0" },
				"east": { "uv": [ 2, 2, 3, 6 ], "texture": "#0" }
			}
		},
		{
			"from": [ 6.2, 9.49, 12.59 ],
			"to": [ 10.2, 13.49, 13.59 ],
			"rotation": { "origin": [ 7.5, 11, 7.5 ], "axis": "y", "angle": -45 },
			"faces": {
				"down": { "uv": [ 1, 1, 5, 2 ], "texture": "#0" },
				"up": { "uv": [ 1, 1, 5, 2 ], "texture": "#0" },
				"north": { "uv": [ 4, 4, 8, 8 ], "texture": "#0", "rotation": 90 },
				"south": { "uv": [ 10, 11, 14, 15 ], "texture": "#0" },
				"west": { "uv": [ 0, 0, 1, 4 ], "texture": "#0" },
				"east": { "uv": [ 1, 1, 2, 5 ], "texture": "#0" }
			}
		},
		{
			"from": [ 4, 11.99, 2.1 ],
			"to": [ 12, 14.99, 2.6 ],
			"faces": {
				"down": { "uv": [ 0, 0, 8, 1 ], "texture": "#0" },
				"up": { "uv": [ 2, 1, 10, 2 ], "texture": "#0" },
				"north": { "uv": [ 8, 13, 16, 16 ], "texture": "#0" },
				"south": { "uv": [ 3, 4, 11, 7 ], "texture": "#0" },
				"west": { "uv": [ 12, 6, 13, 9 ], "texture": "#0" },
				"east": { "uv": [ 0, 7, 1, 10 ], "texture": "#0" }
			}
		},
		{
			"from": [ 4, 12, 13.5 ],
			"to": [ 12, 15, 14 ],
			"faces": {
				"down": { "uv": [ 0, 0, 8, 1 ], "texture": "#0" },
				"up": { "uv": [ 0, 0, 8, 1 ], "texture": "#0" },
				"north": { "uv": [ 2, 4, 10, 7 ], "texture": "#0" },
				"south": { "uv": [ 8, 13, 16, 16 ], "texture": "#0", "rotation": 180 },
				"west": { "uv": [ 15, 13, 16, 16 ], "texture": "#0" },
				"east": { "uv": [ 0, 7, 1, 10 ], "texture": "#0" }
			}
		},
		{
			"from": [ 2, 12, 4 ],
			"to": [ 2.5, 15, 12 ],
			"faces": {
				"down": { "uv": [ 0, 0, 1, 8 ], "texture": "#0" },
				"up": { "uv": [ 0, 0, 1, 8 ], "texture": "#0" },
				"north": { "uv": [ 2, 4, 3, 7 ], "texture": "#0" },
				"south": { "uv": [ 8, 13, 9, 16 ], "texture": "#0" },
				"west": { "uv": [ 8, 13, 16, 16 ], "texture": "#0" },
				"east": { "uv": [ 5, 7, 13, 10 ], "texture": "#0" }
			}
		},
		{
			"from": [ 13.5, 12, 4 ],
			"to": [ 14, 15, 12 ],
			"faces": {
				"down": { "uv": [ 0, 0, 1, 8 ], "texture": "#0" },
				"up": { "uv": [ 0, 0, 1, 8 ], "texture": "#0" },
				"north": { "uv": [ 2, 4, 3, 7 ], "texture": "#0" },
				"south": { "uv": [ 13, 12, 14, 15 ], "texture": "#0" },
				"west": { "uv": [ 3, 4, 11, 7 ], "texture": "#0" },
				"east": { "uv": [ 8, 13, 16, 16 ], "texture": "#0" }
			}
		},
		{
			"from": [ 6, 13, 0.79 ],
			"to": [ 10, 15.1, 1.89 ],
			"rotation": { "origin": [ 8, 8, 8 ], "axis": "y", "angle": 45 },
			"faces": {
				"down": { "uv": [ 2, 3, 6, 4.1 ], "texture": "#0" },
				"up": { "uv": [ 2, 1, 6, 2.1 ], "texture": "#0" },
				"north": { "uv": [ 11, 12, 15, 14.1 ], "texture": "#0" },
				"south": { "uv": [ 2, 1, 6, 3.1 ], "texture": "#0" },
				"west": { "uv": [ 2, 2, 3.1, 4.1 ], "texture": "#0" },
				"east": { "uv": [ 1, 2, 2.1, 4.1 ], "texture": "#0" }
			}
		},
		{
			"from": [ 6, 13, 0.89 ],
			"to": [ 10, 15.1, 2 ],
			"rotation": { "origin": [ 8, 8, 8 ], "axis": "y", "angle": -45 },
			"faces": {
				"down": { "uv": [ 1, 1, 5, 2.1 ], "texture": "#0" },
				"up": { "uv": [ 1, 1, 5, 2.1 ], "texture": "#0" },
				"north": { "uv": [ 11, 12, 15, 14.1 ], "texture": "#0" },
				"south": { "uv": [ 1, 1, 5, 3.1 ], "texture": "#0" },
				"west": { "uv": [ 1, 1, 2.1, 3.1 ], "texture": "#0" },
				"east": { "uv": [ 1, 1, 2.1, 3.1 ], "texture": "#0" }
			}
		},
		{
			"from": [ 6, 13, 14.09 ],
			"to": [ 10, 15.1, 15.19 ],
			"rotation": { "origin": [ 8, 8, 8 ], "axis": "y", "angle": 45 },
			"faces": {
				"down": { "uv": [ 1, 1, 5, 2.1 ], "texture": "#0" },
				"up": { "uv": [ 1, 1, 5, 2.1 ], "texture": "#0" },
				"north": { "uv": [ 1, 1, 5, 3.1 ], "texture": "#0" },
				"south": { "uv": [ 11, 11, 15, 13.1 ], "texture": "#0" },
				"west": { "uv": [ 1, 1, 2.1, 3.1 ], "texture": "#0" },
				"east": { "uv": [ 1, 1, 2.1, 3.1 ], "texture": "#0" }
			}
		},
		{
			"from": [ 6, 13, 14.09 ],
			"to": [ 10, 15.1, 15.19 ],
			"rotation": { "origin": [ 8, 8, 8 ], "axis": "y", "angle": -45 },
			"faces": {
				"down": { "uv": [ 1, 2, 5, 3.1 ], "texture": "#0" },
				"up": { "uv": [ 1, 1, 5, 2.1 ], "texture": "#0" },
				"north": { "uv": [ 3, 6, 7, 8.1 ], "texture": "#0" },
				"south": { "uv": [ 11, 11, 15, 13.1 ], "texture": "#0" },
				"west": { "uv": [ 1, 2, 2.1, 4.1 ], "texture": "#0" },
				"east": { "uv": [ 0, 0, 1.11, 2.1 ], "texture": "#0" }
			}
		}
	]
}