﻿{
	"credit": "Made with Blockbench, a free, modern block model editor by JannisX11",
	"textures": {
		"0": "blocks/planks_oak",
		"1": "custom/sign1",
		"3": "custom/sign2",
		"particle": "blocks/planks_oak"
	},
	"elements": [
		{
			"name": "cube",
			"from": [0, 4.4, 0.4],
			"to": [16, 12.4, 1.6],
			"shade": true,
			"faces": {
				"north": {"uv": [0, 8, 16, 16], "texture": "#1"},
				"east": {"uv": [10, 4, 12, 16], "texture": "#0"},
				"south": {"uv": [0, 8, 16, 16], "texture": "#3"},
				"west": {"uv": [0, 4, 2, 16], "texture": "#0"},
				"up": {"uv": [0, 2, 16, 4], "texture": "#0"},
				"down": {"uv": [0, 3, 16, 5], "texture": "#0"}
			}
		}
	]
}