{
	"__comment": "Model generated using MrCrayfish's Model Creator (http://mrcrayfish.com/modelcreator/)",
	"textures": {
		"0": "blocks/planks_big_oak",
		"1": "blocks/planks_spruce",
		"particle": "blocks/planks_spruce"
	},
	"elements": [ 	 
		{
			"from": [ 5, 0, 5 ],
			"to": [ 11, 2, 11 ],
			"faces": {
				"down": { "uv": [ 5, 6, 11, 12 ], "texture": "#0", "cullface": "down" },
				"up": { "uv": [ 4, 6, 10, 12 ], "texture": "#0" },
				"north": { "uv": [ 4, 0, 10, 2 ], "texture": "#0" },
				"south": { "uv": [ 4, 0, 10, 2 ], "texture": "#0" },
				"west": { "uv": [ 5, 0, 11, 2 ], "texture": "#0" },
				"east": { "uv": [ 4, 0, 10, 2 ], "texture": "#0" }
			}
		},
		{
			"from": [ 6, 2, 6 ],
			"to": [ 7, 8, 7 ],
			"faces": {
				"up": { "uv": [ 0, 0, 1, 1 ], "texture": "#0" },
				"north": { "uv": [ 0, 0, 1, 6 ], "texture": "#0" },
				"south": { "uv": [ 0, 0, 1, 6 ], "texture": "#0" },
				"west": { "uv": [ 0, 0, 1, 6 ], "texture": "#0" },
				"east": { "uv": [ 0, 0, 1, 6 ], "texture": "#0" }
			}
		},
		{
			"from": [ 9, 2, 6 ],
			"to": [ 10, 8, 7 ],
			"faces": {
				"up": { "uv": [ 0, 0, 1, 1 ], "texture": "#0" },
				"north": { "uv": [ 0, 0, 1, 6 ], "texture": "#0" },
				"south": { "uv": [ 0, 0, 1, 6 ], "texture": "#0" },
				"west": { "uv": [ 0, 0, 1, 6 ], "texture": "#0" },
				"east": { "uv": [ 0, 0, 1, 6 ], "texture": "#0" }
			}
		},
		{
			"from": [ 9, 2, 9 ],
			"to": [ 10, 8, 10 ],
			"faces": {
				"up": { "uv": [ 0, 0, 1, 1 ], "texture": "#0" },
				"north": { "uv": [ 0, 0, 1, 6 ], "texture": "#0" },
				"south": { "uv": [ 0, 0, 1, 6 ], "texture": "#0" },
				"west": { "uv": [ 0, 0, 1, 6 ], "texture": "#0" },
				"east": { "uv": [ 0, 0, 1, 6 ], "texture": "#0" }
			}
		},
		{
			"from": [ 6, 2, 9 ],
			"to": [ 7, 8, 10 ],
			"faces": {
				"up": { "uv": [ 0, 0, 1, 1 ], "texture": "#0" },
				"north": { "uv": [ 0, 0, 1, 6 ], "texture": "#0" },
				"south": { "uv": [ 0, 0, 1, 6 ], "texture": "#0" },
				"west": { "uv": [ 0, 0, 1, 6 ], "texture": "#0" },
				"east": { "uv": [ 0, 0, 1, 6 ], "texture": "#0" }
			}
		},
		{
			"from": [ 6.5, 8, 8.5 ],
			"to": [ 7.5, 16, 9.5 ],
			"faces": {
				"down": { "uv": [ 0, 0, 1, 1 ], "texture": "#0" },
				"up": { "uv": [ 0, 0, 1, 1 ], "texture": "#0", "cullface": "up" },
				"north": { "uv": [ 0, 0, 1, 8 ], "texture": "#0" },
				"south": { "uv": [ 0, 0, 1, 8 ], "texture": "#0" },
				"west": { "uv": [ 0, 0, 1, 8 ], "texture": "#0" },
				"east": { "uv": [ 0, 0, 1, 8 ], "texture": "#0" }
			}
		},
		{
			"from": [ 8.5, 8, 8.5 ],
			"to": [ 9.5, 16, 9.5 ],
			"faces": {
				"down": { "uv": [ 0, 0, 1, 1 ], "texture": "#0" },
				"up": { "uv": [ 0, 0, 1, 1 ], "texture": "#0", "cullface": "up" },
				"north": { "uv": [ 0, 0, 1, 8 ], "texture": "#0" },
				"south": { "uv": [ 0, 0, 1, 8 ], "texture": "#0" },
				"west": { "uv": [ 0, 0, 1, 8 ], "texture": "#0" },
				"east": { "uv": [ 0, 0, 1, 8 ], "texture": "#0" }
			}
		},
		{
			"from": [ 8.5, 8, 6.5 ],
			"to": [ 9.5, 16, 7.5 ],
			"faces": {
				"down": { "uv": [ 0, 0, 1, 1 ], "texture": "#0" },
				"up": { "uv": [ 0, 0, 1, 1 ], "texture": "#0", "cullface": "up" },
				"north": { "uv": [ 0, 0, 1, 8 ], "texture": "#0" },
				"south": { "uv": [ 0, 0, 1, 8 ], "texture": "#0" },
				"west": { "uv": [ 0, 0, 1, 8 ], "texture": "#0" },
				"east": { "uv": [ 0, 0, 1, 8 ], "texture": "#0" }
			}
		},
		{
			"from": [ 6.5, 8, 6.5 ],
			"to": [ 7.5, 16, 7.5 ],
			"faces": {
				"down": { "uv": [ 0, 0, 1, 1 ], "texture": "#0" },
				"up": { "uv": [ 0, 0, 1, 1 ], "texture": "#0", "cullface": "up" },
				"north": { "uv": [ 0, 0, 1, 8 ], "texture": "#0" },
				"south": { "uv": [ 0, 0, 1, 8 ], "texture": "#0" },
				"west": { "uv": [ 0, 0, 1, 8 ], "texture": "#0" },
				"east": { "uv": [ 0, 0, 1, 8 ], "texture": "#0" }
			}
		},
		{
			"from": [ 7, 16, 7 ],
			"to": [ 9, 20, 9 ],
			"faces": {
				"down": { "uv": [ 7, 8, 9, 10 ], "texture": "#0", "cullface": "up" },
				"up": { "uv": [ 8, 7, 10, 9 ], "texture": "#0", "cullface": "up" },
				"north": { "uv": [ 1, 1, 3, 5 ], "texture": "#0", "cullface": "up" },
				"south": { "uv": [ 1, 1, 3, 5 ], "texture": "#0", "cullface": "up" },
				"west": { "uv": [ 2, 1, 4, 5 ], "texture": "#0", "cullface": "up" },
				"east": { "uv": [ 1, 1, 3, 5 ], "texture": "#0", "cullface": "up" }
			}
		},
		{
			"from": [ 7.25, 20, 7.2 ],
			"to": [ 8.75, 24, 8.7 ],
			"faces": {
				"up": { "uv": [ 6, 5, 7.5, 6.5 ], "texture": "#0", "cullface": "up" },
				"north": { "uv": [ 2, 5, 3.5, 9 ], "texture": "#0", "cullface": "up" },
				"south": { "uv": [ 2, 5, 3.5, 9 ], "texture": "#0", "cullface": "up" },
				"west": { "uv": [ 2, 1, 3.5, 5 ], "texture": "#0", "cullface": "up" },
				"east": { "uv": [ 2, 5, 3.5, 9 ], "texture": "#0", "cullface": "up" }
			}
		},
		{
			"from": [ 7.5, 22.5, 8.5 ],
			"to": [ 8.5, 23.5, 10.5 ],
			"faces": {
				"down": { "uv": [ 0, 0, 1, 2 ], "texture": "#1", "cullface": "up" },
				"up": { "uv": [ 0, 0, 1, 2 ], "texture": "#1", "cullface": "up" },
				"west": { "uv": [ 0, 0, 2, 1 ], "texture": "#1", "cullface": "up" },
				"east": { "uv": [ 0, 0, 2, 1 ], "texture": "#1", "cullface": "up" }
			}
		},
		{
			"from": [ 7.5, 22.5, 6.5 ],
			"to": [ 8.5, 23.5, 7.5 ],
			"faces": {
				"down": { "uv": [ 0, 0, 1, 1 ], "texture": "#1", "cullface": "up" },
				"up": { "uv": [ 0, 0, 1, 1 ], "texture": "#1", "cullface": "up" },
				"north": { "uv": [ 0, 0, 1, 1 ], "texture": "#1", "cullface": "up" },
				"west": { "uv": [ 0, 0, 1, 1 ], "texture": "#1", "cullface": "up" },
				"east": { "uv": [ 0, 0, 1, 1 ], "texture": "#1", "cullface": "up" }
			}
		},
		{
			"from": [ 2.5, 22.5, 10.5 ],
			"to": [ 13.5, 23.5, 11.5 ],
			"faces": {
				"down": { "uv": [ 0, 0, 11, 1 ], "texture": "#1", "cullface": "up" },
				"up": { "uv": [ 0, 0, 11, 1 ], "texture": "#1", "cullface": "up" },
				"north": { "uv": [ 0, 0, 11, 1 ], "texture": "#1", "cullface": "up" },
				"south": { "uv": [ 0, 0, 11, 1 ], "texture": "#1", "cullface": "up" }
			}
		},
		{
			"from": [ 7.5, 23.5, 10.5 ],
			"to": [ 8.5, 28.5, 11.5 ],
			"faces": {
				"north": { "uv": [ 0, 0, 1, 5 ], "texture": "#1", "cullface": "up" },
				"south": { "uv": [ 0, 0, 1, 5 ], "texture": "#1", "cullface": "up" },
				"west": { "uv": [ 0, 0, 1, 5 ], "texture": "#1", "cullface": "up" },
				"east": { "uv": [ 0, 0, 1, 5 ], "texture": "#1", "cullface": "up" }
			}
		},
		{
			"from": [ 7.5, 17.5, 10.5 ],
			"to": [ 8.5, 22.5, 11.5 ],
			"faces": {
				"north": { "uv": [ 0, 0, 1, 5 ], "texture": "#1", "cullface": "up" },
				"south": { "uv": [ 0, 0, 1, 5 ], "texture": "#1", "cullface": "up" },
				"west": { "uv": [ 0, 0, 1, 5 ], "texture": "#1", "cullface": "up" },
				"east": { "uv": [ 0, 0, 1, 5 ], "texture": "#1", "cullface": "up" }
			}
		},
		{
			"from": [ 7.5, 22.5, 11.5 ],
			"to": [ 8.5, 23.5, 12.5 ],
			"faces": {
				"down": { "uv": [ 0, 0, 1, 1 ], "texture": "#1", "cullface": "up" },
				"up": { "uv": [ 0, 0, 1, 1 ], "texture": "#1", "cullface": "up" },
				"south": { "uv": [ 0, 0, 1, 1 ], "texture": "#1", "cullface": "up" },
				"west": { "uv": [ 0, 0, 1, 1 ], "texture": "#1", "cullface": "up" },
				"east": { "uv": [ 0, 0, 1, 1 ], "texture": "#1", "cullface": "up" }
			}
		},
		{
			"from": [ 13.5, 21.5, 9.5 ],
			"to": [ 14.5, 24.5, 12.5 ],
			"faces": {
				"down": { "uv": [ 0, 0, 1, 3 ], "texture": "#1", "cullface": "up" },
				"up": { "uv": [ 0, 0, 1, 3 ], "texture": "#1", "cullface": "up" },
				"north": { "uv": [ 0, 0, 1, 3 ], "texture": "#1", "cullface": "up" },
				"south": { "uv": [ 0, 0, 1, 3 ], "texture": "#1", "cullface": "up" },
				"west": { "uv": [ 0, 0, 3, 3 ], "texture": "#1", "cullface": "up" },
				"east": { "uv": [ 0, 0, 3, 3 ], "texture": "#1", "cullface": "up" }
			}
		},
		{
			"from": [ 1.5, 21.5, 9.5 ],
			"to": [ 2.5, 24.5, 12.5 ],
			"faces": {
				"down": { "uv": [ 0, 0, 1, 3 ], "texture": "#1", "cullface": "up" },
				"up": { "uv": [ 0, 0, 1, 3 ], "texture": "#1", "cullface": "up" },
				"north": { "uv": [ 0, 0, 1, 3 ], "texture": "#1", "cullface": "up" },
				"south": { "uv": [ 0, 0, 1, 3 ], "texture": "#1", "cullface": "up" },
				"west": { "uv": [ 0, 0, 3, 3 ], "texture": "#1", "cullface": "up" },
				"east": { "uv": [ 0, 0, 3, 3 ], "texture": "#1", "cullface": "up" }
			}
		},
		{
			"from": [ 2.5, 24.5, 9.5 ],
			"to": [ 3.5, 26.5, 12.5 ],
			"faces": {
				"down": { "uv": [ 0, 0, 1, 3 ], "texture": "#1", "cullface": "up" },
				"up": { "uv": [ 0, 0, 1, 3 ], "texture": "#1", "cullface": "up" },
				"north": { "uv": [ 0, 0, 1, 2 ], "texture": "#1", "cullface": "up" },
				"south": { "uv": [ 0, 0, 1, 2 ], "texture": "#1", "cullface": "up" },
				"west": { "uv": [ 0, 0, 3, 2 ], "texture": "#1", "cullface": "up" },
				"east": { "uv": [ 0, 0, 3, 2 ], "texture": "#1", "cullface": "up" }
			}
		},
		{
			"from": [ 12.5, 24.5, 9.5 ],
			"to": [ 13.5, 26.5, 12.5 ],
			"faces": {
				"down": { "uv": [ 0, 0, 1, 3 ], "texture": "#1", "cullface": "up" },
				"up": { "uv": [ 0, 0, 1, 3 ], "texture": "#1", "cullface": "up" },
				"north": { "uv": [ 0, 0, 1, 2 ], "texture": "#1", "cullface": "up" },
				"south": { "uv": [ 0, 0, 1, 2 ], "texture": "#1", "cullface": "up" },
				"west": { "uv": [ 0, 0, 3, 2 ], "texture": "#1", "cullface": "up" },
				"east": { "uv": [ 0, 0, 3, 2 ], "texture": "#1", "cullface": "up" }
			}
		},
		{
			"from": [ 11.5, 26.5, 9.5 ],
			"to": [ 12.5, 27.5, 12.5 ],
			"faces": {
				"down": { "uv": [ 0, 0, 1, 3 ], "texture": "#1", "cullface": "up" },
				"up": { "uv": [ 0, 0, 1, 3 ], "texture": "#1", "cullface": "up" },
				"north": { "uv": [ 0, 0, 1, 1 ], "texture": "#1", "cullface": "up" },
				"south": { "uv": [ 0, 0, 1, 1 ], "texture": "#1", "cullface": "up" },
				"west": { "uv": [ 0, 0, 3, 1 ], "texture": "#1", "cullface": "up" },
				"east": { "uv": [ 0, 0, 3, 1 ], "texture": "#1", "cullface": "up" }
			}
		},
		{
			"from": [ 3.5, 26.5, 9.5 ],
			"to": [ 4.5, 27.5, 12.5 ],
			"faces": {
				"down": { "uv": [ 0, 0, 1, 3 ], "texture": "#1", "cullface": "up" },
				"up": { "uv": [ 0, 0, 1, 3 ], "texture": "#1", "cullface": "up" },
				"north": { "uv": [ 0, 0, 1, 1 ], "texture": "#1", "cullface": "up" },
				"south": { "uv": [ 0, 0, 1, 1 ], "texture": "#1", "cullface": "up" },
				"west": { "uv": [ 0, 0, 3, 1 ], "texture": "#1", "cullface": "up" },
				"east": { "uv": [ 0, 0, 3, 1 ], "texture": "#1", "cullface": "up" }
			}
		},
		{
			"from": [ 4.5, 27.5, 9.5 ],
			"to": [ 6.5, 28.5, 12.5 ],
			"faces": {
				"down": { "uv": [ 0, 0, 2, 3 ], "texture": "#1", "cullface": "up" },
				"up": { "uv": [ 0, 0, 2, 3 ], "texture": "#1", "cullface": "up" },
				"north": { "uv": [ 0, 0, 2, 1 ], "texture": "#1", "cullface": "up" },
				"south": { "uv": [ 0, 0, 2, 1 ], "texture": "#1", "cullface": "up" },
				"west": { "uv": [ 0, 0, 3, 1 ], "texture": "#1", "cullface": "up" },
				"east": { "uv": [ 0, 0, 3, 1 ], "texture": "#1", "cullface": "up" }
			}
		},
		{
			"from": [ 9.5, 27.5, 9.5 ],
			"to": [ 11.5, 28.5, 12.5 ],
			"faces": {
				"down": { "uv": [ 0, 0, 2, 3 ], "texture": "#1", "cullface": "up" },
				"up": { "uv": [ 0, 0, 2, 3 ], "texture": "#1", "cullface": "up" },
				"north": { "uv": [ 0, 0, 2, 1 ], "texture": "#1", "cullface": "up" },
				"south": { "uv": [ 0, 0, 2, 1 ], "texture": "#1", "cullface": "up" },
				"west": { "uv": [ 0, 0, 3, 1 ], "texture": "#1", "cullface": "up" },
				"east": { "uv": [ 0, 0, 3, 1 ], "texture": "#1", "cullface": "up" }
			}
		},
		{
			"from": [ 6.5, 28.5, 9.5 ],
			"to": [ 9.5, 29.5, 12.5 ],
			"faces": {
				"down": { "uv": [ 0, 0, 3, 3 ], "texture": "#1", "cullface": "up" },
				"up": { "uv": [ 0, 0, 3, 3 ], "texture": "#1", "cullface": "up" },
				"north": { "uv": [ 0, 0, 3, 1 ], "texture": "#1", "cullface": "up" },
				"south": { "uv": [ 0, 0, 3, 1 ], "texture": "#1", "cullface": "up" },
				"west": { "uv": [ 0, 0, 3, 1 ], "texture": "#1", "cullface": "up" },
				"east": { "uv": [ 0, 0, 3, 1 ], "texture": "#1", "cullface": "up" }
			}
		},
		{
			"from": [ 6.5, 16.5, 9.5 ],
			"to": [ 9.5, 17.5, 12.5 ],
			"faces": {
				"down": { "uv": [ 0, 0, 3, 3 ], "texture": "#1", "cullface": "up" },
				"up": { "uv": [ 0, 0, 3, 3 ], "texture": "#1", "cullface": "up" },
				"north": { "uv": [ 0, 0, 3, 1 ], "texture": "#1", "cullface": "up" },
				"south": { "uv": [ 0, 0, 3, 1 ], "texture": "#1", "cullface": "up" },
				"west": { "uv": [ 0, 0, 3, 1 ], "texture": "#1", "cullface": "up" },
				"east": { "uv": [ 0, 0, 3, 1 ], "texture": "#1", "cullface": "up" }
			}
		},
		{
			"from": [ 9.5, 17.5, 9.5 ],
			"to": [ 11.5, 18.5, 12.5 ],
			"faces": {
				"down": { "uv": [ 0, 0, 2, 3 ], "texture": "#1", "cullface": "up" },
				"up": { "uv": [ 0, 0, 2, 3 ], "texture": "#1", "cullface": "up" },
				"north": { "uv": [ 0, 0, 2, 1 ], "texture": "#1", "cullface": "up" },
				"south": { "uv": [ 0, 0, 2, 1 ], "texture": "#1", "cullface": "up" },
				"west": { "uv": [ 0, 0, 3, 1 ], "texture": "#1", "cullface": "up" },
				"east": { "uv": [ 0, 0, 3, 1 ], "texture": "#1", "cullface": "up" }
			}
		},
		{
			"from": [ 4.5, 17.5, 9.5 ],
			"to": [ 6.5, 18.5, 12.5 ],
			"faces": {
				"down": { "uv": [ 0, 0, 2, 3 ], "texture": "#1", "cullface": "up" },
				"up": { "uv": [ 0, 0, 2, 3 ], "texture": "#1", "cullface": "up" },
				"north": { "uv": [ 0, 0, 2, 1 ], "texture": "#1", "cullface": "up" },
				"south": { "uv": [ 0, 0, 2, 1 ], "texture": "#1", "cullface": "up" },
				"west": { "uv": [ 0, 0, 3, 1 ], "texture": "#1", "cullface": "up" },
				"east": { "uv": [ 0, 0, 3, 1 ], "texture": "#1", "cullface": "up" }
			}
		},
		{
			"from": [ 3.5, 18.5, 9.5 ],
			"to": [ 4.5, 19.5, 12.5 ],
			"faces": {
				"down": { "uv": [ 0, 0, 1, 3 ], "texture": "#1", "cullface": "up" },
				"up": { "uv": [ 0, 0, 1, 3 ], "texture": "#1", "cullface": "up" },
				"north": { "uv": [ 0, 0, 1, 1 ], "texture": "#1", "cullface": "up" },
				"south": { "uv": [ 0, 0, 1, 1 ], "texture": "#1", "cullface": "up" },
				"west": { "uv": [ 0, 0, 3, 1 ], "texture": "#1", "cullface": "up" },
				"east": { "uv": [ 0, 0, 3, 1 ], "texture": "#1", "cullface": "up" }
			}
		},
		{
			"from": [ 11.5, 18.5, 9.5 ],
			"to": [ 12.5, 19.5, 12.5 ],
			"faces": {
				"down": { "uv": [ 0, 0, 1, 3 ], "texture": "#1", "cullface": "up" },
				"up": { "uv": [ 0, 0, 1, 3 ], "texture": "#1", "cullface": "up" },
				"north": { "uv": [ 0, 0, 1, 1 ], "texture": "#1", "cullface": "up" },
				"south": { "uv": [ 0, 0, 1, 1 ], "texture": "#1", "cullface": "up" },
				"west": { "uv": [ 0, 0, 3, 1 ], "texture": "#1", "cullface": "up" },
				"east": { "uv": [ 0, 0, 3, 1 ], "texture": "#1", "cullface": "up" }
			}
		},
		{
			"from": [ 12.5, 19.5, 9.5 ],
			"to": [ 13.5, 21.5, 12.5 ],
			"faces": {
				"down": { "uv": [ 0, 0, 1, 3 ], "texture": "#1", "cullface": "up" },
				"up": { "uv": [ 0, 0, 1, 3 ], "texture": "#1", "cullface": "up" },
				"north": { "uv": [ 0, 0, 1, 2 ], "texture": "#1", "cullface": "up" },
				"south": { "uv": [ 0, 0, 1, 2 ], "texture": "#1", "cullface": "up" },
				"west": { "uv": [ 0, 0, 3, 2 ], "texture": "#1", "cullface": "up" },
				"east": { "uv": [ 0, 0, 3, 2 ], "texture": "#1", "cullface": "up" }
			}
		},
		{
			"from": [ 2.5, 19.5, 9.5 ],
			"to": [ 3.5, 21.5, 12.5 ],
			"faces": {
				"down": { "uv": [ 0, 0, 1, 3 ], "texture": "#1", "cullface": "up" },
				"up": { "uv": [ 0, 0, 1, 3 ], "texture": "#1", "cullface": "up" },
				"north": { "uv": [ 0, 0, 1, 2 ], "texture": "#1", "cullface": "up" },
				"south": { "uv": [ 0, 0, 1, 2 ], "texture": "#1", "cullface": "up" },
				"west": { "uv": [ 0, 0, 3, 2 ], "texture": "#1", "cullface": "up" },
				"east": { "uv": [ 0, 0, 3, 2 ], "texture": "#1", "cullface": "up" }
			}
		},
		{
			"from": [ 0.5, 22.5, 10.5 ],
			"to": [ 1.5, 23.5, 11.5 ],
			"faces": {
				"down": { "uv": [ 0, 0, 1, 1 ], "texture": "#1", "cullface": "up" },
				"up": { "uv": [ 0, 0, 1, 1 ], "texture": "#1", "cullface": "up" },
				"north": { "uv": [ 0, 0, 1, 1 ], "texture": "#1", "cullface": "up" },
				"south": { "uv": [ 0, 0, 1, 1 ], "texture": "#1", "cullface": "up" }
			}
		},
		{
			"from": [ -1, 22, 10 ],
			"to": [ 1, 24, 12 ],
			"faces": {
				"down": { "uv": [ 0, 0, 2, 2 ], "texture": "#1", "cullface": "up" },
				"up": { "uv": [ 0, 0, 2, 2 ], "texture": "#1", "cullface": "up" },
				"north": { "uv": [ 0, 0, 2, 2 ], "texture": "#1", "cullface": "up" },
				"south": { "uv": [ 0, 0, 2, 2 ], "texture": "#1", "cullface": "up" },
				"west": { "uv": [ 0, 0, 2, 2 ], "texture": "#1", "cullface": "up" },
				"east": { "uv": [ 0, 0, 2, 2 ], "texture": "#1", "cullface": "up" }
			}
		},
		{
			"from": [ 14.5, 22.5, 10.5 ],
			"to": [ 15.5, 23.5, 11.5 ],
			"faces": {
				"down": { "uv": [ 0, 0, 1, 1 ], "texture": "#1", "cullface": "up" },
				"up": { "uv": [ 0, 0, 1, 1 ], "texture": "#1", "cullface": "up" },
				"north": { "uv": [ 0, 0, 1, 1 ], "texture": "#1", "cullface": "up" },
				"south": { "uv": [ 0, 0, 1, 1 ], "texture": "#1", "cullface": "up" }
			}
		},
		{
			"from": [ 7.5, 29.5, 10.5 ],
			"to": [ 8.5, 30.5, 11.5 ],
			"faces": {
				"north": { "uv": [ 0, 0, 1, 1 ], "texture": "#1", "cullface": "up" },
				"south": { "uv": [ 0, 0, 1, 1 ], "texture": "#1", "cullface": "up" },
				"west": { "uv": [ 0, 0, 1, 1 ], "texture": "#1", "cullface": "up" },
				"east": { "uv": [ 0, 0, 1, 1 ], "texture": "#1", "cullface": "up" }
			}
		},
		{
			"from": [ 7.5, 15.5, 10.5 ],
			"to": [ 8.5, 16.5, 11.5 ],
			"faces": {
				"north": { "uv": [ 0, 0, 1, 1 ], "texture": "#1", "cullface": "up" },
				"south": { "uv": [ 0, 0, 1, 1 ], "texture": "#1", "cullface": "up" },
				"west": { "uv": [ 0, 0, 1, 1 ], "texture": "#1", "cullface": "up" },
				"east": { "uv": [ 0, 0, 1, 1 ], "texture": "#1", "cullface": "up" }
			}
		},
		{
			"from": [ 15, 22, 10 ],
			"to": [ 17, 24, 12 ],
			"faces": {
				"down": { "uv": [ 0, 0, 2, 2 ], "texture": "#1", "cullface": "up" },
				"up": { "uv": [ 0, 0, 2, 2 ], "texture": "#1", "cullface": "up" },
				"north": { "uv": [ 0, 0, 2, 2 ], "texture": "#1", "cullface": "up" },
				"south": { "uv": [ 0, 0, 2, 2 ], "texture": "#1", "cullface": "up" },
				"west": { "uv": [ 0, 0, 2, 2 ], "texture": "#1", "cullface": "up" },
				"east": { "uv": [ 0, 0, 2, 2 ], "texture": "#1", "cullface": "up" }
			}
		},
		{
			"from": [ 7, 30, 10 ],
			"to": [ 9, 32, 12 ],
			"faces": {
				"down": { "uv": [ 0, 0, 2, 2 ], "texture": "#1", "cullface": "up" },
				"up": { "uv": [ 0, 0, 2, 2 ], "texture": "#1", "cullface": "up" },
				"north": { "uv": [ 0, 0, 2, 2 ], "texture": "#1", "cullface": "up" },
				"south": { "uv": [ 0, 0, 2, 2 ], "texture": "#1", "cullface": "up" },
				"west": { "uv": [ 0, 0, 2, 2 ], "texture": "#1", "cullface": "up" },
				"east": { "uv": [ 0, 0, 2, 2 ], "texture": "#1", "cullface": "up" }
			}
		},
		{
			"from": [ 7, 14, 10 ],
			"to": [ 9, 16, 12 ],
			"faces": {
				"down": { "uv": [ 0, 0, 2, 2 ], "texture": "#1" },
				"up": { "uv": [ 0, 0, 2, 2 ], "texture": "#1", "cullface": "up" },
				"north": { "uv": [ 0, 0, 2, 2 ], "texture": "#1" },
				"south": { "uv": [ 0, 0, 2, 2 ], "texture": "#1" },
				"west": { "uv": [ 0, 0, 2, 2 ], "texture": "#1" },
				"east": { "uv": [ 0, 0, 2, 2 ], "texture": "#1" }
			}
		},
		{
			"from": [ 13, 16, 10 ],
			"to": [ 15, 18, 12 ],
			"faces": {
				"down": { "uv": [ 0, 0, 2, 2 ], "texture": "#1", "cullface": "up" },
				"up": { "uv": [ 0, 0, 2, 2 ], "texture": "#1", "cullface": "up" },
				"north": { "uv": [ 0, 0, 2, 2 ], "texture": "#1", "cullface": "up" },
				"south": { "uv": [ 0, 0, 2, 2 ], "texture": "#1", "cullface": "up" },
				"west": { "uv": [ 0, 0, 2, 2 ], "texture": "#1", "cullface": "up" },
				"east": { "uv": [ 0, 0, 2, 2 ], "texture": "#1", "cullface": "up" }
			}
		},
		{
			"from": [ 13, 28, 10 ],
			"to": [ 15, 30, 12 ],
			"faces": {
				"down": { "uv": [ 0, 0, 2, 2 ], "texture": "#1", "cullface": "up" },
				"up": { "uv": [ 0, 0, 2, 2 ], "texture": "#1", "cullface": "up" },
				"north": { "uv": [ 0, 0, 2, 2 ], "texture": "#1", "cullface": "up" },
				"south": { "uv": [ 0, 0, 2, 2 ], "texture": "#1", "cullface": "up" },
				"west": { "uv": [ 0, 0, 2, 2 ], "texture": "#1", "cullface": "up" },
				"east": { "uv": [ 0, 0, 2, 2 ], "texture": "#1", "cullface": "up" }
			}
		},
		{
			"from": [ 1, 28, 10 ],
			"to": [ 3, 30, 12 ],
			"faces": {
				"down": { "uv": [ 0, 0, 2, 2 ], "texture": "#1", "cullface": "up" },
				"up": { "uv": [ 0, 0, 2, 2 ], "texture": "#1", "cullface": "up" },
				"north": { "uv": [ 0, 0, 2, 2 ], "texture": "#1", "cullface": "up" },
				"south": { "uv": [ 0, 0, 2, 2 ], "texture": "#1", "cullface": "up" },
				"west": { "uv": [ 0, 0, 2, 2 ], "texture": "#1", "cullface": "up" },
				"east": { "uv": [ 0, 0, 2, 2 ], "texture": "#1", "cullface": "up" }
			}
		},
		{
			"from": [ 1, 16, 10 ],
			"to": [ 3, 18, 12 ],
			"faces": {
				"down": { "uv": [ 0, 0, 2, 2 ], "texture": "#1", "cullface": "up" },
				"up": { "uv": [ 0, 0, 2, 2 ], "texture": "#1", "cullface": "up" },
				"north": { "uv": [ 0, 0, 2, 2 ], "texture": "#1", "cullface": "up" },
				"south": { "uv": [ 0, 0, 2, 2 ], "texture": "#1", "cullface": "up" },
				"west": { "uv": [ 0, 0, 2, 2 ], "texture": "#1", "cullface": "up" },
				"east": { "uv": [ 0, 0, 2, 2 ], "texture": "#1", "cullface": "up" }
			}
		},
		{
			"from": [ 12.5, 18, 10.5 ],
			"to": [ 13.5, 19, 11.5 ],
			"faces": {
				"down": { "uv": [ 0, 0, 1, 1 ], "texture": "#1", "cullface": "up" },
				"up": { "uv": [ 0, 0, 1, 1 ], "texture": "#1", "cullface": "up" },
				"north": { "uv": [ 0, 0, 1, 1 ], "texture": "#1", "cullface": "up" },
				"south": { "uv": [ 0, 0, 1, 1 ], "texture": "#1", "cullface": "up" },
				"west": { "uv": [ 0, 0, 1, 1 ], "texture": "#1", "cullface": "up" },
				"east": { "uv": [ 0, 0, 1, 1 ], "texture": "#1", "cullface": "up" }
			}
		},
		{
			"from": [ 12.5, 27, 10.5 ],
			"to": [ 13.5, 28, 11.5 ],
			"faces": {
				"down": { "uv": [ 0, 0, 1, 1 ], "texture": "#1", "cullface": "up" },
				"up": { "uv": [ 0, 0, 1, 1 ], "texture": "#1", "cullface": "up" },
				"north": { "uv": [ 0, 0, 1, 1 ], "texture": "#1", "cullface": "up" },
				"south": { "uv": [ 0, 0, 1, 1 ], "texture": "#1", "cullface": "up" },
				"west": { "uv": [ 0, 0, 1, 1 ], "texture": "#1", "cullface": "up" },
				"east": { "uv": [ 0, 0, 1, 1 ], "texture": "#1", "cullface": "up" }
			}
		},
		{
			"from": [ 2.5, 27, 10.5 ],
			"to": [ 3.5, 28, 11.5 ],
			"faces": {
				"down": { "uv": [ 0, 0, 1, 1 ], "texture": "#1", "cullface": "up" },
				"up": { "uv": [ 0, 0, 1, 1 ], "texture": "#1", "cullface": "up" },
				"north": { "uv": [ 0, 0, 1, 1 ], "texture": "#1", "cullface": "up" },
				"south": { "uv": [ 0, 0, 1, 1 ], "texture": "#1", "cullface": "up" },
				"west": { "uv": [ 0, 0, 1, 1 ], "texture": "#1", "cullface": "up" },
				"east": { "uv": [ 0, 0, 1, 1 ], "texture": "#1", "cullface": "up" }
			}
		},
		{
			"from": [ 2.5, 18, 10.5 ],
			"to": [ 3.5, 19, 11.5 ],
			"faces": {
				"down": { "uv": [ 0, 0, 1, 1 ], "texture": "#1", "cullface": "up" },
				"up": { "uv": [ 0, 0, 1, 1 ], "texture": "#1", "cullface": "up" },
				"north": { "uv": [ 0, 0, 1, 1 ], "texture": "#1", "cullface": "up" },
				"south": { "uv": [ 0, 0, 1, 1 ], "texture": "#1", "cullface": "up" },
				"west": { "uv": [ 0, 0, 1, 1 ], "texture": "#1", "cullface": "up" },
				"east": { "uv": [ 0, 0, 1, 1 ], "texture": "#1", "cullface": "up" }
			}
		},
		{
			"from": [ 8.5, 19.5, 10.5 ],
			"to": [ 10.5, 20.5, 11.5 ],
			"faces": {
				"down": { "uv": [ 0, 0, 2, 1 ], "texture": "#1", "cullface": "up" },
				"up": { "uv": [ 0, 0, 2, 1 ], "texture": "#1", "cullface": "up" },
				"north": { "uv": [ 0, 0, 2, 1 ], "texture": "#1", "cullface": "up" },
				"south": { "uv": [ 0, 0, 2, 1 ], "texture": "#1", "cullface": "up" },
				"east": { "uv": [ 0, 0, 1, 1 ], "texture": "#1", "cullface": "up" }
			}
		},
		{
			"from": [ 10.5, 20.5, 10.5 ],
			"to": [ 11.5, 22.5, 11.5 ],
			"faces": {
				"down": { "uv": [ 0, 0, 1, 1 ], "texture": "#1", "cullface": "up" },
				"north": { "uv": [ 0, 0, 1, 2 ], "texture": "#1", "cullface": "up" },
				"south": { "uv": [ 0, 0, 1, 2 ], "texture": "#1", "cullface": "up" },
				"west": { "uv": [ 0, 0, 1, 2 ], "texture": "#1", "cullface": "up" },
				"east": { "uv": [ 0, 0, 1, 2 ], "texture": "#1", "cullface": "up" }
			}
		},
		{
			"from": [ 10.5, 23.5, 10.5 ],
			"to": [ 11.5, 25.5, 11.5 ],
			"faces": {
				"up": { "uv": [ 0, 0, 1, 1 ], "texture": "#1", "cullface": "up" },
				"north": { "uv": [ 0, 0, 1, 2 ], "texture": "#1", "cullface": "up" },
				"south": { "uv": [ 0, 0, 1, 2 ], "texture": "#1", "cullface": "up" },
				"west": { "uv": [ 0, 0, 1, 2 ], "texture": "#1", "cullface": "up" },
				"east": { "uv": [ 0, 0, 1, 2 ], "texture": "#1", "cullface": "up" }
			}
		},
		{
			"from": [ 4.5, 23.5, 10.5 ],
			"to": [ 5.5, 25.5, 11.5 ],
			"faces": {
				"up": { "uv": [ 0, 0, 1, 1 ], "texture": "#1", "cullface": "up" },
				"north": { "uv": [ 0, 0, 1, 2 ], "texture": "#1", "cullface": "up" },
				"south": { "uv": [ 0, 0, 1, 2 ], "texture": "#1", "cullface": "up" },
				"west": { "uv": [ 0, 0, 1, 2 ], "texture": "#1", "cullface": "up" },
				"east": { "uv": [ 0, 0, 1, 2 ], "texture": "#1", "cullface": "up" }
			}
		},
		{
			"from": [ 4.5, 20.5, 10.5 ],
			"to": [ 5.5, 22.5, 11.5 ],
			"faces": {
				"down": { "uv": [ 0, 0, 1, 1 ], "texture": "#1", "cullface": "up" },
				"north": { "uv": [ 0, 0, 1, 2 ], "texture": "#1", "cullface": "up" },
				"south": { "uv": [ 0, 0, 1, 2 ], "texture": "#1", "cullface": "up" },
				"west": { "uv": [ 0, 0, 1, 2 ], "texture": "#1", "cullface": "up" },
				"east": { "uv": [ 0, 0, 1, 2 ], "texture": "#1", "cullface": "up" }
			}
		},
		{
			"from": [ 5.5, 19.5, 10.5 ],
			"to": [ 7.5, 20.5, 11.5 ],
			"faces": {
				"down": { "uv": [ 0, 0, 2, 1 ], "texture": "#1", "cullface": "up" },
				"up": { "uv": [ 0, 0, 2, 1 ], "texture": "#1", "cullface": "up" },
				"north": { "uv": [ 0, 0, 2, 1 ], "texture": "#1", "cullface": "up" },
				"south": { "uv": [ 0, 0, 2, 1 ], "texture": "#1", "cullface": "up" },
				"west": { "uv": [ 0, 0, 1, 1 ], "texture": "#1", "cullface": "up" }
			}
		},
		{
			"from": [ 5.5, 25.5, 10.5 ],
			"to": [ 7.5, 26.5, 11.5 ],
			"faces": {
				"down": { "uv": [ 0, 0, 2, 1 ], "texture": "#1", "cullface": "up" },
				"up": { "uv": [ 0, 0, 2, 1 ], "texture": "#1", "cullface": "up" },
				"north": { "uv": [ 0, 0, 2, 1 ], "texture": "#1", "cullface": "up" },
				"south": { "uv": [ 0, 0, 2, 1 ], "texture": "#1", "cullface": "up" },
				"west": { "uv": [ 0, 0, 1, 1 ], "texture": "#1", "cullface": "up" }
			}
		},
		{
			"from": [ 8.5, 25.5, 10.5 ],
			"to": [ 10.5, 26.5, 11.5 ],
			"faces": {
				"down": { "uv": [ 0, 0, 2, 1 ], "texture": "#1", "cullface": "up" },
				"up": { "uv": [ 0, 0, 2, 1 ], "texture": "#1", "cullface": "up" },
				"north": { "uv": [ 0, 0, 2, 1 ], "texture": "#1", "cullface": "up" },
				"south": { "uv": [ 0, 0, 2, 1 ], "texture": "#1", "cullface": "up" },
				"east": { "uv": [ 0, 0, 1, 1 ], "texture": "#1", "cullface": "up" }
			}
		}
	]
}