{
	"__comment": "Model generated using MrCrayfish's Model Creator (http://mrcrayfish.com/modelcreator/)",
	"textures": {
		"0": "#item",
		"1": "blocks/planks_oak",
		"particle": "blocks/planks_oak"
	},
	"elements": [ 	 
		{
			"from": [ 1, 13, 1 ],
			"to": [ 4, 14, 5 ],
			"faces": {
				"down": { "uv": [ 0, 0, 12, 16 ], "texture": "#0" },
				"up": { "uv": [ 0, 0, 12, 16 ], "texture": "#0" },
				"south": { "uv": [ 0, 0, 12, 4 ], "texture": "#0" }
			}
		},
		{
			"from": [ 4, 13, 1 ],
			"to": [ 7, 14, 5 ],
			"faces": {
				"down": { "uv": [ 0, 0, 12, 16 ], "texture": "#0" },
				"up": { "uv": [ 0, 0, 12, 16 ], "texture": "#0", "rotation": 90 },
				"south": { "uv": [ 0, 0, 12, 4 ], "texture": "#0" },
				"east": { "uv": [ 0, 0, 16, 4 ], "texture": "#0" }
			}
		},
		{
			"from": [ 7, 12, 1 ],
			"to": [ 10, 13, 5 ],
			"faces": {
				"down": { "uv": [ 0, 0, 12, 16 ], "texture": "#0" },
				"up": { "uv": [ 0, 0, 12, 16 ], "texture": "#0", "rotation": 180 },
				"south": { "uv": [ 0, 0, 12, 4 ], "texture": "#0" },
				"west": { "uv": [ 0, 0, 16, 4 ], "texture": "#0" },
				"east": { "uv": [ 0, 0, 16, 4 ], "texture": "#0" }
			}
		},
		{
			"from": [ 10, 11, 1 ],
			"to": [ 13, 12, 5 ],
			"faces": {
				"down": { "uv": [ 0, 0, 12, 16 ], "texture": "#0" },
				"up": { "uv": [ 0, 0, 12, 16 ], "texture": "#0" },
				"south": { "uv": [ 0, 0, 12, 4 ], "texture": "#0" },
				"west": { "uv": [ 0, 0, 16, 4 ], "texture": "#0" },
				"east": { "uv": [ 0, 0, 16, 4 ], "texture": "#0" }
			}
		},
		{
			"from": [ 12, 12, 1 ],
			"to": [ 15, 13, 5 ],
			"faces": {
				"down": { "uv": [ 0, 0, 12, 16 ], "texture": "#0" },
				"up": { "uv": [ 0, 0, 12, 16 ], "texture": "#0", "rotation": 90 },
				"south": { "uv": [ 0, 0, 12, 4 ], "texture": "#0" },
				"west": { "uv": [ 0, 0, 16, 4 ], "texture": "#0" }
			}
		},
		{
			"from": [ 12, 13, 5 ],
			"to": [ 15, 14, 9 ],
			"faces": {
				"down": { "uv": [ 0, 0, 12, 16 ], "texture": "#0" },
				"up": { "uv": [ 0, 0, 12, 16 ], "texture": "#0" },
				"north": { "uv": [ 0, 0, 12, 4 ], "texture": "#0" },
				"south": { "uv": [ 0, 0, 12, 4 ], "texture": "#0" },
				"west": { "uv": [ 0, 0, 16, 4 ], "texture": "#0" }
			}
		},
		{
			"from": [ 11, 12, 5 ],
			"to": [ 14, 13, 9 ],
			"faces": {
				"down": { "uv": [ 0, 0, 12, 16 ], "texture": "#0" },
				"up": { "uv": [ 0, 0, 12, 16 ], "texture": "#0", "rotation": 90 },
				"north": { "uv": [ 0, 0, 12, 4 ], "texture": "#0" },
				"south": { "uv": [ 0, 0, 12, 4 ], "texture": "#0" },
				"west": { "uv": [ 0, 0, 16, 4 ], "texture": "#0" },
				"east": { "uv": [ 0, 0, 16, 4 ], "texture": "#0" }
			}
		},
		{
			"from": [ 9, 11, 5 ],
			"to": [ 12, 12, 9 ],
			"faces": {
				"down": { "uv": [ 0, 0, 12, 16 ], "texture": "#0" },
				"up": { "uv": [ 0, 0, 12, 16 ], "texture": "#0", "rotation": 270 },
				"north": { "uv": [ 0, 0, 12, 4 ], "texture": "#0" },
				"south": { "uv": [ 0, 0, 12, 4 ], "texture": "#0" },
				"west": { "uv": [ 0, 0, 12, 4 ], "texture": "#0" },
				"east": { "uv": [ 0, 0, 16, 4 ], "texture": "#0" }
			}
		},
		{
			"from": [ 6, 12, 5 ],
			"to": [ 9, 13, 9 ],
			"faces": {
				"down": { "uv": [ 0, 0, 12, 16 ], "texture": "#0" },
				"up": { "uv": [ 0, 0, 12, 16 ], "texture": "#0" },
				"north": { "uv": [ 0, 0, 12, 4 ], "texture": "#0" },
				"south": { "uv": [ 0, 0, 12, 4 ], "texture": "#0" },
				"east": { "uv": [ 0, 0, 16, 4 ], "texture": "#0" }
			}
		},
		{
			"from": [ 3, 12, 5 ],
			"to": [ 6, 13, 9 ],
			"faces": {
				"down": { "uv": [ 0, 0, 12, 16 ], "texture": "#0" },
				"up": { "uv": [ 0, 0, 12, 16 ], "texture": "#0", "rotation": 180 },
				"north": { "uv": [ 0, 0, 12, 4 ], "texture": "#0" },
				"south": { "uv": [ 0, 0, 12, 4 ], "texture": "#0" },
				"west": { "uv": [ 0, 0, 16, 4 ], "texture": "#0" }
			}
		},
		{
			"from": [ 1, 11, 5 ],
			"to": [ 4, 12, 9 ],
			"faces": {
				"down": { "uv": [ 0, 0, 12, 16 ], "texture": "#0" },
				"up": { "uv": [ 0, 0, 12, 16 ], "texture": "#0" },
				"north": { "uv": [ 0, 0, 12, 4 ], "texture": "#0" },
				"south": { "uv": [ 0, 0, 12, 4 ], "texture": "#0" },
				"east": { "uv": [ 0, 0, 16, 4 ], "texture": "#0" }
			}
		},
		{
			"from": [ 1, 13, 11 ],
			"to": [ 4, 14, 15 ],
			"faces": {
				"down": { "uv": [ 0, 0, 12, 16 ], "texture": "#0" },
				"up": { "uv": [ 0, 0, 12, 16 ], "texture": "#0" },
				"north": { "uv": [ 0, 0, 12, 4 ], "texture": "#0" },
				"east": { "uv": [ 0, 0, 16, 4 ], "texture": "#0" }
			}
		},
		{
			"from": [ 4, 12, 11 ],
			"to": [ 7, 13, 15 ],
			"faces": {
				"down": { "uv": [ 0, 0, 12, 16 ], "texture": "#0" },
				"up": { "uv": [ 0, 0, 12, 16 ], "texture": "#0", "rotation": 180 },
				"north": { "uv": [ 0, 0, 12, 4 ], "texture": "#0" },
				"west": { "uv": [ 0, 0, 16, 4 ], "texture": "#0" },
				"east": { "uv": [ 0, 0, 16, 4 ], "texture": "#0" }
			}
		},
		{
			"from": [ 5, 11, 11 ],
			"to": [ 8, 12, 15 ],
			"faces": {
				"down": { "uv": [ 0, 0, 12, 16 ], "texture": "#0" },
				"up": { "uv": [ 0, 0, 12, 16 ], "texture": "#0" },
				"north": { "uv": [ 0, 0, 12, 4 ], "texture": "#0" },
				"west": { "uv": [ 0, 0, 16, 4 ], "texture": "#0" },
				"east": { "uv": [ 0, 0, 16, 4 ], "texture": "#0" }
			}
		},
		{
			"from": [ 8, 10, 11 ],
			"to": [ 11, 11, 15 ],
			"faces": {
				"down": { "uv": [ 0, 0, 12, 16 ], "texture": "#0" },
				"up": { "uv": [ 0, 0, 12, 16 ], "texture": "#0" },
				"north": { "uv": [ 0, 0, 12, 4 ], "texture": "#0" },
				"west": { "uv": [ 0, 0, 16, 4 ], "texture": "#0" },
				"east": { "uv": [ 0, 0, 16, 4 ], "texture": "#0" }
			}
		},
		{
			"from": [ 10, 11, 11 ],
			"to": [ 13, 12, 15 ],
			"faces": {
				"down": { "uv": [ 0, 0, 12, 16 ], "texture": "#0" },
				"up": { "uv": [ 0, 0, 12, 16 ], "texture": "#0", "rotation": 270 },
				"north": { "uv": [ 0, 0, 12, 4 ], "texture": "#0" },
				"west": { "uv": [ 0, 0, 16, 4 ], "texture": "#0" },
				"east": { "uv": [ 0, 0, 16, 4 ], "texture": "#0" }
			}
		},
		{
			"from": [ 13, 12, 11 ],
			"to": [ 15, 13, 15 ],
			"faces": {
				"down": { "uv": [ 0, 0, 4, 16 ], "texture": "#0" },
				"up": { "uv": [ 0, 0, 8, 16 ], "texture": "#0" },
				"north": { "uv": [ 0, 0, 8, 4 ], "texture": "#0" },
				"west": { "uv": [ 0, 0, 16, 4 ], "texture": "#0" }
			}
		},
		{
			"from": [ 1, 12, 9 ],
			"to": [ 3, 13, 13 ],
			"faces": {
				"down": { "uv": [ 0, 0, 8, 16 ], "texture": "#0" },
				"up": { "uv": [ 0, 0, 8, 16 ], "texture": "#0" },
				"north": { "uv": [ 0, 0, 8, 4 ], "texture": "#0" },
				"south": { "uv": [ 0, 0, 8, 4 ], "texture": "#0" },
				"east": { "uv": [ 0, 0, 8, 4 ], "texture": "#0" }
			}
		},
		{
			"from": [ 1, 12, 2 ],
			"to": [ 3, 13, 6 ],
			"faces": {
				"down": { "uv": [ 0, 0, 8, 16 ], "texture": "#0" },
				"up": { "uv": [ 0, 0, 8, 16 ], "texture": "#0", "rotation": 270 },
				"north": { "uv": [ 0, 0, 8, 4 ], "texture": "#0" },
				"south": { "uv": [ 0, 0, 8, 4 ], "texture": "#0" },
				"east": { "uv": [ 0, 0, 16, 4 ], "texture": "#0" }
			}
		},
		{
			"from": [ 3, 11, 8 ],
			"to": [ 6, 12, 12 ],
			"faces": {
				"down": { "uv": [ 0, 0, 12, 16 ], "texture": "#0" },
				"up": { "uv": [ 0, 0, 12, 16 ], "texture": "#0" },
				"north": { "uv": [ 0, 0, 12, 4 ], "texture": "#0" },
				"south": { "uv": [ 0, 0, 12, 4 ], "texture": "#0" },
				"west": { "uv": [ 0, 0, 16, 4 ], "texture": "#0" },
				"east": { "uv": [ 0, 0, 16, 4 ], "texture": "#0" }
			}
		},
		{
			"from": [ 10, 10, 7 ],
			"to": [ 13, 11, 11 ],
			"faces": {
				"down": { "uv": [ 0, 0, 12, 16 ], "texture": "#0" },
				"up": { "uv": [ 0, 0, 12, 16 ], "texture": "#0" },
				"north": { "uv": [ 0, 0, 12, 4 ], "texture": "#0" },
				"south": { "uv": [ 0, 0, 12, 4 ], "texture": "#0" },
				"west": { "uv": [ 0, 0, 16, 4 ], "texture": "#0" },
				"east": { "uv": [ 0, 0, 16, 4 ], "texture": "#0" }
			}
		},
		{
			"from": [ 12, 11, 7 ],
			"to": [ 15, 12, 11 ],
			"faces": {
				"down": { "uv": [ 0, 0, 12, 16 ], "texture": "#0" },
				"up": { "uv": [ 0, 0, 12, 16 ], "texture": "#0", "rotation": 180 },
				"north": { "uv": [ 0, 0, 12, 4 ], "texture": "#0" },
				"south": { "uv": [ 0, 0, 12, 4 ], "texture": "#0" },
				"west": { "uv": [ 0, 0, 16, 4 ], "texture": "#0" }
			}
		},
		{
			"from": [ 7, 10.5, 8 ],
			"to": [ 10, 11.5, 12 ],
			"faces": {
				"down": { "uv": [ 0, 0, 12, 16 ], "texture": "#0" },
				"up": { "uv": [ 0, 0, 12, 16 ], "texture": "#0", "rotation": 180 },
				"north": { "uv": [ 0, 0, 12, 4 ], "texture": "#0" },
				"south": { "uv": [ 0, 0, 12, 4 ], "texture": "#0" },
				"west": { "uv": [ 0, 0, 16, 4 ], "texture": "#0" },
				"east": { "uv": [ 0, 0, 16, 4 ], "texture": "#0" }
			}
		},
		{
			"from": [ 5, 10, 8 ],
			"to": [ 8, 11, 12 ],
			"faces": {
				"down": { "uv": [ 0, 0, 12, 16 ], "texture": "#0" },
				"up": { "uv": [ 0, 0, 12, 16 ], "texture": "#0" },
				"north": { "uv": [ 0, 0, 12, 4 ], "texture": "#0" },
				"south": { "uv": [ 0, 0, 12, 4 ], "texture": "#0" },
				"west": { "uv": [ 0, 0, 16, 4 ], "texture": "#0" },
				"east": { "uv": [ 0, 0, 16, 4 ], "texture": "#0" }
			}
		},
		{
			"from": [ 0, 0, 0 ],
			"to": [ 16, 16, 1 ],
			"faces": {
				"down": { "uv": [ 0, 0, 16, 1 ], "texture": "#1", "cullface": "down" },
				"up": { "uv": [ 0, 0, 16, 1 ], "texture": "#1", "cullface": "up" },
				"north": { "uv": [ 0, 0, 16, 16 ], "texture": "#1", "cullface": "north" },
				"south": { "uv": [ 0, 0, 16, 16 ], "texture": "#1" },
				"west": { "uv": [ 0, 0, 1, 16 ], "texture": "#1", "cullface": "west" },
				"east": { "uv": [ 0, 0, 1, 16 ], "texture": "#1", "cullface": "east" }
			}
		},
		{
			"from": [ 0, 0, 15 ],
			"to": [ 16, 16, 16 ],
			"faces": {
				"down": { "uv": [ 0, 0, 16, 1 ], "texture": "#1", "cullface": "down" },
				"up": { "uv": [ 0, 0, 16, 1 ], "texture": "#1", "cullface": "up" },
				"north": { "uv": [ 0, 0, 16, 16 ], "texture": "#1" },
				"south": { "uv": [ 0, 0, 16, 16 ], "texture": "#1", "cullface": "south" },
				"west": { "uv": [ 0, 0, 1, 16 ], "texture": "#1", "cullface": "west" },
				"east": { "uv": [ 0, 0, 1, 16 ], "texture": "#1", "cullface": "east" }
			}
		},
		{
			"from": [ 0, 0, 1 ],
			"to": [ 1, 16, 15 ],
			"faces": {
				"down": { "uv": [ 0, 0, 1, 14 ], "texture": "#1", "cullface": "down" },
				"up": { "uv": [ 0, 0, 1, 14 ], "texture": "#1", "cullface": "up" },
				"west": { "uv": [ 0, 0, 14, 16 ], "texture": "#1", "cullface": "west" },
				"east": { "uv": [ 0, 0, 14, 16 ], "texture": "#1" }
			}
		},
		{
			"from": [ 15, 0, 1 ],
			"to": [ 16, 16, 15 ],
			"faces": {
				"down": { "uv": [ 0, 0, 1, 14 ], "texture": "#1", "cullface": "down" },
				"up": { "uv": [ 0, 0, 1, 14 ], "texture": "#1", "cullface": "up" },
				"west": { "uv": [ 0, 0, 14, 16 ], "texture": "#1" },
				"east": { "uv": [ 0, 0, 14, 16 ], "texture": "#1", "cullface": "east" }
			}
		},
		{
			"from": [ 1, 1, 1 ],
			"to": [ 15, 2, 15 ],
			"faces": {
				"down": { "uv": [ 0, 0, 14, 14 ], "texture": "#1" },
				"up": { "uv": [ 0, 0, 14, 14 ], "texture": "#1" }
			}
		}
	]
}