{
	"__comment": "Model generated using MrCrayfish's Model Creator (http://mrcrayfish.com/modelcreator/)",
	"textures": {
		"0": "blocks/planks_oak",
		"1": "blocks/planks_spruce",
		"particle": "blocks/planks_spruce"
	},
	"elements": [ 	 
		{
			"from": [ 0, 0, 0 ],
			"to": [ 1, 1, 16 ],
			"shade": false,
			"faces": {
				"down": { "uv": [ 0, 0, 1, 16 ], "texture": "#0", "cullface": "down" },
				"up": { "uv": [ 0, 0, 1, 16 ], "texture": "#0" },
				"north": { "uv": [ 0, 0, 1, 1 ], "texture": "#0", "cullface": "north" },
				"south": { "uv": [ 0, 0, 1, 1 ], "texture": "#0", "cullface": "south" },
				"west": { "uv": [ 0, 0, 16, 1 ], "texture": "#0", "cullface": "west" },
				"east": { "uv": [ 0, 0, 16, 1 ], "texture": "#0" }
			}
		},
		{
			"from": [ 15, 0, 0 ],
			"to": [ 16, 1, 16 ],
			"shade": false,
			"faces": {
				"down": { "uv": [ 0, 0, 1, 16 ], "texture": "#0", "cullface": "down" },
				"up": { "uv": [ 0, 0, 1, 16 ], "texture": "#0" },
				"north": { "uv": [ 0, 0, 1, 1 ], "texture": "#0", "cullface": "north" },
				"south": { "uv": [ 0, 0, 1, 1 ], "texture": "#0", "cullface": "south" },
				"west": { "uv": [ 0, 0, 16, 1 ], "texture": "#0" },
				"east": { "uv": [ 0, 0, 16, 1 ], "texture": "#0", "cullface": "east" }
			}
		},
		{
			"from": [ 1, 0, 0 ],
			"to": [ 15, 1, 1 ],
			"shade": false,
			"faces": {
				"down": { "uv": [ 0, 0, 14, 1 ], "texture": "#0", "cullface": "down" },
				"up": { "uv": [ 0, 0, 14, 1 ], "texture": "#0" },
				"north": { "uv": [ 0, 0, 14, 1 ], "texture": "#0", "cullface": "north" },
				"south": { "uv": [ 0, 0, 14, 1 ], "texture": "#0" }
			}
		},
		{
			"from": [ 1, 0, 15 ],
			"to": [ 15, 1, 16 ],
			"shade": false,
			"faces": {
				"down": { "uv": [ 0, 0, 14, 1 ], "texture": "#0", "cullface": "down" },
				"up": { "uv": [ 0, 0, 14, 1 ], "texture": "#0" },
				"north": { "uv": [ 0, 0, 14, 1 ], "texture": "#0" },
				"south": { "uv": [ 0, 0, 14, 1 ], "texture": "#0", "cullface": "south" }
			}
		},
		{
			"from": [ 1, 0.5, 15 ],
			"to": [ 11, 1.5, 16 ],
			"rotation": { "origin": [ 0.5, 8, 15.5 ], "axis": "y", "angle": 45 },
			"shade": false,
			"faces": {
				"down": { "uv": [ 0, 0, 10, 1 ], "texture": "#0" },
				"up": { "uv": [ 0, 0, 10, 1 ], "texture": "#0" },
				"north": { "uv": [ 0, 0, 10, 1 ], "texture": "#0" },
				"south": { "uv": [ 0, 0, 10, 1 ], "texture": "#0" },
				"west": { "uv": [ 0, 0, 1, 1 ], "texture": "#0" },
				"east": { "uv": [ 0, 0, 1, 1 ], "texture": "#0" }
			}
		},
		{
			"from": [ 11, 0.5, 15 ],
			"to": [ 21, 1.5, 16 ],
			"rotation": { "origin": [ 0.5, 8, 15.5 ], "axis": "y", "angle": 45 },
			"shade": false,
			"faces": {
				"down": { "uv": [ 0, 0, 10, 1 ], "texture": "#0" },
				"up": { "uv": [ 0, 0, 10, 1 ], "texture": "#0" },
				"north": { "uv": [ 0, 0, 10, 1 ], "texture": "#0" },
				"south": { "uv": [ 0, 0, 10, 1 ], "texture": "#0" },
				"west": { "uv": [ 0, 0, 1, 1 ], "texture": "#0" },
				"east": { "uv": [ 0, 0, 1, 1 ], "texture": "#0" }
			}
		},
		{
			"from": [ 5, 0.5, 15 ],
			"to": [ 15, 1.5, 16 ],
			"rotation": { "origin": [ 15.5, 8, 15.5 ], "axis": "y", "angle": -45 },
			"shade": false,
			"faces": {
				"down": { "uv": [ 0, 0, 10, 1 ], "texture": "#0" },
				"up": { "uv": [ 0, 0, 10, 1 ], "texture": "#0" },
				"north": { "uv": [ 0, 0, 10, 1 ], "texture": "#0" },
				"south": { "uv": [ 0, 0, 10, 1 ], "texture": "#0" },
				"west": { "uv": [ 0, 0, 1, 1 ], "texture": "#0" },
				"east": { "uv": [ 0, 0, 1, 1 ], "texture": "#0" }
			}
		},
		{
			"from": [ -5, 0.5, 15 ],
			"to": [ 5, 1.5, 16 ],
			"rotation": { "origin": [ 15.5, 8, 15.5 ], "axis": "y", "angle": -45 },
			"shade": false,
			"faces": {
				"down": { "uv": [ 0, 0, 10, 1 ], "texture": "#0" },
				"up": { "uv": [ 0, 0, 10, 1 ], "texture": "#0" },
				"north": { "uv": [ 0, 0, 10, 1 ], "texture": "#0" },
				"south": { "uv": [ 0, 0, 10, 1 ], "texture": "#0" },
				"west": { "uv": [ 0, 0, 1, 1 ], "texture": "#0" },
				"east": { "uv": [ 0, 0, 1, 1 ], "texture": "#0" }
			}
		},
		{
			"from": [ 7, 0, 7 ],
			"to": [ 9, 1, 9 ],
			"faces": {
				"down": { "uv": [ 0, 0, 2, 2 ], "texture": "#0", "cullface": "down" },
				"north": { "uv": [ 0, 0, 2, 1 ], "texture": "#0" },
				"south": { "uv": [ 0, 0, 2, 1 ], "texture": "#0" },
				"west": { "uv": [ 0, 0, 2, 1 ], "texture": "#0" },
				"east": { "uv": [ 0, 0, 2, 1 ], "texture": "#0" }
			}
		},
		{
			"from": [ 1, 1, 1 ],
			"to": [ 15, 15, 15 ],
			"faces": {
				"down": { "uv": [ 0, 0, 14, 14 ], "texture": "#1" },
				"up": { "uv": [ 0, 0, 14, 14 ], "texture": "#1" },
				"north": { "uv": [ 0, 0, 14, 14 ], "texture": "#1" },
				"south": { "uv": [ 0, 0, 14, 14 ], "texture": "#1" },
				"west": { "uv": [ 0, 0, 14, 14 ], "texture": "#1" },
				"east": { "uv": [ 0, 0, 14, 14 ], "texture": "#1" }
			}
		},
		{
			"from": [ 0, 15, 0 ],
			"to": [ 1, 16, 16 ],
			"shade": false,
			"faces": {
				"down": { "uv": [ 0, 0, 1, 16 ], "texture": "#0" },
				"up": { "uv": [ 0, 0, 1, 16 ], "texture": "#0", "cullface": "up" },
				"north": { "uv": [ 0, 0, 1, 1 ], "texture": "#0", "cullface": "north" },
				"south": { "uv": [ 0, 0, 1, 1 ], "texture": "#0", "cullface": "south" },
				"west": { "uv": [ 0, 0, 16, 1 ], "texture": "#0", "cullface": "west" },
				"east": { "uv": [ 0, 0, 16, 1 ], "texture": "#0" }
			}
		},
		{
			"from": [ 15, 15, 0 ],
			"to": [ 16, 16, 16 ],
			"shade": false,
			"faces": {
				"down": { "uv": [ 0, 0, 1, 16 ], "texture": "#0" },
				"up": { "uv": [ 0, 0, 1, 16 ], "texture": "#0", "cullface": "up" },
				"north": { "uv": [ 0, 0, 1, 1 ], "texture": "#0", "cullface": "north" },
				"south": { "uv": [ 0, 0, 1, 1 ], "texture": "#0", "cullface": "south" },
				"west": { "uv": [ 0, 0, 16, 1 ], "texture": "#0" },
				"east": { "uv": [ 0, 0, 16, 1 ], "texture": "#0", "cullface": "east" }
			}
		},
		{
			"from": [ 1, 15, 0 ],
			"to": [ 15, 16, 1 ],
			"shade": false,
			"faces": {
				"down": { "uv": [ 0, 0, 14, 1 ], "texture": "#0" },
				"up": { "uv": [ 0, 0, 14, 1 ], "texture": "#0", "cullface": "up" },
				"north": { "uv": [ 0, 0, 14, 1 ], "texture": "#0", "cullface": "north" },
				"south": { "uv": [ 0, 0, 14, 1 ], "texture": "#0" }
			}
		},
		{
			"from": [ 1, 15, 15 ],
			"to": [ 15, 16, 16 ],
			"shade": false,
			"faces": {
				"down": { "uv": [ 0, 0, 14, 1 ], "texture": "#0" },
				"up": { "uv": [ 0, 0, 14, 1 ], "texture": "#0", "cullface": "up" },
				"north": { "uv": [ 0, 0, 14, 1 ], "texture": "#0" },
				"south": { "uv": [ 0, 0, 14, 1 ], "texture": "#0", "cullface": "south" }
			}
		},
		{
			"from": [ 1, 14.5, 15 ],
			"to": [ 11, 15.5, 16 ],
			"rotation": { "origin": [ 0.5, 8, 15.5 ], "axis": "y", "angle": 45 },
			"shade": false,
			"faces": {
				"down": { "uv": [ 0, 0, 10, 1 ], "texture": "#0" },
				"up": { "uv": [ 0, 0, 10, 1 ], "texture": "#0" },
				"north": { "uv": [ 0, 0, 10, 1 ], "texture": "#0" },
				"south": { "uv": [ 0, 0, 10, 1 ], "texture": "#0" },
				"west": { "uv": [ 0, 0, 1, 1 ], "texture": "#0" },
				"east": { "uv": [ 0, 0, 1, 1 ], "texture": "#0" }
			}
		},
		{
			"from": [ 11, 14.5, 15 ],
			"to": [ 21, 15.5, 16 ],
			"rotation": { "origin": [ 0.5, 8, 15.5 ], "axis": "y", "angle": 45 },
			"shade": false,
			"faces": {
				"down": { "uv": [ 0, 0, 10, 1 ], "texture": "#0" },
				"up": { "uv": [ 0, 0, 10, 1 ], "texture": "#0" },
				"north": { "uv": [ 0, 0, 10, 1 ], "texture": "#0" },
				"south": { "uv": [ 0, 0, 10, 1 ], "texture": "#0" },
				"west": { "uv": [ 0, 0, 1, 1 ], "texture": "#0" },
				"east": { "uv": [ 0, 0, 1, 1 ], "texture": "#0" }
			}
		},
		{
			"from": [ 5, 14.5, 15 ],
			"to": [ 15, 15.5, 16 ],
			"rotation": { "origin": [ 15.5, 8, 15.5 ], "axis": "y", "angle": -45 },
			"shade": false,
			"faces": {
				"down": { "uv": [ 0, 0, 10, 1 ], "texture": "#0" },
				"up": { "uv": [ 0, 0, 10, 1 ], "texture": "#0" },
				"north": { "uv": [ 0, 0, 10, 1 ], "texture": "#0" },
				"south": { "uv": [ 0, 0, 10, 1 ], "texture": "#0" },
				"west": { "uv": [ 0, 0, 1, 1 ], "texture": "#0" },
				"east": { "uv": [ 0, 0, 1, 1 ], "texture": "#0" }
			}
		},
		{
			"from": [ -5, 14.5, 15 ],
			"to": [ 5, 15.5, 16 ],
			"rotation": { "origin": [ 15.5, 8, 15.5 ], "axis": "y", "angle": -45 },
			"shade": false,
			"faces": {
				"down": { "uv": [ 0, 0, 10, 1 ], "texture": "#0" },
				"up": { "uv": [ 0, 0, 10, 1 ], "texture": "#0" },
				"north": { "uv": [ 0, 0, 10, 1 ], "texture": "#0" },
				"south": { "uv": [ 0, 0, 10, 1 ], "texture": "#0" },
				"west": { "uv": [ 0, 0, 1, 1 ], "texture": "#0" },
				"east": { "uv": [ 0, 0, 1, 1 ], "texture": "#0" }
			}
		},
		{
			"from": [ 7, 15, 7 ],
			"to": [ 9, 16, 9 ],
			"faces": {
				"up": { "uv": [ 0, 0, 2, 2 ], "texture": "#0", "cullface": "up" },
				"north": { "uv": [ 0, 0, 2, 1 ], "texture": "#0" },
				"south": { "uv": [ 0, 0, 2, 1 ], "texture": "#0" },
				"west": { "uv": [ 0, 0, 2, 1 ], "texture": "#0" },
				"east": { "uv": [ 0, 0, 2, 1 ], "texture": "#0" }
			}
		},
		{
			"from": [ 0, 1, 0 ],
			"to": [ 1, 15, 1 ],
			"faces": {
				"north": { "uv": [ 0, 0, 1, 14 ], "texture": "#0", "cullface": "north" },
				"south": { "uv": [ 0, 0, 1, 14 ], "texture": "#0" },
				"west": { "uv": [ 0, 0, 1, 14 ], "texture": "#0", "cullface": "west" },
				"east": { "uv": [ 0, 0, 1, 14 ], "texture": "#0" }
			}
		},
		{
			"from": [ 15, 1, 0 ],
			"to": [ 16, 15, 1 ],
			"faces": {
				"north": { "uv": [ 0, 0, 1, 14 ], "texture": "#0", "cullface": "north" },
				"south": { "uv": [ 0, 0, 1, 14 ], "texture": "#0" },
				"west": { "uv": [ 0, 0, 1, 14 ], "texture": "#0" },
				"east": { "uv": [ 0, 0, 1, 14 ], "texture": "#0", "cullface": "east" }
			}
		},
		{
			"from": [ 15, 1, 15 ],
			"to": [ 16, 15, 16 ],
			"faces": {
				"north": { "uv": [ 0, 0, 1, 14 ], "texture": "#0" },
				"south": { "uv": [ 0, 0, 1, 14 ], "texture": "#0", "cullface": "south" },
				"west": { "uv": [ 0, 0, 1, 14 ], "texture": "#0" },
				"east": { "uv": [ 0, 0, 1, 14 ], "texture": "#0", "cullface": "east" }
			}
		},
		{
			"from": [ 0, 1, 15 ],
			"to": [ 1, 15, 16 ],
			"faces": {
				"north": { "uv": [ 0, 0, 1, 14 ], "texture": "#0" },
				"south": { "uv": [ 0, 0, 1, 14 ], "texture": "#0", "cullface": "south" },
				"west": { "uv": [ 0, 0, 1, 14 ], "texture": "#0", "cullface": "west" },
				"east": { "uv": [ 0, 0, 1, 14 ], "texture": "#0" }
			}
		},
		{
			"from": [ 1, 1, 0.5 ],
			"to": [ 11, 2, 1.5 ],
			"rotation": { "origin": [ 2, 0.5, 0.5 ], "axis": "z", "angle": 45 },
			"faces": {
				"down": { "uv": [ 0, 0, 10, 1 ], "texture": "#0" },
				"up": { "uv": [ 0, 0, 10, 1 ], "texture": "#0" },
				"north": { "uv": [ 0, 0, 10, 1 ], "texture": "#0" },
				"south": { "uv": [ 0, 0, 10, 1 ], "texture": "#0" },
				"east": { "uv": [ 0, 0, 1, 1 ], "texture": "#0" }
			}
		},
		{
			"from": [ 12, 1, 0.5 ],
			"to": [ 22, 2, 1.5 ],
			"rotation": { "origin": [ 2, 0.5, 0.5 ], "axis": "z", "angle": 45 },
			"faces": {
				"down": { "uv": [ 0, 0, 10, 1 ], "texture": "#0" },
				"up": { "uv": [ 0, 0, 10, 1 ], "texture": "#0" },
				"north": { "uv": [ 0, 0, 10, 1 ], "texture": "#0" },
				"south": { "uv": [ 0, 0, 10, 1 ], "texture": "#0" },
				"west": { "uv": [ 0, 0, 1, 1 ], "texture": "#0" }
			}
		},
		{
			"from": [ 5, 1, 0.5 ],
			"to": [ 15, 2, 1.5 ],
			"rotation": { "origin": [ 14, 0.5, 0.5 ], "axis": "z", "angle": -45 },
			"faces": {
				"down": { "uv": [ 0, 0, 10, 1 ], "texture": "#0" },
				"up": { "uv": [ 0, 0, 10, 1 ], "texture": "#0" },
				"north": { "uv": [ 0, 0, 10, 1 ], "texture": "#0" },
				"south": { "uv": [ 0, 0, 10, 1 ], "texture": "#0" },
				"west": { "uv": [ 0, 0, 1, 1 ], "texture": "#0" }
			}
		},
		{
			"from": [ -6, 1, 0.5 ],
			"to": [ 4, 2, 1.5 ],
			"rotation": { "origin": [ 14, 0.5, 0.5 ], "axis": "z", "angle": -45 },
			"faces": {
				"down": { "uv": [ 0, 0, 10, 1 ], "texture": "#0" },
				"up": { "uv": [ 0, 0, 10, 1 ], "texture": "#0" },
				"north": { "uv": [ 0, 0, 10, 1 ], "texture": "#0" },
				"south": { "uv": [ 0, 0, 10, 1 ], "texture": "#0" },
				"east": { "uv": [ 0, 0, 1, 1 ], "texture": "#0" }
			}
		},
		{
			"from": [ 1, 1, 14.5 ],
			"to": [ 11, 2, 15.5 ],
			"rotation": { "origin": [ 2, 0.5, 0.5 ], "axis": "z", "angle": 45 },
			"faces": {
				"down": { "uv": [ 0, 0, 10, 1 ], "texture": "#0" },
				"up": { "uv": [ 0, 0, 10, 1 ], "texture": "#0" },
				"north": { "uv": [ 0, 0, 10, 1 ], "texture": "#0" },
				"south": { "uv": [ 0, 0, 10, 1 ], "texture": "#0" },
				"east": { "uv": [ 0, 0, 1, 1 ], "texture": "#0" }
			}
		},
		{
			"from": [ 12, 1, 14.5 ],
			"to": [ 22, 2, 15.5 ],
			"rotation": { "origin": [ 2, 0.5, 0.5 ], "axis": "z", "angle": 45 },
			"faces": {
				"down": { "uv": [ 0, 0, 10, 1 ], "texture": "#0" },
				"up": { "uv": [ 0, 0, 10, 1 ], "texture": "#0" },
				"north": { "uv": [ 0, 0, 10, 1 ], "texture": "#0" },
				"south": { "uv": [ 0, 0, 10, 1 ], "texture": "#0" },
				"west": { "uv": [ 0, 0, 1, 1 ], "texture": "#0" }
			}
		},
		{
			"from": [ 5, 1, 14.5 ],
			"to": [ 15, 2, 15.5 ],
			"rotation": { "origin": [ 14, 0.5, 0.5 ], "axis": "z", "angle": -45 },
			"faces": {
				"down": { "uv": [ 0, 0, 10, 1 ], "texture": "#0" },
				"up": { "uv": [ 0, 0, 10, 1 ], "texture": "#0" },
				"north": { "uv": [ 0, 0, 10, 1 ], "texture": "#0" },
				"south": { "uv": [ 0, 0, 10, 1 ], "texture": "#0" },
				"west": { "uv": [ 0, 0, 1, 1 ], "texture": "#0" }
			}
		},
		{
			"from": [ -6, 1, 14.5 ],
			"to": [ 4, 2, 15.5 ],
			"rotation": { "origin": [ 14, 0.5, 0.5 ], "axis": "z", "angle": -45 },
			"faces": {
				"down": { "uv": [ 0, 0, 10, 1 ], "texture": "#0" },
				"up": { "uv": [ 0, 0, 10, 1 ], "texture": "#0" },
				"north": { "uv": [ 0, 0, 10, 1 ], "texture": "#0" },
				"south": { "uv": [ 0, 0, 10, 1 ], "texture": "#0" },
				"east": { "uv": [ 0, 0, 1, 1 ], "texture": "#0" }
			}
		},
		{
			"from": [ 7, 7, 0 ],
			"to": [ 9, 9, 1 ],
			"faces": {
				"down": { "uv": [ 0, 0, 2, 1 ], "texture": "#0" },
				"up": { "uv": [ 0, 0, 2, 1 ], "texture": "#0" },
				"north": { "uv": [ 0, 0, 2, 2 ], "texture": "#0", "cullface": "north" },
				"west": { "uv": [ 0, 0, 1, 2 ], "texture": "#0" },
				"east": { "uv": [ 0, 0, 1, 2 ], "texture": "#0" }
			}
		},
		{
			"from": [ 7, 7, 15 ],
			"to": [ 9, 9, 16 ],
			"faces": {
				"down": { "uv": [ 0, 0, 2, 1 ], "texture": "#0" },
				"up": { "uv": [ 0, 0, 2, 1 ], "texture": "#0" },
				"south": { "uv": [ 0, 0, 2, 2 ], "texture": "#0", "cullface": "south" },
				"west": { "uv": [ 0, 0, 1, 2 ], "texture": "#0" },
				"east": { "uv": [ 0, 0, 1, 2 ], "texture": "#0" }
			}
		},
		{
			"from": [ 14.5, 8, -8 ],
			"to": [ 15.5, 9, 2 ],
			"rotation": { "origin": [ 15, 1, 4.5 ], "axis": "x", "angle": 45 },
			"faces": {
				"down": { "uv": [ 0, 0, 1, 10 ], "texture": "#0" },
				"up": { "uv": [ 0, 0, 1, 10 ], "texture": "#0" },
				"north": { "uv": [ 0, 0, 1, 1 ], "texture": "#0" },
				"south": { "uv": [ 0, 0, 1, 1 ], "texture": "#0" },
				"west": { "uv": [ 0, 0, 10, 1 ], "texture": "#0" },
				"east": { "uv": [ 0, 0, 10, 1 ], "texture": "#0" }
			}
		},
		{
			"from": [ 14.5, 8, 2 ],
			"to": [ 15.5, 9, 12 ],
			"rotation": { "origin": [ 15, 1, 4.5 ], "axis": "x", "angle": 45 },
			"faces": {
				"down": { "uv": [ 0, 0, 1, 10 ], "texture": "#0" },
				"up": { "uv": [ 0, 0, 1, 10 ], "texture": "#0" },
				"north": { "uv": [ 0, 0, 1, 1 ], "texture": "#0" },
				"south": { "uv": [ 0, 0, 1, 1 ], "texture": "#0" },
				"west": { "uv": [ 0, 0, 10, 1 ], "texture": "#0" },
				"east": { "uv": [ 0, 0, 10, 1 ], "texture": "#0" }
			}
		},
		{
			"from": [ 14.5, 3, 2 ],
			"to": [ 15.5, 4, 12 ],
			"rotation": { "origin": [ 15, 1, 4.5 ], "axis": "x", "angle": -45 },
			"faces": {
				"down": { "uv": [ 0, 0, 1, 10 ], "texture": "#0" },
				"up": { "uv": [ 0, 0, 1, 10 ], "texture": "#0" },
				"north": { "uv": [ 0, 0, 1, 1 ], "texture": "#0" },
				"south": { "uv": [ 0, 0, 1, 1 ], "texture": "#0" },
				"west": { "uv": [ 0, 0, 10, 1 ], "texture": "#0" },
				"east": { "uv": [ 0, 0, 10, 1 ], "texture": "#0" }
			}
		},
		{
			"from": [ 14.5, 3, 12 ],
			"to": [ 15.5, 4, 22 ],
			"rotation": { "origin": [ 15, 1, 4.5 ], "axis": "x", "angle": -45 },
			"faces": {
				"down": { "uv": [ 0, 0, 1, 10 ], "texture": "#0" },
				"up": { "uv": [ 0, 0, 1, 10 ], "texture": "#0" },
				"north": { "uv": [ 0, 0, 1, 1 ], "texture": "#0" },
				"south": { "uv": [ 0, 0, 1, 1 ], "texture": "#0" },
				"west": { "uv": [ 0, 0, 10, 1 ], "texture": "#0" },
				"east": { "uv": [ 0, 0, 10, 1 ], "texture": "#0" }
			}
		},
		{
			"from": [ 15, 7, 7 ],
			"to": [ 16, 9, 9 ],
			"faces": {
				"down": { "uv": [ 0, 0, 1, 2 ], "texture": "#0" },
				"up": { "uv": [ 0, 0, 1, 2 ], "texture": "#0" },
				"north": { "uv": [ 0, 0, 1, 2 ], "texture": "#0" },
				"south": { "uv": [ 0, 0, 1, 2 ], "texture": "#0" },
				"east": { "uv": [ 0, 0, 2, 2 ], "texture": "#0", "cullface": "east" }
			}
		},
		{
			"from": [ 0, 7, 7 ],
			"to": [ 1, 9, 9 ],
			"faces": {
				"down": { "uv": [ 0, 0, 1, 2 ], "texture": "#0" },
				"up": { "uv": [ 0, 0, 1, 2 ], "texture": "#0" },
				"north": { "uv": [ 0, 0, 1, 2 ], "texture": "#0" },
				"south": { "uv": [ 0, 0, 1, 2 ], "texture": "#0" },
				"west": { "uv": [ 0, 0, 2, 2 ], "texture": "#0", "cullface": "west" }
			}
		},
		{
			"from": [ 0.5, 8, -8 ],
			"to": [ 1.5, 9, 2 ],
			"rotation": { "origin": [ 15, 1, 4.5 ], "axis": "x", "angle": 45 },
			"faces": {
				"down": { "uv": [ 0, 0, 1, 10 ], "texture": "#0" },
				"up": { "uv": [ 0, 0, 1, 10 ], "texture": "#0" },
				"north": { "uv": [ 0, 0, 1, 1 ], "texture": "#0" },
				"south": { "uv": [ 0, 0, 1, 1 ], "texture": "#0" },
				"west": { "uv": [ 0, 0, 10, 1 ], "texture": "#0" },
				"east": { "uv": [ 0, 0, 10, 1 ], "texture": "#0" }
			}
		},
		{
			"from": [ 0.5, 8, 2 ],
			"to": [ 1.5, 9, 12 ],
			"rotation": { "origin": [ 15, 1, 4.5 ], "axis": "x", "angle": 45 },
			"faces": {
				"down": { "uv": [ 0, 0, 1, 10 ], "texture": "#0" },
				"up": { "uv": [ 0, 0, 1, 10 ], "texture": "#0" },
				"north": { "uv": [ 0, 0, 1, 1 ], "texture": "#0" },
				"south": { "uv": [ 0, 0, 1, 1 ], "texture": "#0" },
				"west": { "uv": [ 0, 0, 10, 1 ], "texture": "#0" },
				"east": { "uv": [ 0, 0, 10, 1 ], "texture": "#0" }
			}
		},
		{
			"from": [ 0.5, 3, 2 ],
			"to": [ 1.5, 4, 12 ],
			"rotation": { "origin": [ 15, 1, 4.5 ], "axis": "x", "angle": -45 },
			"faces": {
				"down": { "uv": [ 0, 0, 1, 10 ], "texture": "#0" },
				"up": { "uv": [ 0, 0, 1, 10 ], "texture": "#0" },
				"north": { "uv": [ 0, 0, 1, 1 ], "texture": "#0" },
				"south": { "uv": [ 0, 0, 1, 1 ], "texture": "#0" },
				"west": { "uv": [ 0, 0, 10, 1 ], "texture": "#0" },
				"east": { "uv": [ 0, 0, 10, 1 ], "texture": "#0" }
			}
		},
		{
			"from": [ 0.5, 3, 12 ],
			"to": [ 1.5, 4, 22 ],
			"rotation": { "origin": [ 15, 1, 4.5 ], "axis": "x", "angle": -45 },
			"faces": {
				"down": { "uv": [ 0, 0, 1, 10 ], "texture": "#0" },
				"up": { "uv": [ 0, 0, 1, 10 ], "texture": "#0" },
				"north": { "uv": [ 0, 0, 1, 1 ], "texture": "#0" },
				"south": { "uv": [ 0, 0, 1, 1 ], "texture": "#0" },
				"west": { "uv": [ 0, 0, 10, 1 ], "texture": "#0" },
				"east": { "uv": [ 0, 0, 10, 1 ], "texture": "#0" }
			}
		}
	]
}