{
	"credit": "Made with Blockbench, a free, modern block model editor by JannisX11",
	"parent": "builtin/generated",
	"textures": {
		"0": "custom/brown",
		"1": "custom/black"
	},
	"elements": [
		{
			"name": "cube",
			"from": [6, 0, 3],
			"to": [10, 2, 4],
			"shade": true,
			"faces": {
				"north": {"uv": [0, 0, 4, 2], "texture": "#0"},
				"east": {"uv": [0, 0, 1, 2], "texture": "#0"},
				"south": {"uv": [0, 0, 4, 2], "texture": "#0"},
				"west": {"uv": [0, 0, 1, 2], "texture": "#0"},
				"down": {"uv": [0, 0, 4, 1], "texture": "#0"}
			}
		},
		{
			"name": "cube",
			"from": [5, 1, 3],
			"to": [11, 4, 4],
			"shade": true,
			"faces": {
				"north": {"uv": [0, 0, 6, 3], "texture": "#0"},
				"east": {"uv": [0, 0, 1, 3], "texture": "#0"},
				"south": {"uv": [0, 0, 6, 3], "texture": "#0"},
				"west": {"uv": [0, 0, 1, 3], "texture": "#0"},
				"up": {"uv": [0, 0, 6, 1], "texture": "#0"},
				"down": {"uv": [0, 0, 6, 1], "texture": "#0"}
			}
		},
		{
			"name": "cube",
			"from": [6, 4, 3],
			"to": [10, 5, 4],
			"shade": true,
			"faces": {
				"north": {"uv": [0, 0, 4, 1], "texture": "#0"},
				"east": {"uv": [0, 0, 1, 1], "texture": "#0"},
				"south": {"uv": [0, 0, 4, 1], "texture": "#0"},
				"west": {"uv": [0, 0, 1, 1], "texture": "#0"},
				"up": {"uv": [0, 0, 4, 1], "texture": "#0"},
				"down": {"uv": [0, 0, 4, 1], "texture": "#0"}
			}
		},
		{
			"name": "cube",
			"from": [7, 3, 2],
			"to": [8, 4, 3],
			"shade": true,
			"faces": {
				"north": {"uv": [0, 0, 1, 1], "texture": "#1"},
				"east": {"uv": [0, 0, 1, 1], "texture": "#1"},
				"west": {"uv": [0, 0, 1, 1], "texture": "#1"},
				"up": {"uv": [0, 0, 1, 1], "texture": "#1"},
				"down": {"uv": [0, 0, 1, 1], "texture": "#1"}
			},
			"rotation": {
				"origin": [7, 8, 8],
				"axis": "y",
				"angle": -22.5
			}
		},
		{
			"name": "cube",
			"from": [8, 1, 1],
			"to": [9, 2, 2],
			"shade": true,
			"faces": {
				"north": {"uv": [0, 0, 1, 1], "texture": "#1"},
				"east": {"uv": [0, 0, 1, 1], "texture": "#1"},
				"up": {"uv": [0, 0, 1, 1], "texture": "#1"},
				"down": {"uv": [0, 0, 1, 1], "texture": "#1"}
			},
			"rotation": {
				"origin": [11, 8, 7],
				"axis": "y",
				"angle": 22.5
			}
		}
	],
	"display": {
		"thirdperson": {
			"rotation": [-90, 0, 0],
			"translation": [0, 1, -3],
			"scale": [0.55, 0.55, 0.55]
		},
		"firstperson": {
			"rotation": [0, -135, 25],
			"translation": [0, 4, 2],
			"scale": [1.7, 1.7, 1.7]
		}
	}
}