{
	"__comment": "Model generated using MrCrayfish's Model Creator (http://mrcrayfish.com/modelcreator/)",
	"textures": {
		"0": "blocks/redstone_block",
		"1": "blocks/coal_block",
		"2": "custom/custom11"
	},
	"elements": [ 	 
		{
			"from": [ 3, 0, 3 ],
			"to": [ 13, 9, 12 ],
			"faces": {
				"down": { "uv": [ 0, 0, 10, 9 ], "texture": "#0", "cullface": "down" },
				"up": { "uv": [ 0, 0, 10, 9 ], "texture": "#0" },
				"north": { "uv": [ 0, 0, 10, 9 ], "texture": "#0" },
				"south": { "uv": [ 0, 0, 10, 9 ], "texture": "#0" },
				"west": { "uv": [ 0, 0, 9, 9 ], "texture": "#0" },
				"east": { "uv": [ 0, 0, 9, 9 ], "texture": "#0" }
			}
		},
		{
			"from": [ 3, 0, 12 ],
			"to": [ 13, 2.6, 13 ],
			"faces": {
				"down": { "uv": [ 0, 0, 10, 1 ], "texture": "#0", "cullface": "down" },
				"up": { "uv": [ 0, 0, 10, 1 ], "texture": "#0" },
				"south": { "uv": [ 0, 0, 10, 2 ], "texture": "#0" },
				"west": { "uv": [ 0, 0, 1, 2 ], "texture": "#0" },
				"east": { "uv": [ 0, 0, 1, 2 ], "texture": "#0" }
			}
		},
		{
			"from": [ 3, 1, 12 ],
			"to": [ 6, 3, 13 ],
			"faces": {
				"south": { "uv": [ 0, 0, 3, 2 ], "texture": "#0" },
				"west": { "uv": [ 0, 0, 1, 2 ], "texture": "#0" },
				"east": { "uv": [ 0, 0, 1, 2 ], "texture": "#0" }
			}
		},
		{
			"from": [ 10, 1, 12 ],
			"to": [ 13, 3, 13 ],
			"faces": {
				"south": { "uv": [ 0, 0, 3, 2 ], "texture": "#0" },
				"west": { "uv": [ 0, 0, 1, 2 ], "texture": "#0" },
				"east": { "uv": [ 0, 0, 1, 2 ], "texture": "#0" }
			}
		},
		{
			"from": [ 7.5, 2.5, 13 ],
			"to": [ 8.5, 5.5, 14 ],
			"faces": {
				"down": { "uv": [ 0, 0, 1, 1 ], "texture": "#0" },
				"up": { "uv": [ 0, 0, 1, 1 ], "texture": "#0" },
				"north": { "uv": [ 0, 0, 1, 3 ], "texture": "#0" },
				"south": { "uv": [ 0, 0, 1, 3 ], "texture": "#0" },
				"west": { "uv": [ 0, 0, 1, 3 ], "texture": "#0" },
				"east": { "uv": [ 0, 0, 1, 3 ], "texture": "#0" }
			}
		},
		{
			"from": [ 6, 2, 11.5 ],
			"to": [ 10, 3, 12.5 ],
			"faces": {
				"down": { "uv": [ 0, 0, 4, 1 ], "texture": "#1" },
				"up": { "uv": [ 0, 0, 4, 1 ], "texture": "#1" },
				"south": { "uv": [ 0, 0, 4, 1 ], "texture": "#1" },
				"west": { "uv": [ 0, 0, 1, 1 ], "texture": "#1" },
				"east": { "uv": [ 0, 0, 1, 1 ], "texture": "#1" }
			}
		},
		{
			"from": [ 3, 3, 12 ],
			"to": [ 13, 5, 13 ],
			"faces": {
				"down": { "uv": [ 0, 0, 10, 1 ], "texture": "#0" },
				"up": { "uv": [ 0, 0, 10, 1 ], "texture": "#0" },
				"south": { "uv": [ 0, 0, 10, 2 ], "texture": "#0" },
				"west": { "uv": [ 0, 0, 1, 2 ], "texture": "#0" },
				"east": { "uv": [ 0, 0, 1, 2 ], "texture": "#0" }
			}
		},
		{
			"from": [ 3, 5, 12 ],
			"to": [ 5.5, 6, 13 ],
			"faces": {
				"up": { "uv": [ 0, 0, 2.5, 1 ], "texture": "#0" },
				"south": { "uv": [ 0, 0, 2.5, 1 ], "texture": "#0" },
				"east": { "uv": [ 0, 0, 1, 1 ], "texture": "#0" }
			}
		},
		{
			"from": [ 10.5, 5, 12 ],
			"to": [ 13, 6, 13 ],
			"faces": {
				"up": { "uv": [ 0, 0, 2.5, 1 ], "texture": "#0" },
				"south": { "uv": [ 0, 0, 2.5, 1 ], "texture": "#0" },
				"west": { "uv": [ 0, 0, 1, 1 ], "texture": "#0" }
			}
		},
		{
			"from": [ 7.3, 4, 12 ],
			"to": [ 9.299999, 5, 13 ],
			"rotation": { "origin": [ 8, 8, 8 ], "axis": "z", "angle": 22.5 },
			"faces": {
				"up": { "uv": [ 0, 0, 2, 1 ], "texture": "#0" },
				"south": { "uv": [ 0, 0, 2, 1 ], "texture": "#0" },
				"east": { "uv": [ 0, 0, 1, 1 ], "texture": "#0" }
			}
		},
		{
			"from": [ 6.7, 4, 12 ],
			"to": [ 8.7, 5, 13 ],
			"rotation": { "origin": [ 8, 8, 8 ], "axis": "z", "angle": -22.5 },
			"faces": {
				"up": { "uv": [ 0, 0, 2, 1 ], "texture": "#0" },
				"south": { "uv": [ 0, 0, 2, 1 ], "texture": "#0" },
				"west": { "uv": [ 0, 0, 1, 1 ], "texture": "#0" }
			}
		},
		{
			"from": [ 7.3, 4, 12 ],
			"to": [ 9.299999, 5, 13 ],
			"rotation": { "origin": [ 8, 8, 8 ], "axis": "z", "angle": 45 },
			"faces": {
				"down": { "uv": [ 0, 0, 2, 1 ], "texture": "#0" },
				"up": { "uv": [ 0, 0, 2, 1 ], "texture": "#0" },
				"south": { "uv": [ 0, 0, 2, 1 ], "texture": "#0" },
				"west": { "uv": [ 0, 0, 1, 1 ], "texture": "#0" }
			}
		},
		{
			"from": [ 6.7, 4, 12 ],
			"to": [ 8.7, 5, 13 ],
			"rotation": { "origin": [ 8, 8, 8 ], "axis": "z", "angle": -45 },
			"faces": {
				"down": { "uv": [ 0, 0, 2, 1 ], "texture": "#0" },
				"up": { "uv": [ 0, 0, 2, 1 ], "texture": "#0" },
				"south": { "uv": [ 0, 0, 2, 1 ], "texture": "#0" },
				"east": { "uv": [ 0, 0, 1, 1 ], "texture": "#0" }
			}
		},
		{
			"from": [ 5, 5, 11.5 ],
			"to": [ 11, 6.8, 12.5 ],
			"faces": {
				"down": { "uv": [ 0, 0, 6, 1 ], "texture": "#2" },
				"up": { "uv": [ 0, 0, 6, 1 ], "texture": "#2" },
				"south": { "uv": [ 0, 0, 6, 1.8 ], "texture": "#2" },
				"west": { "uv": [ 0, 0, 1, 1.8 ], "texture": "#1" },
				"east": { "uv": [ 0, 0, 1, 1.8 ], "texture": "#2" }
			}
		},
		{
			"from": [ 6.2, 6, 12 ],
			"to": [ 9.7, 8, 13 ],
			"faces": {
				"down": { "uv": [ 0, 0, 3.5, 1 ], "texture": "#0" },
				"south": { "uv": [ 0, 0, 3.5, 2 ], "texture": "#0" },
				"west": { "uv": [ 0, 0, 1, 2 ], "texture": "#0" },
				"east": { "uv": [ 0, 0, 1, 2 ], "texture": "#0" }
			}
		},
		{
			"from": [ 7.3, 5, 12 ],
			"to": [ 8.699999, 7, 13 ],
			"faces": {
				"south": { "uv": [ 0, 0, 1.4, 2 ], "texture": "#0" },
				"west": { "uv": [ 0, 0, 1, 2 ], "texture": "#0" },
				"east": { "uv": [ 0, 0, 1, 2 ], "texture": "#0" }
			}
		},
		{
			"from": [ 8.8, 5.5, 12 ],
			"to": [ 10.3, 7.5, 13 ],
			"rotation": { "origin": [ 8, 8, 8 ], "axis": "z", "angle": 22.5 },
			"faces": {
				"down": { "uv": [ 0, 0, 1.5, 1 ], "texture": "#0" },
				"south": { "uv": [ 0, 0, 1.5, 2 ], "texture": "#0" },
				"east": { "uv": [ 0, 0, 1, 2 ], "texture": "#0" }
			}
		},
		{
			"from": [ 5.7, 5.5, 12 ],
			"to": [ 7.2, 7.5, 13 ],
			"rotation": { "origin": [ 8, 8, 8 ], "axis": "z", "angle": -22.5 },
			"faces": {
				"down": { "uv": [ 0, 0, 1.5, 1 ], "texture": "#0" },
				"south": { "uv": [ 0, 0, 1.5, 2 ], "texture": "#0" },
				"west": { "uv": [ 0, 0, 1, 2 ], "texture": "#0" }
			}
		},
		{
			"from": [ 11, 5, 12 ],
			"to": [ 13, 9, 13 ],
			"faces": {
				"south": { "uv": [ 0, 0, 2, 4 ], "texture": "#0" },
				"west": { "uv": [ 0, 0, 1, 4 ], "texture": "#0" },
				"east": { "uv": [ 0, 0, 1, 4 ], "texture": "#0" }
			}
		},
		{
			"from": [ 3, 5, 12 ],
			"to": [ 5, 9, 13 ],
			"faces": {
				"south": { "uv": [ 0, 0, 2, 4 ], "texture": "#0" },
				"west": { "uv": [ 0, 0, 1, 4 ], "texture": "#0" },
				"east": { "uv": [ 0, 0, 1, 4 ], "texture": "#0" }
			}
		},
		{
			"from": [ 3, 6.7, 12 ],
			"to": [ 13, 9, 13 ],
			"faces": {
				"down": { "uv": [ 0, 0, 10, 1 ], "texture": "#0" },
				"up": { "uv": [ 0, 0, 10, 1 ], "texture": "#0" },
				"south": { "uv": [ 0, 0, 10, 2.3 ], "texture": "#0" }
			}
		},
		{
			"from": [ 8.7, 6.4, 13 ],
			"to": [ 10, 6.599999, 13.1 ],
			"faces": {
				"down": { "uv": [ 0, 0, 1.3, 0.1000004 ], "texture": "#1" },
				"north": { "uv": [ 0, 0, 1.3, 0.1999998 ], "texture": "#1" },
				"south": { "uv": [ 0, 0, 1.3, 0.1999998 ], "texture": "#1" },
				"east": { "uv": [ 0, 0, 0.09999999, 0.1999998 ], "texture": "#1" }
			}
		},
		{
			"from": [ 6, 6.4, 13 ],
			"to": [ 7.3, 6.599999, 13.1 ],
			"faces": {
				"down": { "uv": [ 0, 0, 1.3, 0.1000004 ], "texture": "#1" },
				"north": { "uv": [ 0, 0, 1.3, 0.1999998 ], "texture": "#1" },
				"south": { "uv": [ 0, 0, 1.3, 0.1999998 ], "texture": "#1" },
				"west": { "uv": [ 0, 0, 0.09999999, 0.1999998 ], "texture": "#1" }
			}
		},
		{
			"from": [ 9.2, 5.8, 13 ],
			"to": [ 9.5, 6, 13.1 ],
			"rotation": { "origin": [ 8, 8, 8 ], "axis": "z", "angle": 22.5 },
			"faces": {
				"down": { "uv": [ 0, 0, 0.3, 0.1000004 ], "texture": "#1" },
				"north": { "uv": [ 0, 0, 0.3, 0.1999998 ], "texture": "#1" },
				"south": { "uv": [ 0, 0, 0.3, 0.1999998 ], "texture": "#1" },
				"east": { "uv": [ 0, 0, 0.09999999, 0.1999998 ], "texture": "#1" }
			}
		},
		{
			"from": [ 6.5, 5.8, 13 ],
			"to": [ 6.8, 6, 13.1 ],
			"rotation": { "origin": [ 8, 8, 8 ], "axis": "z", "angle": -22.5 },
			"faces": {
				"down": { "uv": [ 0, 0, 0.3, 0.1000004 ], "texture": "#1" },
				"north": { "uv": [ 0, 0, 0.3, 0.1999998 ], "texture": "#1" },
				"south": { "uv": [ 0, 0, 0.3, 0.1999998 ], "texture": "#1" },
				"west": { "uv": [ 0, 0, 0.09999999, 0.1999998 ], "texture": "#1" }
			}
		},
		{
			"from": [ 4, 9, 4 ],
			"to": [ 12, 10, 12 ],
			"faces": {
				"up": { "uv": [ 0, 0, 7, 8 ], "texture": "#0" },
				"north": { "uv": [ 0, 0, 8, 1 ], "texture": "#0" },
				"south": { "uv": [ 0, 0, 8, 1 ], "texture": "#0" },
				"west": { "uv": [ 0, 0, 8, 1 ], "texture": "#0" },
				"east": { "uv": [ 0, 0, 8, 1 ], "texture": "#0" }
			}
		},
		{
			"from": [ 0, 9, 6.5 ],
			"to": [ 5, 11, 9.5 ],
			"faces": {
				"down": { "uv": [ 0, 0, 10, 9 ], "texture": "#0" },
				"up": { "uv": [ 0, 0, 4, 3 ], "texture": "#0" },
				"north": { "uv": [ 0, 0, 5, 2 ], "texture": "#0" },
				"south": { "uv": [ 0, 0, 5, 2 ], "texture": "#0" },
				"west": { "uv": [ 0, 0, 3, 2 ], "texture": "#0", "cullface": "west" },
				"east": { "uv": [ 0, 0, 3, 2 ], "texture": "#0" }
			}
		},
		{
			"from": [ 11, 9, 6.5 ],
			"to": [ 16, 11, 9.5 ],
			"faces": {
				"down": { "uv": [ 0, 0, 10, 9 ], "texture": "#0" },
				"up": { "uv": [ 0, 0, 4, 3 ], "texture": "#0" },
				"north": { "uv": [ 0, 0, 5, 2 ], "texture": "#0" },
				"south": { "uv": [ 0, 0, 5, 2 ], "texture": "#0" },
				"west": { "uv": [ 0, 0, 3, 2 ], "texture": "#0" },
				"east": { "uv": [ 0, 0, 3, 2 ], "texture": "#0", "cullface": "east" }
			}
		},
		{
			"from": [ -1.6, 5.9, 6.5 ],
			"to": [ 0.4000001, 7.9, 9.5 ],
			"rotation": { "origin": [ 8, 8, 8 ], "axis": "z", "angle": -22.5 },
			"faces": {
				"down": { "uv": [ 0, 0, 10, 9 ], "texture": "#0", "cullface": "west" },
				"up": { "uv": [ 0, 0, 1, 3 ], "texture": "#0", "cullface": "west" },
				"north": { "uv": [ 0, 0, 2, 2 ], "texture": "#0", "cullface": "west" },
				"south": { "uv": [ 0, 0, 2, 2 ], "texture": "#0", "cullface": "west" },
				"west": { "uv": [ 0, 0, 3, 2 ], "texture": "#0", "cullface": "west" }
			}
		},
		{
			"from": [ 15.8, 5.9, 6.5 ],
			"to": [ 17.8, 7.9, 9.5 ],
			"rotation": { "origin": [ 8, 8, 8 ], "axis": "z", "angle": 22.5 },
			"faces": {
				"down": { "uv": [ 0, 0, 10, 9 ], "texture": "#0", "cullface": "east" },
				"up": { "uv": [ 0, 0, 1, 3 ], "texture": "#0", "cullface": "east" },
				"north": { "uv": [ 0, 0, 2, 2 ], "texture": "#0", "cullface": "east" },
				"south": { "uv": [ 0, 0, 2, 2 ], "texture": "#0", "cullface": "east" },
				"east": { "uv": [ 0, 0, 3, 2 ], "texture": "#0", "cullface": "east" }
			}
		},
		{
			"from": [ -1.1, 2.4, 6.5 ],
			"to": [ -0.1, 4.4, 9.5 ],
			"rotation": { "origin": [ 8, 8, 8 ], "axis": "z", "angle": -45 },
			"faces": {
				"down": { "uv": [ 0, 0, 10, 9 ], "texture": "#0", "cullface": "west" },
				"up": { "uv": [ 15, 0, 16, 3 ], "texture": "#0", "cullface": "west" },
				"north": { "uv": [ 0, 0, 1, 2 ], "texture": "#0", "cullface": "west" },
				"south": { "uv": [ 0, 0, 1, 2 ], "texture": "#0", "cullface": "west" },
				"east": { "uv": [ 0, 0, 3, 2 ], "texture": "#0", "cullface": "west" }
			}
		},
		{
			"from": [ 16.3, 2.4, 6.5 ],
			"to": [ 17.3, 4.4, 9.5 ],
			"rotation": { "origin": [ 8, 8, 8 ], "axis": "z", "angle": 45 },
			"faces": {
				"down": { "uv": [ 0, 0, 10, 9 ], "texture": "#0", "cullface": "east" },
				"north": { "uv": [ 0, 0, 1, 2 ], "texture": "#0", "cullface": "east" },
				"south": { "uv": [ 0, 0, 1, 2 ], "texture": "#0", "cullface": "east" },
				"west": { "uv": [ 0, 0, 3, 2 ], "texture": "#0", "cullface": "east" }
			}
		},
		{
			"from": [ -2.5, 10.5, 6.5 ],
			"to": [ -0.5, 13.5, 9.5 ],
			"faces": {
				"down": { "uv": [ 0, 0, 10, 9 ], "texture": "#0", "cullface": "west" },
				"up": { "uv": [ 0, 0, 1, 3 ], "texture": "#0", "cullface": "west" },
				"north": { "uv": [ 0, 0, 2, 3 ], "texture": "#0", "cullface": "west" },
				"south": { "uv": [ 0, 0, 2, 3 ], "texture": "#0", "cullface": "west" },
				"west": { "uv": [ 0, 0, 3, 3 ], "texture": "#0", "cullface": "west" },
				"east": { "uv": [ 0, 0, 3, 3 ], "texture": "#0", "cullface": "west" }
			}
		},
		{
			"from": [ 16.5, 10.5, 6.5 ],
			"to": [ 18.5, 13.5, 9.5 ],
			"faces": {
				"down": { "uv": [ 0, 0, 10, 9 ], "texture": "#0", "cullface": "east" },
				"up": { "uv": [ 0, 0, 1, 3 ], "texture": "#0", "cullface": "east" },
				"north": { "uv": [ 0, 0, 2, 3 ], "texture": "#0", "cullface": "east" },
				"south": { "uv": [ 0, 0, 2, 3 ], "texture": "#0", "cullface": "east" },
				"west": { "uv": [ 0, 0, 3, 3 ], "texture": "#0", "cullface": "east" },
				"east": { "uv": [ 0, 0, 3, 3 ], "texture": "#0", "cullface": "east" }
			}
		},
		{
			"from": [ -3.3, 4.5, 6.5 ],
			"to": [ -1.8, 7.5, 9.5 ],
			"rotation": { "origin": [ 8, 8, 8 ], "axis": "z", "angle": -45 },
			"faces": {
				"north": { "uv": [ 0, 0, 1.5, 3 ], "texture": "#0", "cullface": "west" },
				"south": { "uv": [ 0, 0, 1.5, 3 ], "texture": "#0", "cullface": "west" },
				"west": { "uv": [ 0, 0, 3, 3 ], "texture": "#0", "cullface": "west" },
				"east": { "uv": [ 0, 0, 3, 3 ], "texture": "#0", "cullface": "west" }
			}
		},
		{
			"from": [ 17.7, 4.5, 6.5 ],
			"to": [ 19.2, 7.5, 9.5 ],
			"rotation": { "origin": [ 8, 8, 8 ], "axis": "z", "angle": 45 },
			"faces": {
				"north": { "uv": [ 0, 0, 1.5, 3 ], "texture": "#0", "cullface": "east" },
				"south": { "uv": [ 0, 0, 1.5, 3 ], "texture": "#0", "cullface": "east" },
				"west": { "uv": [ 0, 0, 3, 3 ], "texture": "#0", "cullface": "east" },
				"east": { "uv": [ 0, 0, 3, 3 ], "texture": "#0", "cullface": "east" }
			}
		},
		{
			"from": [ -0.3, 14.2, 6.5 ],
			"to": [ 1.7, 15.7, 9.5 ],
			"faces": {
				"down": { "uv": [ 0, 0, 10, 9 ], "texture": "#0", "cullface": "west" },
				"up": { "uv": [ 0, 0, 0.9999999, 3 ], "texture": "#0", "cullface": "west" },
				"north": { "uv": [ 0, 0, 2, 1.5 ], "texture": "#0", "cullface": "west" },
				"south": { "uv": [ 0, 0, 2, 1.5 ], "texture": "#0", "cullface": "west" },
				"west": { "uv": [ 0, 0, 3, 1.5 ], "texture": "#0", "cullface": "west" },
				"east": { "uv": [ 0, 0, 3, 1.5 ], "texture": "#0", "cullface": "west" }
			}
		},
		{
			"from": [ 14.3, 14.2, 6.5 ],
			"to": [ 16.3, 15.7, 9.5 ],
			"faces": {
				"down": { "uv": [ 0, 0, 10, 9 ], "texture": "#0", "cullface": "east" },
				"up": { "uv": [ 0, 0, 0.9999999, 3 ], "texture": "#0", "cullface": "east" },
				"north": { "uv": [ 0, 0, 2, 1.5 ], "texture": "#0", "cullface": "east" },
				"south": { "uv": [ 0, 0, 2, 1.5 ], "texture": "#0", "cullface": "east" },
				"west": { "uv": [ 0, 0, 3, 1.5 ], "texture": "#0", "cullface": "east" },
				"east": { "uv": [ 0, 0, 3, 1.5 ], "texture": "#0", "cullface": "east" }
			}
		},
		{
			"from": [ 7.9, 16.9, 6.5 ],
			"to": [ 9.9, 18.4, 9.5 ],
			"rotation": { "origin": [ 8, 8, 8 ], "axis": "z", "angle": 45 },
			"faces": {
				"down": { "uv": [ 0, 0, 10, 9 ], "texture": "#0", "cullface": "up" },
				"up": { "uv": [ 0, 0, 0.9999999, 3 ], "texture": "#0", "cullface": "up" },
				"north": { "uv": [ 0, 0, 2, 1.5 ], "texture": "#0", "cullface": "up" },
				"south": { "uv": [ 0, 0, 2, 1.5 ], "texture": "#0", "cullface": "up" },
				"east": { "uv": [ 0, 0, 3, 1.5 ], "texture": "#0", "cullface": "up" }
			}
		},
		{
			"from": [ 5.9, 16.9, 6.5 ],
			"to": [ 7.9, 18.4, 9.5 ],
			"rotation": { "origin": [ 8, 8, 8 ], "axis": "z", "angle": -45 },
			"faces": {
				"down": { "uv": [ 0, 0, 10, 9 ], "texture": "#0", "cullface": "up" },
				"up": { "uv": [ 0, 0, 0.9999999, 3 ], "texture": "#0", "cullface": "up" },
				"north": { "uv": [ 0, 0, 2, 1.5 ], "texture": "#0", "cullface": "up" },
				"south": { "uv": [ 0, 0, 2, 1.5 ], "texture": "#0", "cullface": "up" },
				"west": { "uv": [ 0, 0, 3, 1.5 ], "texture": "#0", "cullface": "up" }
			}
		},
		{
			"from": [ 16.9, 9.7, 6.5 ],
			"to": [ 19.9, 10.7, 9.5 ],
			"rotation": { "origin": [ 8, 8, 8 ], "axis": "z", "angle": 45 },
			"faces": {
				"down": { "uv": [ 0, 0, 10, 9 ], "texture": "#0", "cullface": "up" },
				"up": { "uv": [ 0, 0, 2, 3 ], "texture": "#0", "cullface": "up" },
				"north": { "uv": [ 0, 0, 3, 1 ], "texture": "#0", "cullface": "up" },
				"south": { "uv": [ 0, 0, 3, 1 ], "texture": "#0", "cullface": "up" },
				"west": { "uv": [ 0, 0, 3, 1 ], "texture": "#0", "cullface": "up" },
				"east": { "uv": [ 0, 0, 3, 1 ], "texture": "#0", "cullface": "up" }
			}
		},
		{
			"from": [ -3.9, 9.7, 6.5 ],
			"to": [ -0.8999999, 10.7, 9.5 ],
			"rotation": { "origin": [ 8, 8, 8 ], "axis": "z", "angle": -45 },
			"faces": {
				"down": { "uv": [ 0, 0, 10, 9 ], "texture": "#0", "cullface": "up" },
				"up": { "uv": [ 0, 0, 2, 3 ], "texture": "#0", "cullface": "up" },
				"north": { "uv": [ 0, 0, 3, 1 ], "texture": "#0", "cullface": "up" },
				"south": { "uv": [ 0, 0, 3, 1 ], "texture": "#0", "cullface": "up" },
				"west": { "uv": [ 0, 0, 3, 1 ], "texture": "#0", "cullface": "up" },
				"east": { "uv": [ 0, 0, 3, 1 ], "texture": "#0", "cullface": "up" }
			}
		},
		{
			"from": [ 8.099999, 19.5, 6.5 ],
			"to": [ 10.1, 20, 9.5 ],
			"rotation": { "origin": [ 8, 8, 8 ], "axis": "z", "angle": -22.5 },
			"faces": {
				"down": { "uv": [ 0, 0, 10, 9 ], "texture": "#0", "cullface": "up" },
				"up": { "uv": [ 0, 0, 0.9999999, 3 ], "texture": "#0", "cullface": "up" },
				"north": { "uv": [ 0, 0, 2, 0.5 ], "texture": "#0", "cullface": "up" },
				"south": { "uv": [ 0, 0, 2, 0.5 ], "texture": "#0", "cullface": "up" },
				"west": { "uv": [ 0, 0, 3, 0.5 ], "texture": "#0", "cullface": "up" },
				"east": { "uv": [ 0, 0, 3, 0.5 ], "texture": "#0", "cullface": "up" }
			}
		},
		{
			"from": [ 5.9, 19.5, 6.5 ],
			"to": [ 7.9, 20, 9.5 ],
			"rotation": { "origin": [ 8, 8, 8 ], "axis": "z", "angle": 22.5 },
			"faces": {
				"down": { "uv": [ 0, 0, 10, 9 ], "texture": "#0", "cullface": "up" },
				"up": { "uv": [ 0, 0, 0.9999999, 3 ], "texture": "#0", "cullface": "up" },
				"north": { "uv": [ 0, 0, 2, 0.5 ], "texture": "#0", "cullface": "up" },
				"south": { "uv": [ 0, 0, 2, 0.5 ], "texture": "#0", "cullface": "up" },
				"west": { "uv": [ 0, 0, 3, 0.5 ], "texture": "#0", "cullface": "up" },
				"east": { "uv": [ 0, 0, 3, 0.5 ], "texture": "#0", "cullface": "up" }
			}
		}
	],
	"display": {
		"head": {
			"rotation":  [ 0, 180, 0 ],
			"translation":  [ 0, 6.5, 0 ],
			"scale":  [ 1.7, 1.7, 1.7 ]
		}
	}
}