{
    "__comment": "Model generated using MrCrayfish's Model Creator (http://mrcrayfish.com/modelcreator/)",
    "textures": {
        "0": "blocks/stone_andesite_smooth",
        "1": "blocks/stone_andesite",
        "2": "custom/rules"
    },
    "elements": [
        {
            "name": "LogA",
            "from": [ -7.0, 0.0, 0.0 ], 
            "to": [ 25.0, 3.0, 3.0 ], 
            "faces": {
                "north": { "texture": "#0", "uv": [ 0.0, 0.0, 16.0, 3.0 ] },
                "east": { "texture": "#0", "uv": [ 0.0, 0.0, 3.0, 3.0 ] },
                "south": { "texture": "#0", "uv": [ 0.0, 0.0, 16.0, 3.0 ] },
                "west": { "texture": "#0", "uv": [ 0.0, 0.0, 3.0, 3.0 ] },
                "up": { "texture": "#0", "uv": [ 0.0, 0.0, 16.0, 3.0 ] },
                "down": { "texture": "#0", "uv": [ 0.0, 0.0, 16.0, 3.0 ] }
            }
        },
        {
            "name": "LogB",
            "from": [ -8.0, 3.0, 0.0 ], 
            "to": [ -5.0, 16.0, 3.0 ], 
            "faces": {
                "north": { "texture": "#0", "uv": [ 0.0, 0.0, 3.0, 13.0 ] },
                "east": { "texture": "#0", "uv": [ 0.0, 0.0, 3.0, 13.0 ] },
                "south": { "texture": "#0", "uv": [ 0.0, 0.0, 3.0, 13.0 ] },
                "west": { "texture": "#0", "uv": [ 0.0, 0.0, 3.0, 13.0 ] },
                "up": { "texture": "#0", "uv": [ 0.0, 0.0, 3.0, 3.0 ] },
                "down": { "texture": "#0", "uv": [ 0.0, 0.0, 3.0, 3.0 ] }
            }
        },
        {
            "name": "LogC",
            "from": [ 24.0, 3.0, 0.0 ], 
            "to": [ 27.0, 12.0, 3.0 ], 
            "faces": {
                "north": { "texture": "#0", "uv": [ 0.0, 0.0, 3.0, 9.0 ] },
                "east": { "texture": "#0", "uv": [ 0.0, 0.0, 3.0, 9.0 ] },
                "south": { "texture": "#0", "uv": [ 0.0, 0.0, 3.0, 9.0 ] },
                "west": { "texture": "#0", "uv": [ 0.0, 0.0, 3.0, 9.0 ] },
                "up": { "texture": "#0", "uv": [ 0.0, 0.0, 3.0, 3.0 ] },
                "down": { "texture": "#0", "uv": [ 0.0, 0.0, 3.0, 3.0 ] }
            }
        },
        {
            "name": "LogD",
            "from": [ 23.0, 12.0, 0.0 ], 
            "to": [ 26.0, 15.100000001490116, 3.0 ], 
            "faces": {
                "north": { "texture": "#0", "uv": [ 0.0, 0.0, 3.0, 3.100000001490116 ] },
                "east": { "texture": "#0", "uv": [ 0.0, 0.0, 3.0, 3.100000001490116 ] },
                "south": { "texture": "#0", "uv": [ 0.0, 0.0, 3.0, 3.100000001490116 ] },
                "west": { "texture": "#0", "uv": [ 0.0, 0.0, 3.0, 3.100000001490116 ] },
                "up": { "texture": "#0", "uv": [ 0.0, 0.0, 3.0, 3.0 ] },
                "down": { "texture": "#0", "uv": [ 0.0, 0.0, 3.0, 3.0 ] }
            }
        },
        {
            "name": "LogE",
            "from": [ -5.0, 15.0, 0.0 ], 
            "to": [ 10.0, 18.0, 3.0 ], 
            "faces": {
                "north": { "texture": "#0", "uv": [ 0.0, 0.0, 15.0, 3.0 ] },
                "east": { "texture": "#0", "uv": [ 0.0, 0.0, 3.0, 3.0 ] },
                "south": { "texture": "#0", "uv": [ 0.0, 0.0, 15.0, 3.0 ] },
                "west": { "texture": "#0", "uv": [ 0.0, 0.0, 3.0, 3.0 ] },
                "up": { "texture": "#0", "uv": [ 0.0, 0.0, 15.0, 3.0 ] },
                "down": { "texture": "#0", "uv": [ 0.0, 0.0, 15.0, 3.0 ] }
            }
        },
        {
            "name": "LogF",
            "from": [ 10.0, 14.0, 0.0 ], 
            "to": [ 23.0, 17.0, 3.0 ], 
            "faces": {
                "north": { "texture": "#0", "uv": [ 0.0, 0.0, 13.0, 3.0 ] },
                "east": { "texture": "#0", "uv": [ 0.0, 0.0, 3.0, 3.0 ] },
                "south": { "texture": "#0", "uv": [ 0.0, 0.0, 13.0, 3.0 ] },
                "west": { "texture": "#0", "uv": [ 0.0, 0.0, 3.0, 3.0 ] },
                "up": { "texture": "#0", "uv": [ 0.0, 0.0, 13.0, 3.0 ] },
                "down": { "texture": "#0", "uv": [ 0.0, 0.0, 13.0, 3.0 ] }
            }
        },
        {
            "name": "Plank",
            "from": [ -5.0, 3.0, 0.20000000298023224 ], 
            "to": [ 24.0, 15.0, 1.0 ], 
            "faces": {
                "north": { "texture": "#1", "uv": [ 0.0, 0.0, 16.0, 12.0 ] },
                "east": { "texture": "#1", "uv": [ 0.0, 0.0, 0.7999999970197678, 12.0 ] },
                "south": { "texture": "#1", "uv": [ 0.0, 0.0, 16.0, 9.0 ] },
                "west": { "texture": "#1", "uv": [ 0.0, 0.0, 0.7999999970197678, 12.0 ] },
                "up": { "texture": "#1", "uv": [ 0.0, 0.0, 16.0, 0.7999999970197678 ] },
                "down": { "texture": "#1", "uv": [ 0.0, 0.0, 16.0, 0.7999999970197678 ] }
            }
        },
        {
            "name": "Text",
            "from": [ -5.0, 3.0, 0.5000000074505806 ], 
            "to": [ 24.0, 15.0, 1.3000000044703484 ], 
            "faces": {
                "north": { "texture": "#2", "uv": [ 0.0, 0.0, 0.0, 0.0 ] },
                "east": { "texture": "#2", "uv": [ 0.0, 0.0, 0.0, 0.0 ] },
                "south": { "texture": "#2", "uv": [ 0.0, 0.0, 16.0, 9.0 ] },
                "west": { "texture": "#2", "uv": [ 0.0, 0.0, 0.0, 0.0 ] },
                "up": { "texture": "#2", "uv": [ 0.0, 0.0, 0.0, 0.0 ] },
                "down": { "texture": "#2", "uv": [ 0.0, 0.0, 0.0, 0.0 ] }
            }
        }
    ],
	"display":
	{
    "head": { 
		"rotation": [ 0, 0, 0 ], 
		"translation": [ 0, -30, -1], 
		"scale": [ 1.6, 1.6, 1.6 ]
		}
	}
}