{
	"__comment": "Model generated using MrCrayfish's Model Creator (http://mrcrayfish.com/modelcreator/)",
	"textures": {
		"0": "blocks/cobblestone",
		"1": "blocks/log_spruce",
		"2": "blocks/planks_spruce",
		"3": "blocks/planks_oak"
	},
	"elements": [ 	 
		{
			"from": [ 0, 2, 6 ],
			"to": [ 1, 14, 10 ],
			"faces": {
				"down": { "uv": [ 0, 0, 1, 4 ], "texture": "#0" },
				"up": { "uv": [ 0, 0, 1, 4 ], "texture": "#0" },
				"north": { "uv": [ 0, 0, 1, 12 ], "texture": "#0" },
				"south": { "uv": [ 0, 0, 1, 12 ], "texture": "#0" },
				"west": { "uv": [ 0, 0, 4, 12 ], "texture": "#0", "cullface": "west" },
				"east": { "uv": [ 0, 0, 4, 12 ], "texture": "#0" }
			}
		},
		{
			"from": [ 0, 6, 2 ],
			"to": [ 1, 10, 6 ],
			"faces": {
				"down": { "uv": [ 0, 0, 1, 4 ], "texture": "#0" },
				"up": { "uv": [ 0, 0, 1, 4 ], "texture": "#0" },
				"north": { "uv": [ 0, 0, 1, 4 ], "texture": "#0" },
				"west": { "uv": [ 0, 0, 4, 4 ], "texture": "#0", "cullface": "west" },
				"east": { "uv": [ 0, 0, 4, 4 ], "texture": "#0" }
			}
		},
		{
			"from": [ 0, 6, 10 ],
			"to": [ 1, 10, 14 ],
			"faces": {
				"down": { "uv": [ 0, 0, 1, 4 ], "texture": "#0" },
				"up": { "uv": [ 0, 0, 1, 4 ], "texture": "#0" },
				"south": { "uv": [ 0, 0, 1, 4 ], "texture": "#0" },
				"west": { "uv": [ 0, 0, 4, 4 ], "texture": "#0", "cullface": "west" },
				"east": { "uv": [ 0, 0, 4, 4 ], "texture": "#0" }
			}
		},
		{
			"from": [ 0, 3, 5 ],
			"to": [ 2, 4, 11 ],
			"faces": {
				"down": { "uv": [ 0, 0, 2, 6 ], "texture": "#1" },
				"up": { "uv": [ 0, 0, 2, 6 ], "texture": "#1" },
				"north": { "uv": [ 0, 0, 2, 1 ], "texture": "#1" },
				"south": { "uv": [ 0, 0, 2, 1 ], "texture": "#1" },
				"west": { "uv": [ 0, 0, 6, 1 ], "texture": "#1", "cullface": "west" },
				"east": { "uv": [ 0, 0, 6, 1 ], "texture": "#1" }
			}
		},
		{
			"from": [ 0, 12, 5 ],
			"to": [ 2, 13, 11 ],
			"faces": {
				"down": { "uv": [ 0, 0, 2, 6 ], "texture": "#1" },
				"up": { "uv": [ 0, 0, 2, 6 ], "texture": "#1" },
				"north": { "uv": [ 0, 0, 2, 1 ], "texture": "#1" },
				"south": { "uv": [ 0, 0, 2, 1 ], "texture": "#1" },
				"west": { "uv": [ 0, 0, 6, 1 ], "texture": "#1", "cullface": "west" },
				"east": { "uv": [ 0, 0, 6, 1 ], "texture": "#1" }
			}
		},
		{
			"from": [ 0, 5, 3 ],
			"to": [ 2, 11, 4 ],
			"faces": {
				"down": { "uv": [ 0, 0, 2, 1 ], "texture": "#1" },
				"up": { "uv": [ 0, 0, 2, 1 ], "texture": "#1" },
				"north": { "uv": [ 0, 0, 2, 6 ], "texture": "#1" },
				"south": { "uv": [ 0, 0, 2, 6 ], "texture": "#1" },
				"west": { "uv": [ 0, 0, 1, 6 ], "texture": "#1", "cullface": "west" },
				"east": { "uv": [ 0, 0, 1, 6 ], "texture": "#1" }
			}
		},
		{
			"from": [ 0, 5, 12 ],
			"to": [ 2, 11, 13 ],
			"faces": {
				"down": { "uv": [ 0, 0, 2, 1 ], "texture": "#1" },
				"up": { "uv": [ 0, 0, 2, 1 ], "texture": "#1" },
				"north": { "uv": [ 0, 0, 2, 6 ], "texture": "#1" },
				"south": { "uv": [ 0, 0, 2, 6 ], "texture": "#1" },
				"west": { "uv": [ 0, 0, 1, 6 ], "texture": "#1", "cullface": "west" },
				"east": { "uv": [ 0, 0, 1, 6 ], "texture": "#1" }
			}
		},
		{
			"from": [ 0, 11, 11 ],
			"to": [ 2, 12, 12 ],
			"faces": {
				"down": { "uv": [ 0, 0, 2, 1 ], "texture": "#1" },
				"up": { "uv": [ 0, 0, 2, 1 ], "texture": "#1" },
				"north": { "uv": [ 0, 0, 2, 1 ], "texture": "#1" },
				"south": { "uv": [ 0, 0, 2, 1 ], "texture": "#1" },
				"west": { "uv": [ 0, 0, 1, 1 ], "texture": "#1", "cullface": "west" },
				"east": { "uv": [ 0, 0, 1, 1 ], "texture": "#1" }
			}
		},
		{
			"from": [ 0, 4, 11 ],
			"to": [ 2, 5, 12 ],
			"faces": {
				"down": { "uv": [ 0, 0, 2, 1 ], "texture": "#1" },
				"up": { "uv": [ 0, 0, 2, 1 ], "texture": "#1" },
				"north": { "uv": [ 0, 0, 2, 1 ], "texture": "#1" },
				"south": { "uv": [ 0, 0, 2, 1 ], "texture": "#1" },
				"west": { "uv": [ 0, 0, 1, 1 ], "texture": "#1", "cullface": "west" },
				"east": { "uv": [ 0, 0, 1, 1 ], "texture": "#1" }
			}
		},
		{
			"from": [ 0, 4, 4 ],
			"to": [ 2, 5, 5 ],
			"faces": {
				"down": { "uv": [ 0, 0, 2, 1 ], "texture": "#1" },
				"up": { "uv": [ 0, 0, 2, 1 ], "texture": "#1" },
				"north": { "uv": [ 0, 0, 2, 1 ], "texture": "#1" },
				"south": { "uv": [ 0, 0, 2, 1 ], "texture": "#1" },
				"west": { "uv": [ 0, 0, 1, 1 ], "texture": "#1", "cullface": "west" },
				"east": { "uv": [ 0, 0, 1, 1 ], "texture": "#1" }
			}
		},
		{
			"from": [ 0, 11, 4 ],
			"to": [ 2, 12, 5 ],
			"faces": {
				"down": { "uv": [ 0, 0, 2, 1 ], "texture": "#1" },
				"up": { "uv": [ 0, 0, 2, 1 ], "texture": "#1" },
				"north": { "uv": [ 0, 0, 2, 1 ], "texture": "#1" },
				"south": { "uv": [ 0, 0, 2, 1 ], "texture": "#1" },
				"west": { "uv": [ 0, 0, 1, 1 ], "texture": "#1", "cullface": "west" },
				"east": { "uv": [ 0, 0, 1, 1 ], "texture": "#1" }
			}
		},
		{
			"from": [ 1.5, 4, 5 ],
			"to": [ 2.5, 12, 11 ],
			"faces": {
				"down": { "uv": [ 0, 0, 1, 6 ], "texture": "#2" },
				"up": { "uv": [ 0, 0, 1, 6 ], "texture": "#2" },
				"north": { "uv": [ 0, 0, 1, 8 ], "texture": "#2" },
				"south": { "uv": [ 0, 0, 1, 8 ], "texture": "#2" },
				"west": { "uv": [ 0, 0, 6, 8 ], "texture": "#2" },
				"east": { "uv": [ 0, 0, 6, 8 ], "texture": "#2" }
			}
		},
		{
			"from": [ 1.5, 5, 11 ],
			"to": [ 2.5, 11, 12 ],
			"faces": {
				"down": { "uv": [ 0, 0, 1, 1 ], "texture": "#2" },
				"up": { "uv": [ 0, 0, 1, 1 ], "texture": "#2" },
				"south": { "uv": [ 0, 0, 1, 6 ], "texture": "#2" },
				"west": { "uv": [ 0, 0, 1, 6 ], "texture": "#2" },
				"east": { "uv": [ 0, 1, 1, 7 ], "texture": "#2" }
			}
		},
		{
			"from": [ 1.5, 5, 4 ],
			"to": [ 2.5, 11, 5 ],
			"faces": {
				"down": { "uv": [ 0, 0, 1, 1 ], "texture": "#2" },
				"up": { "uv": [ 0, 0, 1, 1 ], "texture": "#2" },
				"north": { "uv": [ 0, 1, 1, 7 ], "texture": "#2" },
				"west": { "uv": [ 0, 0, 1, 6 ], "texture": "#2" },
				"east": { "uv": [ 15, 1, 16, 7 ], "texture": "#2" }
			}
		},
		{
			"from": [ 2.5, 6, 5 ],
			"to": [ 3.5, 10, 11 ],
			"faces": {
				"down": { "uv": [ 0, 0, 1, 6 ], "texture": "#3" },
				"up": { "uv": [ 0, 0, 1, 6 ], "texture": "#3" },
				"north": { "uv": [ 0, 0, 1, 4 ], "texture": "#3" },
				"south": { "uv": [ 0, 0, 1, 4 ], "texture": "#3" },
				"east": { "uv": [ 11, 5, 5, 9 ], "texture": "#3" }
			}
		}
	],
	"display": {
		"head": {
			"rotation":  [ 0, 90, 0 ],
			"translation":  [ 0, -30, -1 ],
			"scale":  [ 1.6, 1.6, 1.6 ]
		}
	}
}