{
	"__comment": "Model generated using MrCrayfish's Model Creator (http://mrcrayfish.coitem/map/modelcreator/)",
	"textures": {
		"skin": "item/character/antlion/body",
		"legs": "item/character/antlion/legs",
		"legs2": "item/character/antlion/legs2",
		"fang": "item/character/antlion/fang",
		"fang2": "item/character/antlion/fang2"
	},
	"elements": [ 	 
		{
			"from": [ 5, 2, 6.25 ],
			"to": [ 12.5, 6, 13.75 ],
			"rotation": { "origin": [ 8, 8, 8 ], "axis": "x", "angle": 22.5 },
			"faces": {
				"down": { "uv": [ 8, 0, 12, 4 ], "texture": "#skin" },
				"up": { "uv": [ 4, 0, 8, 4 ], "texture": "#skin", "rotation": 180 },
				"north": { "uv": [ 4, 4, 8, 6 ], "texture": "#skin" },
				"south": { "uv": [ 12, 4, 16, 6 ], "texture": "#skin" },
				"west": { "uv": [ 8, 4, 12, 6 ], "texture": "#skin" },
				"east": { "uv": [ 0, 4, 4, 6 ], "texture": "#skin" }
			}
		},
		{
			"from": [ 6.75, 0, 11.7 ],
			"to": [ 10.75, 3, 15.7 ],
			"faces": {
				"down": { "uv": [ 4, 8, 6, 10 ], "texture": "#skin", "cullface": "down" },
				"up": { "uv": [ 2, 8, 4, 10 ], "texture": "#skin" },
				"north": { "uv": [ 2, 10, 4, 11.5 ], "texture": "#skin" },
				"south": { "uv": [ 6, 10, 8, 11.5 ], "texture": "#skin" },
				"west": { "uv": [ 4, 10, 6, 11.5 ], "texture": "#skin" },
				"east": { "uv": [ 0, 10, 2, 11.5 ], "texture": "#skin" }
			}
		},
		{
			"from": [ 5.75, 0, 10.7 ],
			"to": [ 7.75, 2, 16.7 ],
			"rotation": { "origin": [ 8, 8, 8 ], "axis": "y", "angle": -22.5 },
			"faces": {
				"down": { "uv": [ 4, 8, 6, 10 ], "texture": "#legs2", "cullface": "down" },
				"up": { "uv": [ 2, 8, 4, 10 ], "texture": "#legs2" },
				"north": { "uv": [ 2, 10, 4, 12 ], "texture": "#legs2" },
				"south": { "uv": [ 6, 10, 8, 12 ], "texture": "#legs2" },
				"west": { "uv": [ 4, 10, 6, 12 ], "texture": "#legs2" },
				"east": { "uv": [ 0, 10, 2, 12 ], "texture": "#legs2" }
			}
		},
		{
			"from": [ 9.95, 0, 11.5 ],
			"to": [ 11.95, 2, 17.5 ],
			"rotation": { "origin": [ 8, 8, 8 ], "axis": "y", "angle": 22.5 },
			"faces": {
				"down": { "uv": [ 4, 8, 6, 10 ], "texture": "#legs2", "cullface": "down" },
				"up": { "uv": [ 2, 8, 4, 10 ], "texture": "#legs2" },
				"north": { "uv": [ 2, 10, 4, 12 ], "texture": "#legs2" },
				"south": { "uv": [ 6, 10, 8, 12 ], "texture": "#legs2" },
				"west": { "uv": [ 4, 10, 6, 12 ], "texture": "#legs2" },
				"east": { "uv": [ 0, 10, 2, 12 ], "texture": "#legs2" }
			}
		},
		{
			"from": [ 4.75, 0, 8.7 ],
			"to": [ 6.75, 2, 14.7 ],
			"rotation": { "origin": [ 8, 8, 8 ], "axis": "y", "angle": -45 },
			"faces": {
				"down": { "uv": [ 4, 8, 6, 10 ], "texture": "#legs", "cullface": "down" },
				"up": { "uv": [ 2, 8, 4, 10 ], "texture": "#legs" },
				"north": { "uv": [ 2, 10, 4, 12 ], "texture": "#legs" },
				"south": { "uv": [ 6, 10, 8, 12 ], "texture": "#legs" },
				"west": { "uv": [ 4, 10, 6, 12 ], "texture": "#legs" },
				"east": { "uv": [ 0, 10, 2, 12 ], "texture": "#legs" }
			}
		},
		{
			"from": [ 10.75, 0, 9.7 ],
			"to": [ 12.75, 2, 15.7 ],
			"rotation": { "origin": [ 8, 8, 8 ], "axis": "y", "angle": 45 },
			"faces": {
				"down": { "uv": [ 4, 8, 6, 10 ], "texture": "#legs", "cullface": "east" },
				"up": { "uv": [ 2, 8, 4, 10 ], "texture": "#legs", "cullface": "east" },
				"north": { "uv": [ 2, 10, 4, 12 ], "texture": "#legs", "cullface": "east" },
				"south": { "uv": [ 6, 10, 8, 12 ], "texture": "#legs", "cullface": "east" },
				"west": { "uv": [ 4, 10, 6, 12 ], "texture": "#legs", "cullface": "east" },
				"east": { "uv": [ 0, 10, 2, 12 ], "texture": "#legs", "cullface": "east" }
			}
		},
		{
			"from": [ 13.75, 4, 4.7 ],
			"to": [ 19.75, 6, 6.7 ],
			"rotation": { "origin": [ 8, 8, 8 ], "axis": "z", "angle": -22.5 },
			"faces": {
				"down": { "uv": [ 4, 8, 6, 10 ], "texture": "#legs2", "cullface": "east" },
				"up": { "uv": [ 2, 8, 4, 10 ], "texture": "#legs2", "cullface": "east" },
				"north": { "uv": [ 2, 10, 4, 12 ], "texture": "#legs2", "cullface": "east" },
				"south": { "uv": [ 6, 10, 8, 12 ], "texture": "#legs2", "cullface": "east" },
				"west": { "uv": [ 4, 10, 6, 12 ], "texture": "#legs2", "cullface": "east" },
				"east": { "uv": [ 0, 10, 2, 12 ], "texture": "#legs2", "cullface": "east" }
			}
		},
		{
			"from": [ -2.25, 3.5, 4.7 ],
			"to": [ 3.75, 5.5, 6.7 ],
			"rotation": { "origin": [ 8, 8, 8 ], "axis": "z", "angle": 22.5 },
			"faces": {
				"down": { "uv": [ 4, 8, 6, 10 ], "texture": "#legs2", "cullface": "west" },
				"up": { "uv": [ 2, 8, 4, 10 ], "texture": "#legs2", "cullface": "west" },
				"north": { "uv": [ 2, 10, 4, 12 ], "texture": "#legs2", "cullface": "west" },
				"south": { "uv": [ 6, 10, 8, 12 ], "texture": "#legs2", "cullface": "west" },
				"west": { "uv": [ 4, 10, 6, 12 ], "texture": "#legs2", "cullface": "west" },
				"east": { "uv": [ 0, 10, 2, 12 ], "texture": "#legs2", "cullface": "west" }
			}
		},
		{
			"from": [ 5.75, 0.2, 10.7 ],
			"to": [ 7.75, 2.2, 16.7 ],
			"rotation": { "origin": [ 8, 8, 8 ], "axis": "y", "angle": -22.5 },
			"faces": {
				"down": { "uv": [ 4, 8, 6, 10 ], "texture": "#legs" },
				"up": { "uv": [ 2, 8, 4, 10 ], "texture": "#legs" },
				"north": { "uv": [ 2, 10, 4, 12 ], "texture": "#legs" },
				"south": { "uv": [ 6, 10, 8, 12 ], "texture": "#legs" },
				"west": { "uv": [ 4, 10, 6, 12 ], "texture": "#legs" },
				"east": { "uv": [ 0, 10, 2, 12 ], "texture": "#legs" }
			}
		},
		{
			"from": [ 9.95, 0.2, 11.5 ],
			"to": [ 11.95, 2.2, 17.5 ],
			"rotation": { "origin": [ 8, 8, 8 ], "axis": "y", "angle": 22.5 },
			"faces": {
				"down": { "uv": [ 4, 8, 6, 10 ], "texture": "#legs" },
				"up": { "uv": [ 2, 8, 4, 10 ], "texture": "#legs" },
				"north": { "uv": [ 2, 10, 4, 12 ], "texture": "#legs" },
				"south": { "uv": [ 6, 10, 8, 12 ], "texture": "#legs" },
				"west": { "uv": [ 4, 10, 6, 12 ], "texture": "#legs" },
				"east": { "uv": [ 0, 10, 2, 12 ], "texture": "#legs" }
			}
		},
		{
			"from": [ 4.75, 0.2, 8.7 ],
			"to": [ 6.75, 2.2, 14.7 ],
			"rotation": { "origin": [ 8, 8, 8 ], "axis": "y", "angle": -45 },
			"faces": {
				"down": { "uv": [ 4, 8, 6, 10 ], "texture": "#legs2" },
				"up": { "uv": [ 2, 8, 4, 10 ], "texture": "#legs2" },
				"north": { "uv": [ 2, 10, 4, 12 ], "texture": "#legs2" },
				"south": { "uv": [ 6, 10, 8, 12 ], "texture": "#legs2" },
				"west": { "uv": [ 4, 10, 6, 12 ], "texture": "#legs2" },
				"east": { "uv": [ 0, 10, 2, 12 ], "texture": "#legs2" }
			}
		},
		{
			"from": [ 10.75, 0.2, 9.7 ],
			"to": [ 12.75, 2.2, 15.7 ],
			"rotation": { "origin": [ 8, 8, 8 ], "axis": "y", "angle": 45 },
			"faces": {
				"down": { "uv": [ 4, 8, 6, 10 ], "texture": "#legs2", "cullface": "east" },
				"up": { "uv": [ 2, 8, 4, 10 ], "texture": "#legs2", "cullface": "east" },
				"north": { "uv": [ 2, 10, 4, 12 ], "texture": "#legs2", "cullface": "east" },
				"south": { "uv": [ 6, 10, 8, 12 ], "texture": "#legs2", "cullface": "east" },
				"west": { "uv": [ 4, 10, 6, 12 ], "texture": "#legs2", "cullface": "east" },
				"east": { "uv": [ 0, 10, 2, 12 ], "texture": "#legs2", "cullface": "east" }
			}
		},
		{
			"from": [ 13.75, 4.2, 4.7 ],
			"to": [ 19.75, 6.2, 6.7 ],
			"rotation": { "origin": [ 8, 8, 8 ], "axis": "z", "angle": -22.5 },
			"faces": {
				"down": { "uv": [ 4, 8, 6, 10 ], "texture": "#legs", "cullface": "east" },
				"up": { "uv": [ 2, 8, 4, 10 ], "texture": "#legs", "cullface": "east" },
				"north": { "uv": [ 2, 10, 4, 12 ], "texture": "#legs", "cullface": "east" },
				"south": { "uv": [ 6, 10, 8, 12 ], "texture": "#legs", "cullface": "east" },
				"west": { "uv": [ 4, 10, 6, 12 ], "texture": "#legs", "cullface": "east" },
				"east": { "uv": [ 0, 10, 2, 12 ], "texture": "#legs", "cullface": "east" }
			}
		},
		{
			"from": [ -2.25, 3.7, 4.7 ],
			"to": [ 3.75, 5.7, 6.7 ],
			"rotation": { "origin": [ 8, 8, 8 ], "axis": "z", "angle": 22.5 },
			"faces": {
				"down": { "uv": [ 4, 8, 6, 10 ], "texture": "#legs", "cullface": "west" },
				"up": { "uv": [ 2, 8, 4, 10 ], "texture": "#legs", "cullface": "west" },
				"north": { "uv": [ 2, 10, 4, 12 ], "texture": "#legs", "cullface": "west" },
				"south": { "uv": [ 6, 10, 8, 12 ], "texture": "#legs", "cullface": "west" },
				"west": { "uv": [ 4, 10, 6, 12 ], "texture": "#legs", "cullface": "west" },
				"east": { "uv": [ 0, 10, 2, 12 ], "texture": "#legs", "cullface": "west" }
			}
		},
		{
			"from": [ 6.75, 0, 15.7 ],
			"to": [ 8.25, 2, 20.7 ],
			"rotation": { "origin": [ 8.5, 2.8, 15 ], "axis": "y", "angle": -22.5 },
			"faces": {
				"down": { "uv": [ 4, 8, 6, 10 ], "texture": "#fang", "cullface": "south" },
				"up": { "uv": [ 2, 8, 4, 10 ], "texture": "#fang", "cullface": "south" },
				"north": { "uv": [ 2, 10, 4, 12 ], "texture": "#fang", "cullface": "south" },
				"south": { "uv": [ 6, 10, 8, 12 ], "texture": "#fang", "cullface": "south" },
				"west": { "uv": [ 4, 10, 6, 12 ], "texture": "#fang", "cullface": "south" },
				"east": { "uv": [ 0, 10, 2, 12 ], "texture": "#fang", "cullface": "south" }
			}
		},
		{
			"from": [ 9.05, 0, 16 ],
			"to": [ 10.55, 2, 21 ],
			"rotation": { "origin": [ 8.5, 2.8, 15 ], "axis": "y", "angle": 22.5 },
			"faces": {
				"down": { "uv": [ 4, 8, 6, 10 ], "texture": "#fang", "cullface": "south" },
				"up": { "uv": [ 2, 8, 4, 10 ], "texture": "#fang", "cullface": "south" },
				"south": { "uv": [ 6, 10, 8, 12 ], "texture": "#fang", "cullface": "south" },
				"west": { "uv": [ 4, 10, 6, 12 ], "texture": "#fang", "cullface": "south" },
				"east": { "uv": [ 0, 10, 2, 12 ], "texture": "#fang", "cullface": "south" }
			}
		},
		{
			"from": [ 7.25, 0, 15.7 ],
			"to": [ 8.75, 2, 20.7 ],
			"faces": {
				"down": { "uv": [ 4, 8, 6, 10 ], "texture": "#fang2", "cullface": "south" },
				"up": { "uv": [ 2, 8, 4, 10 ], "texture": "#fang2", "cullface": "south" },
				"south": { "uv": [ 6, 10, 8, 12 ], "texture": "#fang2", "cullface": "south" },
				"west": { "uv": [ 4, 10, 6, 12 ], "texture": "#fang2", "cullface": "south" }
			}
		},
		{
			"from": [ 8.75, 0, 15.7 ],
			"to": [ 10.25, 2, 20.7 ],
			"faces": {
				"down": { "uv": [ 4, 8, 6, 10 ], "texture": "#fang2", "cullface": "south" },
				"up": { "uv": [ 2, 8, 4, 10 ], "texture": "#fang2", "cullface": "south" },
				"south": { "uv": [ 6, 10, 8, 12 ], "texture": "#fang2", "cullface": "south" },
				"east": { "uv": [ 0, 10, 2, 12 ], "texture": "#fang2", "cullface": "south" }
			}
		}
	],
	"display": {
		"head": {
			"rotation":  [ 0, 180, 0 ],
			"translation":  [ 2.4, -17, 0 ],
			"scale":  [ 3.4, 3.4, 3.4 ]
		}
	}
}