{
	"__comment": "Model generated using MrCrayfish's Model Creator (http://mrcrayfish.coitem/map/modelcreator/)",
	"textures": {
		"0": "item/character/beetle_red/beetle0",
		"1": "item/character/beetle_red/beetle1",
		"2": "item/character/beetle_red/beetle2",
		"3": "item/character/beetle_red/beetle3"
	},
	"elements": [ 	 
		{
			"from": [ 5, 3, 1 ],
			"to": [ 11, 7, 9 ],
			"faces": {
				"down": { "uv": [ 12, 3.5, 16, 7 ], "texture": "#0" },
				"up": { "uv": [ 12, 0, 16, 3.5 ], "texture": "#0", "rotation": 90 },
				"north": { "uv": [ 8.5, 4, 12, 6 ], "texture": "#0" },
				"south": { "uv": [ 8.5, 2, 12, 4 ], "texture": "#0" },
				"west": { "uv": [ 12, 0, 8, 2 ], "texture": "#0" },
				"east": { "uv": [ 8, 0, 12, 2 ], "texture": "#0" }
			}
		},
		{
			"from": [ 5.5, 1, 1.5 ],
			"to": [ 10.5, 3, 8.5 ],
			"faces": {
				"down": { "uv": [ 0, 0, 3, 4 ], "texture": "#0" },
				"north": { "uv": [ 5, 0, 7, 3 ], "texture": "#0", "rotation": 90 },
				"south": { "uv": [ 5, 0, 7, 3 ], "texture": "#0", "rotation": 90 },
				"west": { "uv": [ 3, 0, 5, 4 ], "texture": "#0", "rotation": 90 },
				"east": { "uv": [ 3, 4, 5, 0 ], "texture": "#0", "rotation": 90 }
			}
		},
		{
			"from": [ 3.5, 0, 1.5 ],
			"to": [ 5.5, 3, 3.5 ],
			"faces": {
				"down": { "uv": [ 6, 4, 8, 6 ], "texture": "#1", "cullface": "down" },
				"up": { "uv": [ 2, 4, 4, 6 ], "texture": "#1" },
				"north": { "uv": [ 4, 4, 6, 7 ], "texture": "#1" },
				"south": { "uv": [ 0, 4, 2, 7 ], "texture": "#1" },
				"west": { "uv": [ 2, 7, 0, 4 ], "texture": "#1" },
				"east": { "uv": [ 4, 4, 6, 7 ], "texture": "#1" }
			}
		},
		{
			"from": [ 6, 1.3, 8 ],
			"to": [ 10, 5.3, 14 ],
			"faces": {
				"down": { "uv": [ 5, 7, 8, 9 ], "texture": "#0" },
				"up": { "uv": [ 5, 7, 8, 9 ], "texture": "#0" },
				"north": { "uv": [ 0, 7, 2, 9 ], "texture": "#0" },
				"south": { "uv": [ 0, 7, 2, 9 ], "texture": "#0" },
				"west": { "uv": [ 5, 7, 2, 9 ], "texture": "#0" },
				"east": { "uv": [ 2, 7, 5, 9 ], "texture": "#0" }
			}
		},
		{
			"from": [ 7, 7, 12.5 ],
			"to": [ 9, 17, 15.5 ],
			"rotation": { "origin": [ 8, 8, 8 ], "axis": "x", "angle": 45 },
			"faces": {
				"up": { "uv": [ 1.5, 14.5, 2.5, 16 ], "texture": "#0", "cullface": "south" },
				"north": { "uv": [ 0, 11, 1.5, 16 ], "texture": "#0", "cullface": "south", "rotation": 180 },
				"south": { "uv": [ 0, 11, 1.5, 16 ], "texture": "#0", "cullface": "south", "rotation": 180 },
				"west": { "uv": [ 0, 11, 1.5, 16 ], "texture": "#0", "cullface": "south" },
				"east": { "uv": [ 0, 11, 1.5, 16 ], "texture": "#0", "cullface": "south" }
			}
		},
		{
			"from": [ 7.1, 3, 11 ],
			"to": [ 8.9, 5, 13 ],
			"rotation": { "origin": [ 8, 8, 8 ], "axis": "x", "angle": -45 },
			"faces": {
				"down": { "uv": [ 3.5, 15, 4.5, 16 ], "texture": "#0" },
				"up": { "uv": [ 3.5, 15, 4.5, 16 ], "texture": "#0" },
				"north": { "uv": [ 3.5, 15, 4.5, 16 ], "texture": "#0" },
				"south": { "uv": [ 3.5, 15, 4.5, 16 ], "texture": "#0" },
				"west": { "uv": [ 3.5, 15, 4.5, 16 ], "texture": "#0" },
				"east": { "uv": [ 3.5, 15, 4.5, 16 ], "texture": "#0" }
			}
		},
		{
			"from": [ 7.1, 3, 14 ],
			"to": [ 8.9, 6, 16 ],
			"rotation": { "origin": [ 8, 8, 8 ], "axis": "x", "angle": -45 },
			"faces": {
				"down": { "uv": [ 3.5, 15, 4.5, 16 ], "texture": "#0", "cullface": "south" },
				"up": { "uv": [ 3.5, 15, 4.5, 16 ], "texture": "#0", "cullface": "south" },
				"north": { "uv": [ 4.5, 14.5, 5.5, 16 ], "texture": "#0", "cullface": "south" },
				"south": { "uv": [ 4.5, 14.5, 5.5, 16 ], "texture": "#0", "cullface": "south" },
				"west": { "uv": [ 4.5, 14.5, 5.5, 16 ], "texture": "#0", "cullface": "south" },
				"east": { "uv": [ 4.5, 14.5, 5.5, 16 ], "texture": "#0", "cullface": "south" }
			}
		},
		{
			"from": [ 3.5, 0, 4 ],
			"to": [ 5.5, 3, 6 ],
			"faces": {
				"down": { "uv": [ 6, 4, 8, 6 ], "texture": "#1", "cullface": "down" },
				"up": { "uv": [ 2, 4, 4, 6 ], "texture": "#1" },
				"north": { "uv": [ 4, 4, 6, 7 ], "texture": "#1" },
				"south": { "uv": [ 0, 4, 2, 7 ], "texture": "#1" },
				"west": { "uv": [ 2, 7, 0, 4 ], "texture": "#1" },
				"east": { "uv": [ 4, 4, 6, 7 ], "texture": "#1" }
			}
		},
		{
			"from": [ 3.5, 0, 6.5 ],
			"to": [ 5.5, 3, 8.5 ],
			"faces": {
				"down": { "uv": [ 6, 4, 8, 6 ], "texture": "#1", "cullface": "down" },
				"up": { "uv": [ 2, 4, 4, 6 ], "texture": "#1" },
				"north": { "uv": [ 4, 4, 6, 7 ], "texture": "#1" },
				"south": { "uv": [ 0, 4, 2, 7 ], "texture": "#1" },
				"west": { "uv": [ 2, 7, 0, 4 ], "texture": "#1" },
				"east": { "uv": [ 4, 4, 6, 7 ], "texture": "#1" }
			}
		},
		{
			"from": [ 10.5, 0, 1.5 ],
			"to": [ 12.5, 3, 3.5 ],
			"faces": {
				"down": { "uv": [ 6, 4, 8, 6 ], "texture": "#1", "cullface": "down" },
				"up": { "uv": [ 2, 4, 4, 6 ], "texture": "#1" },
				"north": { "uv": [ 4, 4, 6, 7 ], "texture": "#1" },
				"south": { "uv": [ 0, 4, 2, 7 ], "texture": "#1" },
				"west": { "uv": [ 2, 7, 0, 4 ], "texture": "#1" },
				"east": { "uv": [ 4, 4, 6, 7 ], "texture": "#1" }
			}
		},
		{
			"from": [ 10.5, 0, 4 ],
			"to": [ 12.5, 3, 6 ],
			"faces": {
				"down": { "uv": [ 6, 4, 8, 6 ], "texture": "#1", "cullface": "down" },
				"up": { "uv": [ 2, 4, 4, 6 ], "texture": "#1" },
				"north": { "uv": [ 4, 4, 6, 7 ], "texture": "#1" },
				"south": { "uv": [ 0, 4, 2, 7 ], "texture": "#1" },
				"west": { "uv": [ 2, 7, 0, 4 ], "texture": "#1" },
				"east": { "uv": [ 4, 4, 6, 7 ], "texture": "#1" }
			}
		},
		{
			"from": [ 10.5, 0, 6.5 ],
			"to": [ 12.5, 3, 8.5 ],
			"faces": {
				"down": { "uv": [ 6, 4, 8, 6 ], "texture": "#1", "cullface": "down" },
				"up": { "uv": [ 2, 4, 4, 6 ], "texture": "#1" },
				"north": { "uv": [ 4, 4, 6, 7 ], "texture": "#1" },
				"south": { "uv": [ 0, 4, 2, 7 ], "texture": "#1" },
				"west": { "uv": [ 2, 7, 0, 4 ], "texture": "#1" },
				"east": { "uv": [ 4, 4, 6, 7 ], "texture": "#1" }
			}
		},
		{
			"from": [ 10.5, 0, 6.5 ],
			"to": [ 12.5, 3, 8.5 ],
			"rotation": { "origin": [ 8, 8, 7 ], "axis": "x", "angle": 22.5 },
			"faces": {
				"down": { "uv": [ 6, 4, 8, 6 ], "texture": "#2" },
				"up": { "uv": [ 2, 4, 4, 6 ], "texture": "#2" },
				"north": { "uv": [ 4, 4, 6, 7 ], "texture": "#2" },
				"south": { "uv": [ 0, 4, 2, 7 ], "texture": "#2" },
				"west": { "uv": [ 2, 7, 0, 4 ], "texture": "#2" },
				"east": { "uv": [ 4, 4, 6, 7 ], "texture": "#2" }
			}
		},
		{
			"from": [ 10.5, 0, 6.5 ],
			"to": [ 12.5, 3, 8.5 ],
			"rotation": { "origin": [ 8, 2, 8 ], "axis": "x", "angle": 22.5 },
			"faces": {
				"down": { "uv": [ 6, 4, 8, 6 ], "texture": "#2" },
				"up": { "uv": [ 2, 4, 4, 6 ], "texture": "#2" },
				"north": { "uv": [ 4, 4, 6, 7 ], "texture": "#2" },
				"south": { "uv": [ 0, 4, 2, 7 ], "texture": "#2" },
				"west": { "uv": [ 2, 7, 0, 4 ], "texture": "#2" },
				"east": { "uv": [ 4, 4, 6, 7 ], "texture": "#2" }
			}
		},
		{
			"from": [ 10.5, 0, 1.5 ],
			"to": [ 12.5, 3, 3.5 ],
			"rotation": { "origin": [ 8, 2, 3 ], "axis": "x", "angle": 22.5 },
			"faces": {
				"down": { "uv": [ 6, 4, 8, 6 ], "texture": "#2" },
				"up": { "uv": [ 2, 4, 4, 6 ], "texture": "#2" },
				"north": { "uv": [ 4, 4, 6, 7 ], "texture": "#2" },
				"south": { "uv": [ 0, 4, 2, 7 ], "texture": "#2" },
				"west": { "uv": [ 2, 7, 0, 4 ], "texture": "#2" },
				"east": { "uv": [ 4, 4, 6, 7 ], "texture": "#2" }
			}
		},
		{
			"from": [ 10.5, 0, 1.5 ],
			"to": [ 12.5, 3, 3.5 ],
			"rotation": { "origin": [ 8, 2, 2 ], "axis": "x", "angle": -22.5 },
			"faces": {
				"down": { "uv": [ 6, 4, 8, 6 ], "texture": "#3" },
				"up": { "uv": [ 2, 4, 4, 6 ], "texture": "#3" },
				"north": { "uv": [ 4, 4, 6, 7 ], "texture": "#3" },
				"south": { "uv": [ 0, 4, 2, 7 ], "texture": "#3" },
				"west": { "uv": [ 2, 7, 0, 4 ], "texture": "#3" },
				"east": { "uv": [ 4, 4, 6, 7 ], "texture": "#3" }
			}
		},
		{
			"from": [ 10.5, 0, 4 ],
			"to": [ 12.5, 3, 6 ],
			"rotation": { "origin": [ 8, 2, 4 ], "axis": "x", "angle": -22.5 },
			"faces": {
				"down": { "uv": [ 6, 4, 8, 6 ], "texture": "#3" },
				"up": { "uv": [ 2, 4, 4, 6 ], "texture": "#3" },
				"north": { "uv": [ 4, 4, 6, 7 ], "texture": "#3" },
				"south": { "uv": [ 0, 4, 2, 7 ], "texture": "#3" },
				"west": { "uv": [ 2, 7, 0, 4 ], "texture": "#3" },
				"east": { "uv": [ 4, 4, 6, 7 ], "texture": "#3" }
			}
		},
		{
			"from": [ 10.5, 0, 6.5 ],
			"to": [ 12.5, 3, 8.5 ],
			"rotation": { "origin": [ 8, 2, 7 ], "axis": "x", "angle": -22.5 },
			"faces": {
				"down": { "uv": [ 6, 4, 8, 6 ], "texture": "#3" },
				"up": { "uv": [ 2, 4, 4, 6 ], "texture": "#3" },
				"north": { "uv": [ 4, 4, 6, 7 ], "texture": "#3" },
				"south": { "uv": [ 0, 4, 2, 7 ], "texture": "#3" },
				"west": { "uv": [ 2, 7, 0, 4 ], "texture": "#3" },
				"east": { "uv": [ 4, 4, 6, 7 ], "texture": "#3" }
			}
		},
		{
			"from": [ 3.5, 0, 4 ],
			"to": [ 5.5, 3, 6 ],
			"rotation": { "origin": [ 8, 2, 6 ], "axis": "x", "angle": 22.5 },
			"faces": {
				"down": { "uv": [ 6, 4, 8, 6 ], "texture": "#3" },
				"up": { "uv": [ 2, 4, 4, 6 ], "texture": "#3" },
				"north": { "uv": [ 4, 4, 6, 7 ], "texture": "#3" },
				"south": { "uv": [ 0, 4, 2, 7 ], "texture": "#3" },
				"west": { "uv": [ 2, 7, 0, 4 ], "texture": "#3" },
				"east": { "uv": [ 4, 4, 6, 7 ], "texture": "#3" }
			}
		},
		{
			"from": [ 3.5, 0, 6.5 ],
			"to": [ 5.5, 3, 8.5 ],
			"rotation": { "origin": [ 8, 2, 8 ], "axis": "x", "angle": 22.5 },
			"faces": {
				"down": { "uv": [ 6, 4, 8, 6 ], "texture": "#3" },
				"up": { "uv": [ 2, 4, 4, 6 ], "texture": "#3" },
				"north": { "uv": [ 4, 4, 6, 7 ], "texture": "#3" },
				"south": { "uv": [ 0, 4, 2, 7 ], "texture": "#3" },
				"west": { "uv": [ 2, 7, 0, 4 ], "texture": "#3" },
				"east": { "uv": [ 4, 4, 6, 7 ], "texture": "#3" }
			}
		},
		{
			"from": [ 3.5, 0, 1.5 ],
			"to": [ 5.5, 3, 3.5 ],
			"rotation": { "origin": [ 8, 2, 3 ], "axis": "x", "angle": 22.5 },
			"faces": {
				"down": { "uv": [ 6, 4, 8, 6 ], "texture": "#3" },
				"up": { "uv": [ 2, 4, 4, 6 ], "texture": "#3" },
				"north": { "uv": [ 4, 4, 6, 7 ], "texture": "#3" },
				"south": { "uv": [ 0, 4, 2, 7 ], "texture": "#3" },
				"west": { "uv": [ 2, 7, 0, 4 ], "texture": "#3" },
				"east": { "uv": [ 4, 4, 6, 7 ], "texture": "#3" }
			}
		},
		{
			"from": [ 3.5, 0, 4 ],
			"to": [ 5.5, 3, 6 ],
			"rotation": { "origin": [ 8, 3, 4 ], "axis": "x", "angle": -22.5 },
			"faces": {
				"down": { "uv": [ 6, 4, 8, 6 ], "texture": "#2" },
				"up": { "uv": [ 2, 4, 4, 6 ], "texture": "#2" },
				"south": { "uv": [ 0, 4, 2, 7 ], "texture": "#2" },
				"west": { "uv": [ 2, 7, 0, 4 ], "texture": "#2" },
				"east": { "uv": [ 4, 4, 6, 7 ], "texture": "#2" }
			}
		},
		{
			"from": [ 3.5, 0, 6.5 ],
			"to": [ 5.5, 3, 8.5 ],
			"rotation": { "origin": [ 8, 2, 7 ], "axis": "x", "angle": -22.5 },
			"faces": {
				"down": { "uv": [ 6, 4, 8, 6 ], "texture": "#2" },
				"up": { "uv": [ 2, 4, 4, 6 ], "texture": "#2" },
				"north": { "uv": [ 4, 4, 6, 7 ], "texture": "#2" },
				"south": { "uv": [ 0, 4, 2, 7 ], "texture": "#2" },
				"west": { "uv": [ 2, 7, 0, 4 ], "texture": "#2" },
				"east": { "uv": [ 4, 4, 6, 7 ], "texture": "#2" }
			}
		},
		{
			"from": [ 3.5, 0, 1.5 ],
			"to": [ 5.5, 3, 3.5 ],
			"rotation": { "origin": [ 8, 3, 2 ], "axis": "x", "angle": -22.5 },
			"faces": {
				"down": { "uv": [ 6, 4, 8, 6 ], "texture": "#2" },
				"up": { "uv": [ 2, 4, 4, 6 ], "texture": "#2" },
				"south": { "uv": [ 0, 4, 2, 7 ], "texture": "#2" },
				"west": { "uv": [ 2, 7, 0, 4 ], "texture": "#2" },
				"east": { "uv": [ 4, 4, 6, 7 ], "texture": "#2" }
			}
		}
	],
	"display": {
		"head": {
			"rotation":  [ 0, 180, 0 ],
			"translation":  [ 0, -20, 0 ],
			"scale":  [ 3, 3, 3 ]
		}
	}
}