{
	"__comment": "Model generated using MrCrayfish's Model Creator (http://mrcrayfish.com/modelcreator/)",
	"textures": {
		"0": "item/character/boulder/stone_andesite"
	},
	"elements": [ 	 
		{
			"from": [ 3, 0, 3 ],
			"to": [ 13, 2, 13 ],
			"faces": {
				"down": { "uv": [ 5, 0, 10, 5 ], "texture": "#0", "cullface": "down" },
				"up": { "uv": [ 10, 0, 15, 5 ], "texture": "#0" },
				"north": { "uv": [ 0, 4, 5, 5 ], "texture": "#0" },
				"south": { "uv": [ 0, 4, 5, 5 ], "texture": "#0" },
				"west": { "uv": [ 0, 4, 5, 5 ], "texture": "#0" },
				"east": { "uv": [ 0, 4, 5, 5 ], "texture": "#0" }
			}
		},
		{
			"from": [ 4, 2, 3 ],
			"to": [ 12, 4, 12 ],
			"faces": {
				"north": { "uv": [ 0.5, 3, 4.5, 4 ], "texture": "#0" },
				"south": { "uv": [ 15, 0, 16, 1 ], "texture": "#0" },
				"west": { "uv": [ 15, 0, 16, 1 ], "texture": "#0" },
				"east": { "uv": [ 15, 0, 16, 1 ], "texture": "#0" }
			}
		},
		{
			"from": [ 3, 4, 3 ],
			"to": [ 13, 6, 13 ],
			"faces": {
				"down": { "uv": [ 10, 0, 15, 5 ], "texture": "#0" },
				"up": { "uv": [ 10, 0, 15, 5 ], "texture": "#0" },
				"north": { "uv": [ 0, 2, 5, 3 ], "texture": "#0" },
				"south": { "uv": [ 0, 2, 5, 3 ], "texture": "#0" },
				"west": { "uv": [ 0, 2, 5, 3 ], "texture": "#0" },
				"east": { "uv": [ 0, 2, 5, 3 ], "texture": "#0" }
			}
		},
		{
			"from": [ 3, 6, 3 ],
			"to": [ 13, 8, 11 ],
			"faces": {
				"north": { "uv": [ 0, 1, 5, 2 ], "texture": "#0" },
				"south": { "uv": [ 15, 1, 16, 2 ], "texture": "#0" },
				"west": { "uv": [ 0, 1, 4, 2 ], "texture": "#0" },
				"east": { "uv": [ 1, 1, 5, 2 ], "texture": "#0" }
			}
		},
		{
			"from": [ 3, 8, 3 ],
			"to": [ 13, 10, 13 ],
			"faces": {
				"down": { "uv": [ 10, 0, 15, 5 ], "texture": "#0" },
				"up": { "uv": [ 10, 0, 15, 5 ], "texture": "#0" },
				"north": { "uv": [ 0, 0, 5, 1 ], "texture": "#0" },
				"south": { "uv": [ 0, 0, 5, 1 ], "texture": "#0" },
				"west": { "uv": [ 0, 0, 5, 1 ], "texture": "#0" },
				"east": { "uv": [ 0, 0, 5, 1 ], "texture": "#0" }
			}
		},
		{
			"from": [ 3, 2, 3 ],
			"to": [ 4, 4, 8 ],
			"faces": {
				"north": { "uv": [ 0, 3, 0.5, 4 ], "texture": "#0" },
				"south": { "uv": [ 0, 3, 0.5, 4 ], "texture": "#0" },
				"west": { "uv": [ 0, 3, 2.5, 4 ], "texture": "#0" }
			}
		},
		{
			"from": [ 12, 2, 3 ],
			"to": [ 13, 4, 8 ],
			"faces": {
				"north": { "uv": [ 0, 3, 0.5, 4 ], "texture": "#0" },
				"south": { "uv": [ 0, 3, 0.5, 4 ], "texture": "#0" },
				"east": { "uv": [ 0, 3, 2.5, 4 ], "texture": "#0" }
			}
		},
		{
			"from": [ 3, 6, 11 ],
			"to": [ 5, 8, 13 ],
			"faces": {
				"south": { "uv": [ 0, 1, 1, 2 ], "texture": "#0" },
				"west": { "uv": [ 0, 1, 1, 2 ], "texture": "#0" },
				"east": { "uv": [ 0, 1, 1, 2 ], "texture": "#0" }
			}
		},
		{
			"from": [ 11, 6, 11 ],
			"to": [ 13, 8, 13 ],
			"faces": {
				"south": { "uv": [ 4, 1, 5, 2 ], "texture": "#0" },
				"west": { "uv": [ 4, 1, 5, 2 ], "texture": "#0" },
				"east": { "uv": [ 4, 1, 5, 2 ], "texture": "#0" }
			}
		},
		{
			"from": [ 7, 6, 11 ],
			"to": [ 9, 8, 13 ],
			"faces": {
				"south": { "uv": [ 2, 1, 3, 2 ], "texture": "#0" },
				"west": { "uv": [ 2, 1, 3, 2 ], "texture": "#0" },
				"east": { "uv": [ 2, 1, 3, 2 ], "texture": "#0" }
			}
		},
		{
			"from": [ 4, 2, 12 ],
			"to": [ 6, 3, 13 ],
			"faces": {
				"up": { "uv": [ 0.5, 3.5, 1.5, 4 ], "texture": "#0" },
				"south": { "uv": [ 0.5, 3.5, 1.5, 4 ], "texture": "#0" },
				"west": { "uv": [ 0.5, 4, 1, 4.5 ], "texture": "#0" },
				"east": { "uv": [ 0.5, 4, 1, 4.5 ], "texture": "#0" }
			}
		},
		{
			"from": [ 11, 2, 12 ],
			"to": [ 13, 3, 13 ],
			"faces": {
				"up": { "uv": [ 4, 3.5, 5, 4 ], "texture": "#0" },
				"north": { "uv": [ 0, 0, 2, 1 ], "texture": "#0" },
				"south": { "uv": [ 4, 3, 5, 3.5 ], "texture": "#0" },
				"west": { "uv": [ 0.5, 4, 1, 4.5 ], "texture": "#0" },
				"east": { "uv": [ 0.5, 4, 1, 4.5 ], "texture": "#0" }
			}
		},
		{
			"from": [ 7, 3, 12 ],
			"to": [ 8, 4, 13 ],
			"faces": {
				"down": { "uv": [ 0.5, 3.5, 1.5, 4 ], "texture": "#0" },
				"south": { "uv": [ 4, 3, 4.5, 3.5 ], "texture": "#0" },
				"west": { "uv": [ 0.5, 4, 1, 4.5 ], "texture": "#0" },
				"east": { "uv": [ 0.5, 4, 1, 4.5 ], "texture": "#0" }
			}
		},
		{
			"from": [ 3, 3, 10 ],
			"to": [ 4, 4, 11 ],
			"faces": {
				"down": { "uv": [ 0.5, 3.5, 1.5, 4 ], "texture": "#0" },
				"north": { "uv": [ 0, 0, 1, 1 ], "texture": "#0" },
				"south": { "uv": [ 4, 3, 4.5, 3.5 ], "texture": "#0" },
				"west": { "uv": [ 0.5, 4, 1, 4.5 ], "texture": "#0" }
			}
		},
		{
			"from": [ 12, 2, 9 ],
			"to": [ 13, 3, 10 ],
			"faces": {
				"up": { "uv": [ 4, 3.5, 5, 4 ], "texture": "#0" },
				"north": { "uv": [ 0, 0, 1, 1 ], "texture": "#0" },
				"south": { "uv": [ 4, 3, 4.5, 3.5 ], "texture": "#0" },
				"east": { "uv": [ 0.5, 4, 1, 4.5 ], "texture": "#0" }
			}
		}
	],
	"display": {
		"head": {
			"rotation":  [ 0, 180, 0 ],
			"translation":  [ 0, -30, 0 ],
			"scale":  [ 1.6, 1.6, 1.6 ]
		}
	}
}