{
    "__comment": "Model generated using MrCrayfish's Model Creator (http://mrcrayfish.coitem/map/modelcreator/)",
"ambientocclusion": false,
    "textures": {
        "particle": "item/character/creeper/c2",
        "0": "item/character/creeper/c2"
    },
	"display": {
	"head": {
		"rotation": [ 0, 0, 0 ],
		"translation": [ 0, -32, 0 ],
		"scale": [ 1.6, 1.6, 1.6 ]
	}
},
    "elements": [
        {
            "name": "LegBB",
            "from": [ 8.0, 0.0, 10.0 ], 
            "to": [ 12.0, 6.0, 14.0 ], 
            "faces": {
                "north": { "texture": "#0", "uv": [ 4.0, 5.0, 3.0, 6.5 ] },
                "east": { "texture": "#0", "uv": [ 2.0, 5.0, 3.0, 6.5 ] },
                "south": { "texture": "#0", "uv": [ 1.0, 5.0, 2.0, 6.5 ] },
                "west": { "texture": "#0", "uv": [ 0.0, 5.0, 1.0, 6.5 ] },
                "up": { "texture": "#0", "uv": [ 1.0, 4.0, 2.0, 5.0 ] },
                "down": { "texture": "#0", "uv": [ 5.0, 3.0, 9.0, 7.0 ] }
            }
        },
        {
            "name": "Body",
            "from": [ 4.0, 6.0, 6.0 ], 
            "to": [ 12.0, 18.0, 10.0 ], 
            "faces": {
                "north": { "texture": "#0", "uv": [ 5.0, 5.0, 7.0, 8.0 ] },
                "east": { "texture": "#0", "uv": [ 4.0, 5.0, 5.0, 8.0 ] },
                "south": { "texture": "#0", "uv": [ 8.0, 5.0, 10.0, 8.0 ] },
                "west": { "texture": "#0", "uv": [ 7.0, 5.0, 8.0, 8.0 ] },
                "up": { "texture": "#0", "uv": [ 5.0, 4.0, 7.0, 5.0 ] },
                "down": { "texture": "#0", "uv": [ 7.0, 4.0, 9.0, 5.0 ] }
            }
        },
        {
            "name": "Head",
            "from": [ 4.0, 18.0, 4.0 ], 
            "to": [ 12.0, 26.0, 12.0 ], 
            "faces": {
                "north": { "texture": "#0", "uv": [ 2.0, 2.0, 4.0, 4.0 ] },
                "east": { "texture": "#0", "uv": [ 0.0, 2.0, 2.0, 4.0 ] },
                "south": { "texture": "#0", "uv": [ 4.0, 2.0, 6.0, 4.0 ] },
                "west": { "texture": "#0", "uv": [ 6.0, 2.0, 8.0, 4.0 ] },
                "up": { "texture": "#0", "uv": [ 2.0, 0.0, 4.0, 2.0 ] },
                "down": { "texture": "#0", "uv": [ 4.0, 0.0, 6.0, 2.0 ] }
            }
        },
        {
            "name": "LegBA",
            "from": [ 4.0, 0.0, 10.0 ], 
            "to": [ 8.0, 6.0, 14.0 ], 
            "faces": {
                "north": { "texture": "#0", "uv": [ 4.0, 5.0, 3.0, 6.5 ] },
                "east": { "texture": "#0", "uv": [ 2.0, 5.0, 3.0, 6.5 ] },
                "south": { "texture": "#0", "uv": [ 1.0, 5.0, 2.0, 6.5 ] },
                "west": { "texture": "#0", "uv": [ 0.0, 5.0, 1.0, 6.5 ] },
                "up": { "texture": "#0", "uv": [ 1.0, 4.0, 2.0, 5.0 ] },
                "down": { "texture": "#0", "uv": [ 2.0, 4.0, 3.0, 5.0 ] }
            }
        },
        {
            "name": "LegAA",
            "from": [ 4.0, 0.0, 2.0 ], 
            "to": [ 8.0, 6.0, 6.0 ], 
            "faces": {
                "north": { "texture": "#0", "uv": [ 2.0, 5.0, 1.0, 6.5 ] },
                "east": { "texture": "#0", "uv": [ 2.0, 5.0, 3.0, 6.5 ] },
                "south": { "texture": "#0", "uv": [ 4.0, 5.0, 3.0, 6.5 ] },
                "west": { "texture": "#0", "uv": [ 0.0, 5.0, 1.0, 6.5 ] },
                "up": { "texture": "#0", "uv": [ 1.0, 4.0, 2.0, 5.0 ] },
                "down": { "texture": "#0", "uv": [ 2.0, 4.0, 3.0, 5.0 ] }
            }
        },
        {
            "name": "LegAB",
            "from": [ 8.0, 0.0, 2.0 ], 
            "to": [ 12.0, 6.0, 6.0 ], 
            "faces": {
                "north": { "texture": "#0", "uv": [ 2.0, 5.0, 1.0, 6.5 ] },
                "east": { "texture": "#0", "uv": [ 2.0, 5.0, 3.0, 6.5 ] },
                "south": { "texture": "#0", "uv": [ 3.0, 5.0, 4.0, 6.5 ] },
                "west": { "texture": "#0", "uv": [ 0.0, 5.0, 1.0, 6.5 ] },
                "up": { "texture": "#0", "uv": [ 1.0, 4.0, 2.0, 5.0 ] },
                "down": { "texture": "#0", "uv": [ 2.0, 4.0, 3.0, 5.0 ] }
            }
        }
    ]
}