{
	"__comment": "Model generated using MrCrayfish's Model Creator (http://mrcrayfish.coitem/map/modelcreator/)",
	"textures": {
		"0": "item/character/ice_bug/ds2",
		"1": "item/character/ice_bug/ds"
	},
	"elements": [ 	 
		{
			"from": [ 6, 0, 4 ],
			"to": [ 7, 1, 11 ],
			"faces": {
				"down": { "uv": [ 0, 0, 1, 7 ], "texture": "#0", "cullface": "down" },
				"up": { "uv": [ 3, 0, 4, 7 ], "texture": "#0" },
				"north": { "uv": [ 0, 0, 1, 1 ], "texture": "#0" },
				"south": { "uv": [ 0, 0, 1, 1 ], "texture": "#0" },
				"west": { "uv": [ 2, 2, 9, 3 ], "texture": "#0" }
			}
		},
		{
			"from": [ 7, 1, 4 ],
			"to": [ 9, 2, 11 ],
			"faces": {
				"down": { "uv": [ 5, 2, 7, 9 ], "texture": "#0" },
				"up": { "uv": [ 14, 3, 16, 10 ], "texture": "#0" },
				"north": { "uv": [ 6, 6, 8, 7 ], "texture": "#0" },
				"south": { "uv": [ 0, 0, 2, 1 ], "texture": "#0" },
				"west": { "uv": [ 4, 7, 11, 8 ], "texture": "#0" },
				"east": { "uv": [ 3, 4, 10, 5 ], "texture": "#0" }
			}
		},
		{
			"from": [ 10, 3, 9 ],
			"to": [ 13, 4, 10 ],
			"rotation": { "origin": [ 8, 8, 8 ], "axis": "z", "angle": -45 },
			"faces": {
				"down": { "uv": [ 3, 5, 6, 6 ], "texture": "#0" },
				"up": { "uv": [ 3, 6, 6, 7 ], "texture": "#0" },
				"north": { "uv": [ 1, 6, 4, 7 ], "texture": "#0" },
				"south": { "uv": [ 2, 2, 5, 3 ], "texture": "#0" },
				"west": { "uv": [ 2, 5, 3, 6 ], "texture": "#0" }
			}
		},
		{
			"from": [ 3, 3, 9 ],
			"to": [ 6, 4, 10 ],
			"rotation": { "origin": [ 8, 8, 8 ], "axis": "z", "angle": 45 },
			"faces": {
				"down": { "uv": [ 4, 3, 7, 4 ], "texture": "#0" },
				"up": { "uv": [ 4, 3, 7, 4 ], "texture": "#0" },
				"north": { "uv": [ 0, 2, 3, 3 ], "texture": "#0" },
				"south": { "uv": [ 1, 5, 4, 6 ], "texture": "#0" },
				"east": { "uv": [ 2, 3, 3, 4 ], "texture": "#0" }
			}
		},
		{
			"from": [ 4, 0, 9 ],
			"to": [ 6, 1, 10 ],
			"faces": {
				"down": { "uv": [ 7, 10, 9, 11 ], "texture": "#0", "cullface": "down" },
				"up": { "uv": [ 7, 10, 9, 11 ], "texture": "#0" },
				"north": { "uv": [ 8, 0, 10, 1 ], "texture": "#0" },
				"south": { "uv": [ 7, 10, 9, 11 ], "texture": "#0" },
				"west": { "uv": [ 9, 0, 10, 1 ], "texture": "#0" }
			}
		},
		{
			"from": [ 4, 0, 6 ],
			"to": [ 6, 1, 7 ],
			"faces": {
				"down": { "uv": [ 7, 10, 9, 11 ], "texture": "#0", "cullface": "down" },
				"up": { "uv": [ 7, 10, 9, 11 ], "texture": "#0" },
				"north": { "uv": [ 8, 0, 10, 1 ], "texture": "#0" },
				"south": { "uv": [ 7, 10, 9, 11 ], "texture": "#0" },
				"west": { "uv": [ 9, 0, 10, 1 ], "texture": "#0" }
			}
		},
		{
			"from": [ 10, 0, 6 ],
			"to": [ 12, 1, 7 ],
			"faces": {
				"down": { "uv": [ 8, 0, 10, 1 ], "texture": "#0", "cullface": "down" },
				"up": { "uv": [ 8, 0, 10, 1 ], "texture": "#0" },
				"north": { "uv": [ 8, 11, 10, 12 ], "texture": "#0" },
				"south": { "uv": [ 8, 0, 10, 1 ], "texture": "#0" },
				"east": { "uv": [ 9, 0, 10, 1 ], "texture": "#0" }
			}
		},
		{
			"from": [ 10, 0, 9 ],
			"to": [ 12, 1, 10 ],
			"faces": {
				"down": { "uv": [ 8, 0, 10, 1 ], "texture": "#0", "cullface": "down" },
				"up": { "uv": [ 8, 0, 10, 1 ], "texture": "#0" },
				"north": { "uv": [ 8, 11, 10, 12 ], "texture": "#0" },
				"south": { "uv": [ 8, 0, 10, 1 ], "texture": "#0" },
				"east": { "uv": [ 9, 0, 10, 1 ], "texture": "#0" }
			}
		},
		{
			"from": [ 7, 0, 3 ],
			"to": [ 9, 1, 4 ],
			"faces": {
				"down": { "uv": [ 1, 15, 3, 16 ], "texture": "#0", "cullface": "down" },
				"up": { "uv": [ 2, 15, 4, 16 ], "texture": "#0" },
				"north": { "uv": [ 1, 15, 3, 16 ], "texture": "#0" },
				"south": { "uv": [ 1, 15, 3, 16 ], "texture": "#0" },
				"west": { "uv": [ 2, 15, 3, 16 ], "texture": "#0" },
				"east": { "uv": [ 1, 15, 2, 16 ], "texture": "#0" }
			}
		},
		{
			"from": [ 7, 0, 4 ],
			"to": [ 8, 1, 11 ],
			"faces": {
				"down": { "uv": [ 2, 3, 3, 10 ], "texture": "#0", "cullface": "down" }
			}
		},
		{
			"from": [ 8, 0, 4 ],
			"to": [ 9, 1, 11 ],
			"faces": {
				"down": { "uv": [ 3, 3, 4, 10 ], "texture": "#0", "cullface": "down" }
			}
		},
		{
			"from": [ 9, 0, 4 ],
			"to": [ 10, 1, 11 ],
			"faces": {
				"down": { "uv": [ 4, 2, 5, 9 ], "texture": "#0", "cullface": "down" },
				"up": { "uv": [ 0, 1, 1, 8 ], "texture": "#0" },
				"north": { "uv": [ 0, 0, 1, 1 ], "texture": "#0" },
				"south": { "uv": [ 2, 7, 3, 8 ], "texture": "#0" },
				"east": { "uv": [ 0, 0, 7, 1 ], "texture": "#0" }
			}
		},
		{
			"from": [ 7, 0, 11 ],
			"to": [ 9, 1, 12 ],
			"faces": {
				"down": { "uv": [ 1, 15, 3, 16 ], "texture": "#0", "cullface": "down" },
				"up": { "uv": [ 1, 15, 3, 16 ], "texture": "#0" },
				"north": { "uv": [ 1, 15, 3, 16 ], "texture": "#0" },
				"south": { "uv": [ 1, 15, 3, 16 ], "texture": "#0" },
				"west": { "uv": [ 1, 15, 2, 16 ], "texture": "#0" },
				"east": { "uv": [ 2, 15, 3, 16 ], "texture": "#0" }
			}
		},
		{
			"from": [ 6, 1, 11 ],
			"to": [ 7, 2, 12 ],
			"faces": {
				"down": { "uv": [ 0, 0, 1, 1 ], "texture": "#1" },
				"up": { "uv": [ 0, 0, 1, 1 ], "texture": "#1" },
				"north": { "uv": [ 0, 0, 1, 1 ], "texture": "#1" },
				"south": { "uv": [ 0, 0, 1, 1 ], "texture": "#1" },
				"west": { "uv": [ 0, 0, 1, 1 ], "texture": "#1" },
				"east": { "uv": [ 0, 0, 1, 1 ], "texture": "#1" }
			}
		},
		{
			"from": [ 9, 1, 11 ],
			"to": [ 10, 2, 12 ],
			"faces": {
				"down": { "uv": [ 9, 0, 10, 1 ], "texture": "#1" },
				"up": { "uv": [ 9, 0, 10, 1 ], "texture": "#1" },
				"north": { "uv": [ 9, 0, 10, 1 ], "texture": "#1" },
				"south": { "uv": [ 9, 0, 10, 1 ], "texture": "#1" },
				"west": { "uv": [ 9, 0, 10, 1 ], "texture": "#1" },
				"east": { "uv": [ 9, 0, 10, 1 ], "texture": "#1" }
			}
		}
	],
	"display": {
		"head": {
			"rotation":  [ 0, 180, 0 ],
			"translation":  [ 0, -22, 0 ],
			"scale":  [ 2.7, 2.7, 2.7 ]
		}
	}
}