{
    "__comment": "Model generated using MrCrayfish's Model Creator (http://mrcrayfish.coitem/map/modelcreator/)",
    "textures": {
        "0": "item/character/ice_slug/torch_slug",
        "1": "item/character/ice_slug/torch_slug_off"
    },
    "elements": [
        {
            "name": "Cube",
            "from": [ 0.0, 0.0, -2.0 ], 
            "to": [ 16.0, 3.0, 14.0 ], 
            "faces": {
                "north": { "texture": "#0", "uv": [ 0.0, 0.0, 16.0, 3.0 ] },
                "east": { "texture": "#0", "uv": [ 0.0, 0.0, 16.0, 3.0 ] },
                "south": { "texture": "#0", "uv": [ 0.0, 0.0, 16.0, 3.0 ] },
                "west": { "texture": "#0", "uv": [ 0.0, 0.0, 16.0, 3.0 ] },
                "up": { "texture": "#0", "uv": [ 0.0, 0.0, 16.0, 16.0 ] },
                "down": { "texture": "#0", "uv": [ 0.0, 0.0, 16.0, 16.0 ] }
            }
        },
        {
            "name": "Cube",
            "from": [ 0.0, 0.0, 14.0 ], 
            "to": [ 16.0, 3.0, 18.0 ], 
            "faces": {
                "north": { "texture": "#0", "uv": [ 0.0, 0.0, 16.0, 3.0 ] },
                "east": { "texture": "#0", "uv": [ 0.0, 0.0, 4.0, 3.0 ] },
                "south": { "texture": "#0", "uv": [ 0.0, 0.0, 16.0, 3.0 ] },
                "west": { "texture": "#0", "uv": [ 0.0, 0.0, 4.0, 3.0 ] },
                "up": { "texture": "#0", "uv": [ 0.0, 6.0, 16.0, 10.0 ] },
                "down": { "texture": "#0", "uv": [ 0.0, 0.0, 16.0, 4.0 ] }
            }
        },
        {
            "name": "Cube",
            "from": [ 1.0, 3.0, 0.0 ], 
            "to": [ 15.0, 5.0, 16.0 ], 
            "faces": {
                "north": { "texture": "#0", "uv": [ 0.0, 0.0, 14.0, 2.0 ] },
                "east": { "texture": "#0", "uv": [ 0.0, 0.0, 16.0, 2.0 ] },
                "south": { "texture": "#0", "uv": [ 0.0, 0.0, 14.0, 2.0 ] },
                "west": { "texture": "#0", "uv": [ 0.0, 0.0, 16.0, 2.0 ] },
                "up": { "texture": "#0", "uv": [ 0.0, 0.0, 14.0, 16.0 ] },
                "down": { "texture": "#0", "uv": [ 0.0, 0.0, 14.0, 16.0 ] }
            }
        },
        {
            "name": "Cube",
            "from": [ 4.0, 7.0, -1.0 ], 
            "to": [ 5.0, 12.0, 0.0 ], 
            "rotation": { "origin": [ 8.0, 8.0, 8.0 ], "axis": "x", "angle": -22.5 },
            "faces": {
                "north": { "texture": "#1", "uv": [ 0.0, 0.0, 1.0, 5.0 ] },
                "east": { "texture": "#1", "uv": [ 0.0, 0.0, 1.0, 5.0 ] },
                "south": { "texture": "#1", "uv": [ 0.0, 0.0, 1.0, 5.0 ] },
                "west": { "texture": "#1", "uv": [ 0.0, 0.0, 1.0, 5.0 ] },
                "up": { "texture": "#1", "uv": [ 0.0, 0.0, 1.0, 1.0 ] },
                "down": { "texture": "#1", "uv": [ 0.0, 0.0, 1.0, 1.0 ] }
            }
        },
        {
            "name": "Cube",
            "from": [ 11.0, 7.0, -1.0 ], 
            "to": [ 12.0, 12.0, 0.0 ], 
            "rotation": { "origin": [ 8.0, 8.0, 8.0 ], "axis": "x", "angle": -22.5 },
            "faces": {
                "north": { "texture": "#1", "uv": [ 0.0, 0.0, 1.0, 5.0 ] },
                "east": { "texture": "#1", "uv": [ 0.0, 0.0, 1.0, 5.0 ] },
                "south": { "texture": "#1", "uv": [ 0.0, 0.0, 1.0, 5.0 ] },
                "west": { "texture": "#1", "uv": [ 0.0, 0.0, 1.0, 5.0 ] },
                "up": { "texture": "#1", "uv": [ 0.0, 0.0, 1.0, 1.0 ] },
                "down": { "texture": "#1", "uv": [ 0.0, 0.0, 1.0, 1.0 ] }
            }
        }
    ],
"display": {
    "head": {
        "rotation": [ 0, 0, 0 ],
        "translation": [ 0.0, -23.0, 0.0 ],
        "scale": [ 2, 2.5, 2 ]
    }
}


}