{
	"credit": "Made with Blockbench, a free, modern block model editor by JannisX11",
	"textures": {
		"0": "item/character/sheep_orange/sheep_head",
		"2": "item/character/sheep_orange/sheep_other",
		"3": "item/character/sheep_orange/sheep_body"
	},
	"elements": [
		{
			"name": "Body",
			"from": [3, -4.725, -0.10000000000000142],
			"to": [13.8, 3.375000000000001, 16.900000000000002],
			"shade": true,
			"faces": {
				"north": {"uv": [5, 0, 9, 3], "texture": "#3"},
				"east": {
					"uv": [2, 3, 5, 11],
					"texture": "#3",
					"rotation": 90
				},
				"south": {"uv": [9, 0, 13, 3], "texture": "#3"},
				"west": {
					"uv": [9, 3, 12, 11],
					"texture": "#3",
					"rotation": 90
				},
				"up": {"uv": [12, 3, 16, 11], "texture": "#3"},
				"down": {"uv": [5, 3, 9, 11], "texture": "#3"}
			},
			"rotation": {
				"origin": [6.4, 5, 6.799999999999999],
				"axis": "y",
				"angle": 0
			}
		},
		{
			"name": "Head",
			"from": [
				4.35,
				-1.2499999999999982,
				-3.4749999999999996
			],
			"to": [12.45, 6.850000000000002, 4.625000000000001],
			"shade": true,
			"faces": {
				"north": {"uv": [9, 3, 12, 4], "texture": "#2"},
				"east": {"uv": [3, 3, 6, 6], "texture": "#2"},
				"south": {"uv": [6, 3, 9, 6], "texture": "#2"},
				"west": {"uv": [0, 3, 3, 6], "texture": "#2"},
				"up": {
					"uv": [3, 0, 6, 3],
					"texture": "#2",
					"rotation": 180
				},
				"down": {
					"uv": [6, 0, 9, 3],
					"texture": "#2",
					"rotation": 180
				}
			},
			"rotation": {
				"origin": [8, 8, 8],
				"axis": "y",
				"angle": 0
			}
		},
		{
			"name": "Face",
			"from": [
				5.025000000000001,
				-0.5749999999999993,
				-4.725
			],
			"to": [
				11.774999999999999,
				6.175000000000001,
				3.375000000000001
			],
			"shade": true,
			"faces": {
				"north": {"uv": [4, 4, 7, 7], "texture": "#0"},
				"east": {"uv": [0, 4, 4, 7], "texture": "#0"},
				"south": {"uv": [11, 4, 14, 7], "texture": "#0"},
				"west": {"uv": [7, 4, 11, 7], "texture": "#0"},
				"up": {"uv": [4, 0, 7, 4], "texture": "#0"},
				"down": {"uv": [7, 0, 10, 4], "texture": "#0"}
			},
			"rotation": {
				"origin": [8, 8, 8],
				"axis": "y",
				"angle": 0
			}
		},
		{
			"name": "Leg(Back Left)",
			"from": [
				3.5250000000000004,
				-7.975,
				12.544999999999995
			],
			"to": [7.575, -3.924999999999999, 16.595],
			"shade": true,
			"faces": {
				"north": {"uv": [0, 10, 2, 12], "texture": "#0"},
				"east": {"uv": [2, 10, 4, 12], "texture": "#0"},
				"south": {"uv": [4, 10, 6, 12], "texture": "#0"},
				"west": {"uv": [5, 10, 7, 12], "texture": "#0"},
				"up": {"uv": [0, 0, 1, 1], "texture": "#0"},
				"down": {"uv": [2, 8, 4, 10], "texture": "#0"}
			},
			"rotation": {
				"origin": [8, 8, 8],
				"axis": "y",
				"angle": 0
			}
		},
		{
			"name": "Leg(Back Right)",
			"from": [
				9.224999999999996,
				-7.975,
				12.544999999999995
			],
			"to": [
				13.274999999999999,
				-3.924999999999999,
				16.595
			],
			"shade": true,
			"faces": {
				"north": {"uv": [0, 10, 2, 12], "texture": "#0"},
				"east": {"uv": [2, 10, 4, 12], "texture": "#0"},
				"south": {"uv": [4, 10, 6, 12], "texture": "#0"},
				"west": {"uv": [5, 10, 7, 12], "texture": "#0"},
				"up": {"uv": [0, 0, 1, 1], "texture": "#0"},
				"down": {"uv": [2, 8, 4, 10], "texture": "#0"}
			},
			"rotation": {
				"origin": [8, 8, 8],
				"axis": "y",
				"angle": 0
			}
		},
		{
			"name": "Leg(Front Right)",
			"from": [9.224999999999996, -7.975, 2.175],
			"to": [
				13.274999999999999,
				-3.924999999999999,
				6.225
			],
			"shade": true,
			"faces": {
				"north": {"uv": [0, 10, 2, 12], "texture": "#0"},
				"east": {"uv": [2, 10, 4, 12], "texture": "#0"},
				"south": {"uv": [4, 10, 6, 12], "texture": "#0"},
				"west": {"uv": [5, 10, 7, 12], "texture": "#0"},
				"up": {"uv": [0, 0, 1, 1], "texture": "#0"},
				"down": {"uv": [2, 8, 4, 10], "texture": "#0"}
			},
			"rotation": {
				"origin": [8, 8, 8],
				"axis": "y",
				"angle": 0
			}
		},
		{
			"name": "Leg(Front Left)",
			"from": [3.5250000000000004, -7.975, 2.175],
			"to": [7.575, -3.924999999999999, 6.225],
			"shade": true,
			"faces": {
				"north": {"uv": [0, 10, 2, 12], "texture": "#0"},
				"east": {"uv": [2, 10, 4, 12], "texture": "#0"},
				"south": {"uv": [4, 10, 6, 12], "texture": "#0"},
				"west": {"uv": [5, 10, 7, 12], "texture": "#0"},
				"up": {"uv": [0, 0, 1, 1], "texture": "#0"},
				"down": {"uv": [2, 8, 4, 10], "texture": "#0"}
			},
			"rotation": {
				"origin": [8, 8, 8],
				"axis": "y",
				"angle": 0
			}
		},
		{
			"name": "LegB(Front Left)",
			"from": [
				3.8625000000000016,
				-10.325,
				2.5124999999999993
			],
			"to": [
				7.237500000000001,
				-3.5749999999999993,
				5.887499999999998
			],
			"shade": true,
			"faces": {
				"north": {"uv": [2, 12, 4, 16], "texture": "#0"},
				"east": {"uv": [0, 12, 2, 16], "texture": "#0"},
				"south": {"uv": [6, 12, 8, 16], "texture": "#0"},
				"west": {"uv": [4, 12, 6, 16], "texture": "#0"},
				"up": {"uv": [0, 0, 1, 1], "texture": "#0"},
				"down": {"uv": [4, 8, 6, 10], "texture": "#0"}
			},
			"rotation": {
				"origin": [8, 8, 8],
				"axis": "y",
				"angle": 0
			}
		},
		{
			"name": "LegB(Front Right)",
			"from": [9.5625, -10.325, 2.5124999999999993],
			"to": [
				12.9375,
				-3.5749999999999993,
				5.887500000000001
			],
			"shade": true,
			"faces": {
				"north": {"uv": [2, 12, 4, 16], "texture": "#0"},
				"east": {"uv": [0, 12, 2, 16], "texture": "#0"},
				"south": {"uv": [6, 12, 8, 16], "texture": "#0"},
				"west": {"uv": [4, 12, 6, 16], "texture": "#0"},
				"up": {"uv": [0, 0, 1, 1], "texture": "#0"},
				"down": {"uv": [4, 8, 6, 10], "texture": "#0"}
			},
			"rotation": {
				"origin": [8, 8, 8],
				"axis": "y",
				"angle": 0
			}
		},
		{
			"name": "LegB(Back Left)",
			"from": [3.8625000000000016, -10.325, 12.9025],
			"to": [
				7.237500000000001,
				-3.5749999999999993,
				16.2775
			],
			"shade": true,
			"faces": {
				"north": {"uv": [2, 12, 4, 16], "texture": "#0"},
				"east": {"uv": [0, 12, 2, 16], "texture": "#0"},
				"south": {"uv": [6, 12, 8, 16], "texture": "#0"},
				"west": {"uv": [4, 12, 6, 16], "texture": "#0"},
				"up": {"uv": [0, 0, 1, 1], "texture": "#0"},
				"down": {"uv": [4, 8, 6, 10], "texture": "#0"}
			},
			"rotation": {
				"origin": [8, 8, 8],
				"axis": "y",
				"angle": 0
			}
		},
		{
			"name": "LegB(Back Right)",
			"from": [9.5625, -10.325, 12.9025],
			"to": [12.9375, -3.5749999999999993, 16.2775],
			"shade": true,
			"faces": {
				"north": {"uv": [2, 12, 4, 16], "texture": "#0"},
				"east": {"uv": [0, 12, 2, 16], "texture": "#0"},
				"south": {"uv": [6, 12, 8, 16], "texture": "#0"},
				"west": {"uv": [4, 12, 6, 16], "texture": "#0"},
				"up": {"uv": [0, 0, 1, 1], "texture": "#0"},
				"down": {"uv": [4, 8, 6, 10], "texture": "#0"}
			},
			"rotation": {
				"origin": [8, 8, 8],
				"axis": "y",
				"angle": 0
			}
		}
	],
	"display": {
		"head": {
			"translation": [ 0, 0, -2.5 ],
			"scale": [2.5, 2.5, 2.5]
			}
	}
}