{
	"__comment": "Model generated using MrCrayfish's Model Creator (http://mrcrayfish.coitem/map/modelcreator/)",
	"textures": {
		"0": "item/character/tree/oak"
	},
	"elements": [ 	 
		{
			"from": [ 4, 4, 4 ],
			"to": [ 12, 20, 12 ],
			"faces": {
				"down": { "uv": [ 11, 0, 16, 5 ], "texture": "#0", "cullface": "up" },
				"up": { "uv": [ 11, 0, 16, 5 ], "texture": "#0", "cullface": "up" },
				"north": { "uv": [ 0, 0, 5, 7.5 ], "texture": "#0", "cullface": "up" },
				"south": { "uv": [ 0, 0, 5, 7.5 ], "texture": "#0", "cullface": "up" },
				"west": { "uv": [ 0, 0, 5, 7.5 ], "texture": "#0", "cullface": "up" },
				"east": { "uv": [ 0, 0, 5, 7.5 ], "texture": "#0", "cullface": "up" }
			}
		},
		{
			"from": [ 5, 2, 0 ],
			"to": [ 8, 5, 5 ],
			"rotation": { "origin": [ 8, 8, 8 ], "axis": "y", "angle": 45 },
			"faces": {
				"down": { "uv": [ 9, 11, 12, 16 ], "texture": "#0" },
				"up": { "uv": [ 9, 11, 12, 16 ], "texture": "#0" },
				"north": { "uv": [ 0, 12, 4, 16 ], "texture": "#0" },
				"south": { "uv": [ 0, 8, 4, 12 ], "texture": "#0" },
				"west": { "uv": [ 9, 11, 12, 16 ], "texture": "#0" },
				"east": { "uv": [ 12, 11, 9, 16 ], "texture": "#0" }
			}
		},
		{
			"from": [ 0, 0, 2 ],
			"to": [ 2, 4, 4 ],
			"faces": {
				"down": { "uv": [ 4.5, 12, 6.5, 14 ], "texture": "#0", "cullface": "down" },
				"up": { "uv": [ 4.5, 14, 6.5, 16 ], "texture": "#0" },
				"north": { "uv": [ 7, 12, 9, 16 ], "texture": "#0" },
				"south": { "uv": [ 7, 12, 9, 16 ], "texture": "#0" },
				"west": { "uv": [ 7, 12, 9, 16 ], "texture": "#0", "cullface": "west" },
				"east": { "uv": [ 7, 12, 9, 16 ], "texture": "#0" }
			}
		},
		{
			"from": [ 8, 2, 0 ],
			"to": [ 11, 5, 5 ],
			"rotation": { "origin": [ 8, 8, 8 ], "axis": "y", "angle": -45 },
			"faces": {
				"down": { "uv": [ 9, 11, 12, 16 ], "texture": "#0" },
				"up": { "uv": [ 9, 11, 12, 16 ], "texture": "#0" },
				"north": { "uv": [ 0, 12, 4, 16 ], "texture": "#0" },
				"south": { "uv": [ 0, 8, 4, 12 ], "texture": "#0" },
				"west": { "uv": [ 9, 11, 12, 16 ], "texture": "#0" },
				"east": { "uv": [ 12, 11, 9, 16 ], "texture": "#0" }
			}
		},
		{
			"from": [ 14, 0, 2 ],
			"to": [ 16, 4, 4 ],
			"faces": {
				"down": { "uv": [ 4.5, 12, 6.5, 14 ], "texture": "#0", "cullface": "down" },
				"up": { "uv": [ 4.5, 14, 6.5, 16 ], "texture": "#0" },
				"north": { "uv": [ 7, 12, 9, 16 ], "texture": "#0" },
				"south": { "uv": [ 7, 12, 9, 16 ], "texture": "#0" },
				"west": { "uv": [ 7, 12, 9, 16 ], "texture": "#0" },
				"east": { "uv": [ 7, 12, 9, 16 ], "texture": "#0", "cullface": "east" }
			}
		},
		{
			"from": [ 5, 2, 11 ],
			"to": [ 8, 5, 16 ],
			"rotation": { "origin": [ 8, 8, 8 ], "axis": "y", "angle": -22.5 },
			"faces": {
				"down": { "uv": [ 9, 11, 12, 16 ], "texture": "#0" },
				"up": { "uv": [ 9, 11, 12, 16 ], "texture": "#0" },
				"north": { "uv": [ 0, 8, 4, 12 ], "texture": "#0" },
				"south": { "uv": [ 0, 12, 4, 16 ], "texture": "#0" },
				"west": { "uv": [ 9, 11, 12, 16 ], "texture": "#0" },
				"east": { "uv": [ 12, 11, 9, 16 ], "texture": "#0" }
			}
		},
		{
			"from": [ 2, 0, 14 ],
			"to": [ 4, 4, 16 ],
			"faces": {
				"down": { "uv": [ 4.5, 12, 6.5, 14 ], "texture": "#0", "cullface": "down" },
				"up": { "uv": [ 4.5, 14, 6.5, 16 ], "texture": "#0" },
				"north": { "uv": [ 7, 12, 9, 16 ], "texture": "#0" },
				"south": { "uv": [ 7, 12, 9, 16 ], "texture": "#0", "cullface": "south" },
				"west": { "uv": [ 7, 12, 9, 16 ], "texture": "#0" },
				"east": { "uv": [ 7, 12, 9, 16 ], "texture": "#0" }
			}
		},
		{
			"from": [ 8, 2, 11 ],
			"to": [ 11, 5, 16 ],
			"rotation": { "origin": [ 8, 8, 8 ], "axis": "y", "angle": 22.5 },
			"faces": {
				"down": { "uv": [ 9, 11, 12, 16 ], "texture": "#0" },
				"up": { "uv": [ 9, 11, 12, 16 ], "texture": "#0" },
				"north": { "uv": [ 0, 8, 4, 12 ], "texture": "#0" },
				"south": { "uv": [ 0, 12, 4, 16 ], "texture": "#0" },
				"west": { "uv": [ 9, 11, 12, 16 ], "texture": "#0" },
				"east": { "uv": [ 12, 11, 9, 16 ], "texture": "#0" }
			}
		},
		{
			"from": [ 12, 0, 14 ],
			"to": [ 14, 4, 16 ],
			"faces": {
				"down": { "uv": [ 4.5, 12, 6.5, 14 ], "texture": "#0", "cullface": "down" },
				"up": { "uv": [ 4.5, 14, 6.5, 16 ], "texture": "#0" },
				"north": { "uv": [ 7, 12, 9, 16 ], "texture": "#0" },
				"south": { "uv": [ 7, 12, 9, 16 ], "texture": "#0", "cullface": "south" },
				"west": { "uv": [ 7, 12, 9, 16 ], "texture": "#0" },
				"east": { "uv": [ 7, 12, 9, 16 ], "texture": "#0" }
			}
		},
		{
			"from": [ 5, 16, 3.5 ],
			"to": [ 7, 18, 4.5 ],
			"faces": {
				"down": { "uv": [ 13, 6, 14, 7 ], "texture": "#0", "cullface": "up" },
				"up": { "uv": [ 13, 6, 14, 7 ], "texture": "#0", "cullface": "up" },
				"north": { "uv": [ 14, 6, 15, 7 ], "texture": "#0", "cullface": "up", "rotation": 90 },
				"west": { "uv": [ 13, 6, 14, 7 ], "texture": "#0", "cullface": "up" },
				"east": { "uv": [ 13, 6, 14, 7 ], "texture": "#0", "cullface": "up" }
			}
		},
		{
			"from": [ 9.5, 16, 3.5 ],
			"to": [ 11.5, 18, 4.5 ],
			"faces": {
				"down": { "uv": [ 13, 6, 14, 7 ], "texture": "#0", "cullface": "up" },
				"up": { "uv": [ 13, 6, 14, 7 ], "texture": "#0", "cullface": "up" },
				"north": { "uv": [ 14, 6, 15, 7 ], "texture": "#0", "cullface": "up" },
				"west": { "uv": [ 13, 6, 14, 7 ], "texture": "#0", "cullface": "up" },
				"east": { "uv": [ 13, 6, 14, 7 ], "texture": "#0", "cullface": "up" }
			}
		},
		{
			"from": [ 5, 12.5, 3.5 ],
			"to": [ 11, 14.5, 4.5 ],
			"faces": {
				"down": { "uv": [ 12, 7, 16, 8 ], "texture": "#0" },
				"up": { "uv": [ 12, 7, 16, 8 ], "texture": "#0" },
				"north": { "uv": [ 12, 7, 16, 8 ], "texture": "#0" },
				"west": { "uv": [ 15, 6, 16, 7 ], "texture": "#0" },
				"east": { "uv": [ 15, 6, 16, 7 ], "texture": "#0" }
			}
		},
		{
			"from": [ 6, 17, 5 ],
			"to": [ 10, 25, 9 ],
			"rotation": { "origin": [ 8, 8, 8 ], "axis": "x", "angle": 22.5 },
			"faces": {
				"down": { "uv": [ 0, 8, 4, 12 ], "texture": "#0", "cullface": "up" },
				"up": { "uv": [ 0, 12, 4, 16 ], "texture": "#0", "cullface": "up" },
				"north": { "uv": [ 12, 8, 16, 16 ], "texture": "#0", "cullface": "up" },
				"south": { "uv": [ 12, 8, 16, 16 ], "texture": "#0", "cullface": "up" },
				"west": { "uv": [ 12, 8, 16, 16 ], "texture": "#0", "cullface": "up" },
				"east": { "uv": [ 12, 8, 16, 16 ], "texture": "#0", "cullface": "up" }
			}
		},
		{
			"from": [ 5, 19, 8.9 ],
			"to": [ 8, 24, 11.9 ],
			"rotation": { "origin": [ 8, 8, 8 ], "axis": "z", "angle": -22.5 },
			"faces": {
				"down": { "uv": [ 0, 8, 4, 12 ], "texture": "#0", "cullface": "up" },
				"up": { "uv": [ 0, 12, 4, 16 ], "texture": "#0", "cullface": "up" },
				"north": { "uv": [ 9, 11, 12, 16 ], "texture": "#0", "cullface": "up" },
				"south": { "uv": [ 9, 11, 12, 16 ], "texture": "#0", "cullface": "up" },
				"west": { "uv": [ 9, 11, 12, 16 ], "texture": "#0", "cullface": "up" },
				"east": { "uv": [ 9, 11, 12, 16 ], "texture": "#0", "cullface": "up" }
			}
		},
		{
			"from": [ 8, 19, 8.9 ],
			"to": [ 11, 24, 11.9 ],
			"rotation": { "origin": [ 8, 8, 8 ], "axis": "z", "angle": 22.5 },
			"faces": {
				"down": { "uv": [ 0, 8, 4, 12 ], "texture": "#0", "cullface": "up" },
				"up": { "uv": [ 0, 12, 4, 16 ], "texture": "#0", "cullface": "up" },
				"north": { "uv": [ 9, 11, 12, 16 ], "texture": "#0", "cullface": "up" },
				"south": { "uv": [ 9, 11, 12, 16 ], "texture": "#0", "cullface": "up" },
				"west": { "uv": [ 9, 11, 12, 16 ], "texture": "#0", "cullface": "up" },
				"east": { "uv": [ 9, 11, 12, 16 ], "texture": "#0", "cullface": "up" }
			}
		}
	],
	"display": {
		"head": {
			"translation":  [ 0, -33, 0 ],
			"scale":  [ 1.6, 1.6, 1.6 ]
		}
	}
}