{
    "__comment": "Model generated using MrCrayfish's Model Creator (http://mrcrayfish.coitem/map/modelcreator/)",
    "textures": {
        "0": "item/character/villager/villager2"
    },
"display": { 
        "head": {
           "rotation": [ 0, 0, 0 ],
           "translation": [ 0, -34.1, 0 ],
           "scale": [ 1.9, 1.9, 1.9 ]
        }
},
    "elements": [
        {
            "name": "Body",
            "from": [ 4.0, 4.0, 5.0 ], 
            "to": [ 12.0, 21.0, 11.0 ], 
            "faces": {
                "north": { "texture": "#0", "uv": [ 1.5, 11.0, 3.5, 15.5 ] },
                "east": { "texture": "#0", "uv": [ 0.0, 11.0, 1.5, 15.5 ] },
                "south": { "texture": "#0", "uv": [ 5.0, 11.0, 7.0, 15.5 ] },
                "west": { "texture": "#0", "uv": [ 3.5, 11.0, 5.0, 15.5 ] },
                "up": { "texture": "#0", "uv": [ 1.5, 9.5, 3.5, 11.0 ] },
                "down": { "texture": "#0", "uv": [ 5.0, 11.0, 7.0, 13.0 ] }
            }
        },
        {
            "name": "LeftLeg",
            "from": [ 4.5, 0.0, 6.0 ], 
            "to": [ 8.0, 12.0, 10.0 ], 
            "faces": {
                "north": { "texture": "#0", "uv": [ 1.0, 6.5, 2.0, 9.5 ] },
                "east": { "texture": "#0", "uv": [ 0.0, 6.5, 1.0, 9.5 ] },
                "south": { "texture": "#0", "uv": [ 3.0, 6.5, 4.0, 9.5 ] },
                "west": { "texture": "#0", "uv": [ 2.0, 6.5, 3.0, 9.5 ] },
                "up": { "texture": "#0", "uv": [ 1.0, 5.5, 2.0, 6.5 ] },
                "down": { "texture": "#0", "uv": [ 2.0, 5.5, 3.0, 6.5 ] }
            }
        },
        {
            "name": "RightLeg",
            "from": [ 8.0, 0.0, 6.0 ], 
            "to": [ 11.5, 12.0, 10.0 ], 
            "faces": {
                "north": { "texture": "#0", "uv": [ 1.0, 6.5, 2.0, 9.5 ] },
                "east": { "texture": "#0", "uv": [ 0.0, 6.5, 1.0, 9.5 ] },
                "south": { "texture": "#0", "uv": [ 3.0, 6.5, 4.0, 9.5 ] },
                "west": { "texture": "#0", "uv": [ 2.0, 6.5, 3.0, 9.5 ] },
                "up": { "texture": "#0", "uv": [ 1.0, 5.5, 2.0, 6.5 ] },
                "down": { "texture": "#0", "uv": [ 2.0, 5.5, 3.0, 6.5 ] }
            }
        },
        {
            "name": "LeftArm",
            "from": [ 0.0, 14.0, 9.0 ], 
            "to": [ 4.0, 18.0, 17.0 ], 
            "rotation": { "origin": [ 8.0, 8.0, 8.0 ], "axis": "x", "angle": -45.0 },
            "faces": {
                "north": { "texture": "#0", "uv": [ 13.0, 5.5, 14.0, 6.5 ] },
                "east": { "texture": "#0", "uv": [ 11.0, 6.5, 12.0, 8.5 ], "rotation": 270 },
                "south": { "texture": "#0", "uv": [ 12.0, 5.5, 13.0, 6.5 ] },
                "west": { "texture": "#0", "uv": [ 13.0, 6.5, 14.0, 8.5 ], "rotation": 90 },
                "up": { "texture": "#0", "uv": [ 12.0, 6.5, 13.0, 8.5 ], "rotation": 180 },
                "down": { "texture": "#0", "uv": [ 14.0, 6.5, 15.0, 8.5 ], "rotation": 180 }
            }
        },
        {
            "name": "Arms",
            "from": [ 4.0, 14.0, 9.0 ], 
            "to": [ 12.0, 18.0, 13.0 ], 
            "rotation": { "origin": [ 8.0, 8.0, 8.0 ], "axis": "x", "angle": -45.0 },
            "faces": {
                "north": { "texture": "#0", "uv": [ 14.0, 10.5, 16.0, 11.5 ] },
                "east": { "texture": "#0", "uv": [ 10.0, 10.5, 11.0, 11.5 ] },
                "south": { "texture": "#0", "uv": [ 11.0, 10.5, 13.0, 11.5 ] },
                "west": { "texture": "#0", "uv": [ 13.0, 10.5, 14.0, 11.5 ] },
                "up": { "texture": "#0", "uv": [ 11.0, 9.5, 13.0, 10.5 ] },
                "down": { "texture": "#0", "uv": [ 13.0, 9.5, 15.0, 10.5 ] }
            }
        },
        {
            "name": "RightArm",
            "from": [ 12.0, 14.0, 9.0 ], 
            "to": [ 16.0, 18.0, 17.0 ], 
            "rotation": { "origin": [ 8.0, 8.0, 8.0 ], "axis": "x", "angle": -45.0 },
            "faces": {
                "north": { "texture": "#0", "uv": [ 13.0, 5.5, 14.0, 6.5 ] },
                "east": { "texture": "#0", "uv": [ 13.0, 6.5, 14.0, 8.5 ] },
                "south": { "texture": "#0", "uv": [ 12.0, 5.5, 13.0, 6.5 ] },
                "west": { "texture": "#0", "uv": [ 11.0, 6.5, 12.0, 8.5 ] },
                "up": { "texture": "#0", "uv": [ 12.0, 6.5, 13.0, 8.5 ] },
                "down": { "texture": "#0", "uv": [ 14.0, 6.5, 15.0, 8.5 ] }
            }
        },
        {
            "name": "Head",
            "from": [ 4.0, 21.0, 4.0 ], 
            "to": [ 12.0, 31.0, 12.0 ], 
            "faces": {
                "north": { "texture": "#0", "uv": [ 2.0, 2.0, 4.0, 4.5 ] },
                "east": { "texture": "#0", "uv": [ 0.0, 2.0, 2.0, 4.5 ] },
                "south": { "texture": "#0", "uv": [ 6.0, 2.0, 8.0, 4.5 ] },
                "west": { "texture": "#0", "uv": [ 4.0, 2.0, 6.0, 4.5 ] },
                "up": { "texture": "#0", "uv": [ 2.0, 0.0, 4.0, 2.0 ] },
                "down": { "texture": "#0", "uv": [ 4.0, 0.0, 6.0, 2.0 ] }
            }
        },
        {
            "name": "Nose",
            "from": [ 7.0, 20.0, 2.0 ], 
            "to": [ 9.0, 24.0, 4.0 ], 
            "faces": {
                "north": { "texture": "#0", "uv": [ 6.5, 0.5, 7.0, 1.5 ] },
                "east": { "texture": "#0", "uv": [ 6.0, 0.5, 6.5, 1.5 ] },
                "south": { "texture": "#0", "uv": [ 7.5, 0.5, 8.0, 1.5 ] },
                "west": { "texture": "#0", "uv": [ 7.0, 0.5, 7.5, 1.5 ] },
                "up": { "texture": "#0", "uv": [ 6.5, 0.0, 7.0, 0.5 ] },
                "down": { "texture": "#0", "uv": [ 7.0, 0.0, 7.5, 0.5 ] }
            }
        }
    ]
}