{
	"__comment": "Model generated using MrCrayfish's Model Creator (http://mrcrayfish.coitem/map/modelcreator/)",
	"textures": {
		"0": "item/character/wither_purple/bottom",
		"1": "item/character/wither_purple/body",
		"2": "item/character/wither_purple/top",
		"3": "item/character/wither_purple/skull_big",
		"4": "item/character/wither_purple/skull_small",
		"5": "item/character/wither_purple/spikes"
	},
	"elements": [ 	 
		{
			"from": [ 6.5, 0.7, 5.8 ],
			"to": [ 9.5, 6.7, 8.799999 ],
			"rotation": { "origin": [ 8, 8, 8 ], "axis": "x", "angle": -45 },
			"faces": {
				"down": { "uv": [ 6, 0, 9, 3 ], "texture": "#0" },
				"up": { "uv": [ 3, 0, 6, 3 ], "texture": "#0" },
				"north": { "uv": [ 3, 3, 6, 9 ], "texture": "#0" },
				"south": { "uv": [ 9, 3, 12, 9 ], "texture": "#0" },
				"west": { "uv": [ 0, 3, 3, 9 ], "texture": "#0" },
				"east": { "uv": [ 6, 3, 9, 9 ], "texture": "#0" }
			}
		},
		{
			"from": [ 6.5, 6, 6.5 ],
			"to": [ 9.5, 15, 9.5 ],
			"rotation": { "origin": [ 8, 8, 8 ], "axis": "x", "angle": -22.5 },
			"faces": {
				"down": { "uv": [ 6, 0, 9, 3 ], "texture": "#1" },
				"up": { "uv": [ 3, 0, 6, 3 ], "texture": "#1" },
				"north": { "uv": [ 3, 3, 6, 12 ], "texture": "#1" },
				"south": { "uv": [ 9, 3, 12, 12 ], "texture": "#1" },
				"west": { "uv": [ 0, 3, 3, 12 ], "texture": "#1" },
				"east": { "uv": [ 6, 3, 9, 12 ], "texture": "#1" }
			}
		},
		{
			"from": [ -2, 14, 4 ],
			"to": [ 18, 17, 7 ],
			"faces": {
				"down": { "uv": [ 0, 5.5, 10, 7 ], "texture": "#2" },
				"up": { "uv": [ 0, 4, 10, 5.5 ], "texture": "#2" },
				"north": { "uv": [ 1.5, 0, 11.5, 1.5 ], "texture": "#2" },
				"south": { "uv": [ 1.5, 1.5, 11.5, 3 ], "texture": "#2" },
				"west": { "uv": [ 0, 1.5, 1.5, 1.5 ], "texture": "#2" },
				"east": { "uv": [ 0, 0, 1.5, 1.5 ], "texture": "#2" }
			}
		},
		{
			"from": [ 4, 17, 0.5 ],
			"to": [ 12, 25, 8.5 ],
			"faces": {
				"down": { "uv": [ 8, 0, 12, 4 ], "texture": "#3", "cullface": "up" },
				"up": { "uv": [ 4, 0, 8, 4 ], "texture": "#3", "cullface": "up", "rotation": 180 },
				"north": { "uv": [ 4, 4, 8, 8 ], "texture": "#3", "cullface": "up" },
				"south": { "uv": [ 12, 4, 16, 8 ], "texture": "#3", "cullface": "up" },
				"west": { "uv": [ 8, 4, 12, 8 ], "texture": "#3", "cullface": "up" },
				"east": { "uv": [ 0, 4, 4, 8 ], "texture": "#3", "cullface": "up" }
			}
		},
		{
			"from": [ -4, 14.5, 0.5 ],
			"to": [ 2, 20.5, 6.5 ],
			"faces": {
				"down": { "uv": [ 6, 0, 9, 3 ], "texture": "#4", "cullface": "west" },
				"up": { "uv": [ 3, 0, 6, 3 ], "texture": "#4", "cullface": "west", "rotation": 180 },
				"north": { "uv": [ 3, 3, 6, 6 ], "texture": "#4", "cullface": "west" },
				"south": { "uv": [ 9, 3, 12, 6 ], "texture": "#4", "cullface": "west" },
				"west": { "uv": [ 6, 3, 9, 6 ], "texture": "#4", "cullface": "west" },
				"east": { "uv": [ 0, 3, 3, 6 ], "texture": "#4", "cullface": "west" }
			}
		},
		{
			"from": [ 14, 14.5, 0.5 ],
			"to": [ 20, 20.5, 6.5 ],
			"faces": {
				"down": { "uv": [ 6, 0, 9, 3 ], "texture": "#4", "cullface": "east" },
				"up": { "uv": [ 3, 0, 6, 3 ], "texture": "#4", "cullface": "east" },
				"north": { "uv": [ 3, 3, 6, 6 ], "texture": "#4", "cullface": "east" },
				"south": { "uv": [ 9, 3, 12, 6 ], "texture": "#4", "cullface": "east" },
				"west": { "uv": [ 6, 3, 9, 6 ], "texture": "#4", "cullface": "east" },
				"east": { "uv": [ 0, 3, 3, 6 ], "texture": "#4", "cullface": "east" }
			}
		},
		{
			"from": [ 2.5, 11.5, 7 ],
			"to": [ 6.5, 13.5, 9 ],
			"rotation": { "origin": [ 8, 8, 8 ], "axis": "x", "angle": -22.5 },
			"faces": {
				"down": { "uv": [ 8, 2, 12, 4 ], "texture": "#5", "rotation": 180 },
				"up": { "uv": [ 8, 0, 12, 2 ], "texture": "#5", "rotation": 180 },
				"north": { "uv": [ 8, 2, 12, 4 ], "texture": "#5" },
				"south": { "uv": [ 2, 0, 6, 2 ], "texture": "#5" },
				"west": { "uv": [ 12, 2, 14, 4 ], "texture": "#5" },
				"east": { "uv": [ 6, 4, 8, 6 ], "texture": "#5" }
			}
		},
		{
			"from": [ 2.5, 9, 7 ],
			"to": [ 6.5, 11, 9 ],
			"rotation": { "origin": [ 8, 8, 8 ], "axis": "x", "angle": -22.5 },
			"faces": {
				"down": { "uv": [ 8, 2, 12, 4 ], "texture": "#5" },
				"up": { "uv": [ 8, 0, 12, 2 ], "texture": "#5" },
				"north": { "uv": [ 8, 2, 12, 4 ], "texture": "#5" },
				"south": { "uv": [ 2, 0, 6, 2 ], "texture": "#5" },
				"west": { "uv": [ 12, 2, 14, 4 ], "texture": "#5" },
				"east": { "uv": [ 6, 4, 8, 6 ], "texture": "#5" }
			}
		},
		{
			"from": [ 2.5, 6.5, 7 ],
			"to": [ 6.5, 8.5, 9 ],
			"rotation": { "origin": [ 8, 8, 8 ], "axis": "x", "angle": -22.5 },
			"faces": {
				"down": { "uv": [ 8, 2, 12, 4 ], "texture": "#5" },
				"up": { "uv": [ 8, 0, 12, 2 ], "texture": "#5" },
				"north": { "uv": [ 8, 2, 12, 4 ], "texture": "#5" },
				"south": { "uv": [ 2, 0, 6, 2 ], "texture": "#5" },
				"west": { "uv": [ 12, 2, 14, 4 ], "texture": "#5" },
				"east": { "uv": [ 6, 4, 8, 6 ], "texture": "#5" }
			}
		},
		{
			"from": [ 9.5, 11.5, 7 ],
			"to": [ 13.5, 13.5, 9 ],
			"rotation": { "origin": [ 8, 8, 8 ], "axis": "x", "angle": -22.5 },
			"faces": {
				"down": { "uv": [ 2, 2, 6, 4 ], "texture": "#5", "rotation": 180 },
				"up": { "uv": [ 2, 0, 6, 2 ], "texture": "#5", "rotation": 180 },
				"north": { "uv": [ 2, 2, 6, 4 ], "texture": "#5" },
				"south": { "uv": [ 8, 0, 12, 2 ], "texture": "#5" },
				"west": { "uv": [ 6, 4, 8, 6 ], "texture": "#5" },
				"east": { "uv": [ 0, 2, 2, 4 ], "texture": "#5" }
			}
		},
		{
			"from": [ 9.5, 9, 7 ],
			"to": [ 13.5, 11, 9 ],
			"rotation": { "origin": [ 8, 8, 8 ], "axis": "x", "angle": -22.5 },
			"faces": {
				"down": { "uv": [ 2, 2, 6, 4 ], "texture": "#5" },
				"up": { "uv": [ 2, 0, 6, 2 ], "texture": "#5" },
				"north": { "uv": [ 2, 2, 6, 4 ], "texture": "#5" },
				"south": { "uv": [ 8, 0, 12, 2 ], "texture": "#5" },
				"west": { "uv": [ 6, 4, 8, 6 ], "texture": "#5" },
				"east": { "uv": [ 0, 2, 2, 4 ], "texture": "#5" }
			}
		},
		{
			"from": [ 9.5, 6.5, 7 ],
			"to": [ 13.5, 8.5, 9 ],
			"rotation": { "origin": [ 8, 8, 8 ], "axis": "x", "angle": -22.5 },
			"faces": {
				"down": { "uv": [ 2, 2, 6, 4 ], "texture": "#5" },
				"up": { "uv": [ 2, 0, 6, 2 ], "texture": "#5" },
				"north": { "uv": [ 2, 2, 6, 4 ], "texture": "#5" },
				"south": { "uv": [ 8, 0, 12, 2 ], "texture": "#5" },
				"west": { "uv": [ 6, 4, 8, 6 ], "texture": "#5" },
				"east": { "uv": [ 0, 2, 2, 4 ], "texture": "#5" }
			}
		}
	],
	"display": {
		"head": {
			"translation":  [ 0, -20, 0 ],
			"scale":  [ 3, 3, 3 ]
		}
	}
}