{
    "__comment": "Model generated using MrCrayfish's Model Creator (http://mrcrayfish.com/modelcreator/)",
    "textures": {
        "0": "item/character/zephyr/zephyr_fire"
    },
	"display": { 
        "head": {
           "rotation": [ 0, 0, 0 ],
           "translation": [ 0, -20, 0 ],
           "scale": [ 2, 2, 2 ]
}
        },
    "elements": [
        {
            "name": "Body",
            "from": [ 2.0, 2.0, 1.0 ], 
            "to": [ 14.0, 8.0, 15.0 ], 
            "faces": {
                "north": { "texture": "#0", "uv": [ 1.0, 7.0, 7.0, 10.0 ] },
                "east": { "texture": "#0", "uv": [ 10.0, 0.0, 13.0, 7.0 ], "rotation": 90 },
                "south": { "texture": "#0", "uv": [ 9.0, 7.0, 15.0, 10.0 ] },
                "west": { "texture": "#0", "uv": [ 7.0, 0.0, 9.999999999999996, 7.0 ], "rotation": 90 },
                "up": { "texture": "#0", "uv": [ 0.0, 0.0, 6.0, 7.0 ], "rotation": 180 },
                "down": { "texture": "#0", "uv": [ 9.0, 7.0, 15.0, 10.0 ], "rotation": 90 }
            }
        },
        {
            "name": "Mouth",
            "from": [ 5.0, 0.0, 0.0 ], 
            "to": [ 11.0, 3.0, 1.0 ], 
            "faces": {
                "north": { "texture": "#0", "uv": [ 9.0, 10.0, 12.0, 11.500000000000002 ] },
                "east": { "texture": "#0", "uv": [ 9.0, 10.0, 9.500000000000002, 11.500000000000002 ] },
                "south": { "texture": "#0", "uv": [ 9.0, 10.0, 12.0, 11.499999999999998 ] },
                "west": { "texture": "#0", "uv": [ 11.499999999999998, 10.0, 12.0, 11.500000000000002 ] },
                "up": { "texture": "#0", "uv": [ 9.0, 10.0, 12.0, 10.500000000000002 ] },
                "down": { "texture": "#0", "uv": [ 9.0, 11.0, 12.0, 10.500000000000002 ] }
            }
        },
        {
            "name": "CheekA",
            "from": [ 1.0, 1.0, -1.0 ], 
            "to": [ 5.0, 5.0, 1.0 ], 
            "faces": {
                "north": { "texture": "#0", "uv": [ 0.0, 14.0, 2.0, 16.0 ] },
                "east": { "texture": "#0", "uv": [ 0.0, 14.0, 0.5, 16.0 ] },
                "south": { "texture": "#0", "uv": [ 0.0, 14.0, 2.0, 16.0 ] },
                "west": { "texture": "#0", "uv": [ 1.5000000000000004, 14.0, 2.000000000000001, 16.0 ] },
                "up": { "texture": "#0", "uv": [ 0.0, 14.0, 2.0, 14.500000000000002 ] },
                "down": { "texture": "#0", "uv": [ 0.0, 15.500000000000002, 1.9999999999999991, 16.000000000000004 ] }
            }
        },
        {
            "name": "CheekB",
            "from": [ 11.0, 1.0, -1.0 ], 
            "to": [ 15.0, 5.0, 1.0 ], 
            "faces": {
                "north": { "texture": "#0", "uv": [ 0.0, 14.0, 2.0, 16.0 ] },
                "east": { "texture": "#0", "uv": [ 0.0, 14.0, 0.5, 16.0 ] },
                "south": { "texture": "#0", "uv": [ 0.0, 14.0, 2.0, 16.0 ] },
                "west": { "texture": "#0", "uv": [ 1.5000000000000004, 14.0, 2.000000000000001, 16.0 ] },
                "up": { "texture": "#0", "uv": [ 0.0, 14.0, 2.0, 14.500000000000002 ] },
                "down": { "texture": "#0", "uv": [ 0.0, 15.500000000000002, 1.9999999999999991, 16.000000000000004 ] }
            }
        },
        {
            "name": "SideRA",
            "from": [ 0.5000000074505806, 1.0, 1.0 ], 
            "to": [ 2.0, 7.0, 7.0 ], 
            "faces": {
                "north": { "texture": "#0", "uv": [ 0.0, 7.499999999999998, 1.0, 10.499999999999998 ] },
                "east": { "texture": "#0", "uv": [ 13.0, 13.0, 16.0, 16.0 ] },
                "south": { "texture": "#0", "uv": [ 2.4999999999999996, 11.0, 3.0, 14.0 ] },
                "west": { "texture": "#0", "uv": [ 0.0, 11.0, 3.0, 14.0 ] },
                "up": { "texture": "#0", "uv": [ 0.0, 11.0, 3.0, 11.500000000000002 ], "rotation": 90 },
                "down": { "texture": "#0", "uv": [ 0.0, 13.499999999999998, 3.0, 13.500000000000005 ], "rotation": 270 }
            }
        },
        {
            "name": "SideLA",
            "from": [ 14.0, 1.0, 1.0 ], 
            "to": [ 15.49999999254942, 7.0, 7.0 ], 
            "faces": {
                "north": { "texture": "#0", "uv": [ 0.0, 7.499999999999998, 1.0, 10.499999999999998 ] },
                "east": { "texture": "#0", "uv": [ 12.999999999999996, 13.0, 15.999999999999996, 16.0 ] },
                "south": { "texture": "#0", "uv": [ 2.4999999999999996, 11.0, 3.0, 14.0 ] },
                "west": { "texture": "#0", "uv": [ 0.0, 11.0, 3.0, 14.0 ] },
                "up": { "texture": "#0", "uv": [ 0.0, 11.0, 3.0, 11.500000000000002 ] },
                "down": { "texture": "#0", "uv": [ 0.0, 13.499999999999998, 3.0, 13.500000000000005 ] }
            }
        },
        {
            "name": "SideRB",
            "from": [ 0.0, 0.5000000074505806, 7.500000007450581 ], 
            "to": [ 2.0, 6.500000007450581, 13.50000000745058 ], 
            "faces": {
                "north": { "texture": "#0", "uv": [ 2.5000000000000004, 10.999999999999996, 3.0, 13.999999999999996 ] },
                "east": { "texture": "#0", "uv": [ 8.499999999999998, 13.0, 11.499999999999998, 16.0 ] },
                "south": { "texture": "#0", "uv": [ 0.49999999999999956, 11.0, 0.0, 14.0 ], "rotation": 180 },
                "west": { "texture": "#0", "uv": [ 4.0, 11.0, 7.0, 14.0 ] },
                "up": { "texture": "#0", "uv": [ 8.500000000000002, 12.999999999999996, 11.500000000000002, 13.5 ], "rotation": 270 },
                "down": { "texture": "#0", "uv": [ 8.5, 15.999999999999996, 11.0, 15.500000000000005 ] }
            }
        },
        {
            "name": "SideLR",
            "from": [ 14.0, 0.5000000074505806, 7.500000007450581 ], 
            "to": [ 16.0, 6.500000007450581, 13.50000000745058 ], 
            "faces": {
                "north": { "texture": "#0", "uv": [ 2.5000000000000004, 10.999999999999996, 3.0, 13.999999999999996 ] },
                "east": { "texture": "#0", "uv": [ 8.499999999999998, 13.0, 11.499999999999998, 16.0 ] },
                "south": { "texture": "#0", "uv": [ 0.49999999999999956, 11.0, 0.0, 14.0 ], "rotation": 180 },
                "west": { "texture": "#0", "uv": [ 4.0, 11.0, 7.0, 14.0 ] },
                "up": { "texture": "#0", "uv": [ 0.0, 13.499999999999998, 2.999999999999998, 14.000000000000004 ], "rotation": 270 },
                "down": { "texture": "#0", "uv": [ 4.5, 11.999999999999996, 7.0, 11.500000000000005 ] }
            }
        }
    ]
}