{
	"__comment": "Designed by MinerYT with Cubik Studio - https://cubik.studio",
	"textures": {
		"oak_log_top": "block/oak_log_top",
		"oak_log": "block/oak_log"
	},
	"elements": [ 	 
		{
			"__comment": "Box1",
			"from": [ 0, 0.0004, 0 ],
			"to": [ 16, 16.0004, 16 ],
			"faces": {
				"down": { "uv": [ 0, 0, 16, 16 ], "texture": "#oak_log", "rotation": 90 },
				"up": { "uv": [ 16, 16, 0, 0 ], "texture": "#oak_log", "rotation": 270 },
				"north": { "uv": [ 0, 0, 16, 16 ], "texture": "#oak_log", "rotation": 270 },
				"south": { "uv": [ 0, 0, 16, 16 ], "texture": "#oak_log", "rotation": 90 },
				"west": { "uv": [ 0, 0, 16, 16 ], "texture": "#oak_log", "rotation": 90 },
				"east": { "uv": [ 16, 16, 0, 0 ], "texture": "#oak_log", "rotation": 270 }
			}
		},
		{
			"__comment": "Box1",
			"from": [ 16, 0, 0 ],
			"to": [ 30, 16, 16 ],
			"faces": {
				"down": { "uv": [ 0, 2, 16, 16 ], "texture": "#oak_log", "rotation": 90 },
				"up": { "uv": [ 16, 16, 0, 2 ], "texture": "#oak_log", "rotation": 270 },
				"north": { "uv": [ 0, 2, 16, 16 ], "texture": "#oak_log", "rotation": 270 },
				"south": { "uv": [ 0, 2, 16, 16 ], "texture": "#oak_log", "rotation": 90 },
				"west": { "uv": [ 0, 0, 16, 16 ], "texture": "#oak_log", "rotation": 90 },
				"east": { "uv": [ 16, 16, 0, 0 ], "texture": "#oak_log_top", "rotation": 270 }
			}
		},
		{
			"__comment": "Box1",
			"from": [ -14.0002, 0.0007, 0 ],
			"to": [ -0.000199318, 16.0007, 16 ],
			"faces": {
				"down": { "uv": [ 0, 0, 16, 14 ], "texture": "#oak_log", "rotation": 90 },
				"up": { "uv": [ 16, 14, 0, 0 ], "texture": "#oak_log", "rotation": 270 },
				"north": { "uv": [ 0, 0, 16, 14 ], "texture": "#oak_log", "rotation": 270 },
				"south": { "uv": [ 0, 0, 16, 14 ], "texture": "#oak_log", "rotation": 90 },
				"west": { "uv": [ 0, 0, 16, 16 ], "texture": "#oak_log_top", "rotation": 90 },
				"east": { "uv": [ 16, 16, 0, 0 ], "texture": "#oak_log", "rotation": 270 }
			}
		}
	],
	"display": {
		"head": {
			"translation":  [ 0, -13, 0 ],
			"scale":  [ 2.4, 2.4, 2.4 ]
		}
	}
}