{
    "__comment": "Model generated using MrCrayfish's Model Creator (http://mrcrayfish.com/modelcreator/)",
    "textures": {
        "particle": "custom/glass_all",
        "0": "custom/glass_all",
        "1": "custom/potion/14",
        "2": "blocks/planks_spruce",
        "3": "custom/glass_potion",
        "4": "custom/potion_text"
    },
    "elements": [
        {
            "name": "BottomA",
            "from": [ 5.0, 0.0, 4.0 ], 
            "to": [ 11.0, 1.0, 5.0 ], 
            "faces": {
                "north": { "texture": "#0", "uv": [ 6.0, 4.0, 12.0, 5.0 ] },
                "east": { "texture": "#0", "uv": [ 13.0, 7.0, 14.0, 8.0 ] },
                "south": { "texture": "#0", "uv": [ 9.0, 5.0, 9.0, 6.0 ] },
                "west": { "texture": "#0", "uv": [ 10.0, 3.0, 11.0, 4.0 ] },
                "up": { "texture": "#0", "uv": [ 10.0, 3.0, 16.0, 4.0 ] },
                "down": { "texture": "#0", "uv": [ 7.0, 5.0, 13.0, 6.0 ] }
            }
        },
        {
            "name": "BottomB",
            "from": [ 5.0, 0.0, 11.0 ], 
            "to": [ 11.0, 1.0, 12.0 ], 
            "faces": {
                "north": { "texture": "#0", "uv": [ 6.0, 4.0, 12.0, 5.0 ] },
                "east": { "texture": "#0", "uv": [ 9.0, 5.0, 10.0, 6.0 ] },
                "south": { "texture": "#0", "uv": [ 6.0, 4.0, 12.0, 5.0 ] },
                "west": { "texture": "#0", "uv": [ 9.0, 6.0, 10.0, 7.0 ] },
                "up": { "texture": "#0", "uv": [ 9.0, 4.0, 15.0, 5.0 ] },
                "down": { "texture": "#0", "uv": [ 8.0, 4.0, 14.0, 5.0 ] }
            }
        },
        {
            "name": "BottomC",
            "from": [ 4.0, 0.0, 5.0 ], 
            "to": [ 5.0, 1.0, 11.0 ], 
            "faces": {
                "north": { "texture": "#0", "uv": [ 5.0, 4.0, 6.0, 5.0 ] },
                "east": { "texture": "#0", "uv": [ 9.0, 3.0, 15.0, 4.0 ] },
                "south": { "texture": "#0", "uv": [ 6.0, 7.0, 7.0, 8.0 ] },
                "west": { "texture": "#0", "uv": [ 7.0, 7.0, 13.0, 8.0 ] },
                "up": { "texture": "#0", "uv": [ 4.0, 4.0, 5.0, 10.0 ] },
                "down": { "texture": "#0", "uv": [ 6.0, 2.0, 7.0, 8.0 ] }
            }
        },
        {
            "name": "BottomD",
            "from": [ 11.0, 0.0, 5.0 ], 
            "to": [ 12.0, 1.0, 11.0 ], 
            "faces": {
                "north": { "texture": "#0", "uv": [ 6.0, 4.0, 7.0, 5.0 ] },
                "east": { "texture": "#0", "uv": [ 5.0, 6.0, 11.0, 7.0 ] },
                "south": { "texture": "#0", "uv": [ 5.0, 5.0, 6.0, 6.0 ] },
                "west": { "texture": "#0", "uv": [ 1.0, 5.0, 7.0, 6.0 ] },
                "up": { "texture": "#0", "uv": [ 12.0, 5.0, 13.0, 11.0 ] },
                "down": { "texture": "#0", "uv": [ 5.0, 5.0, 6.0, 11.0 ] }
            }
        },
        {
            "name": "Bottom",
            "from": [ 4.5, -0.10000000149011612, 4.5 ], 
            "to": [ 11.5, 0.8999999985098839, 11.5 ], 
            "faces": {
                "north": { "texture": "#0", "uv": [ 9.0, 8.0, 16.0, 9.0 ] },
                "east": { "texture": "#0", "uv": [ 8.0, 8.0, 2.0, 5.0 ] },
                "south": { "texture": "#0", "uv": [ 7.0, 7.0, 14.0, 8.0 ] },
                "west": { "texture": "#0", "uv": [ 7.0, 8.0, 14.0, 9.0 ] },
                "up": { "texture": "#0", "uv": [ 3.0, 4.0, 10.0, 11.0 ] },
                "down": { "texture": "#0", "uv": [ 6.0, 4.0, 13.0, 11.0 ] }
            }
        },
        {
            "name": "SideA",
            "from": [ 4.5, 0.8999999985098839, 4.5 ], 
            "to": [ 5.5, 4.899999998509884, 5.5 ], 
            "faces": {
                "north": { "texture": "#0", "uv": [ 1.0, 3.0, 2.0, 7.0 ] },
                "east": { "texture": "#0", "uv": [ 4.0, 6.0, 5.0, 10.0 ] },
                "south": { "texture": "#0", "uv": [ 6.0, 5.0, 7.0, 9.0 ] },
                "west": { "texture": "#0", "uv": [ 7.0, 4.0, 8.0, 8.0 ] },
                "up": { "texture": "#0", "uv": [ 12.0, 8.0, 13.0, 9.0 ] },
                "down": { "texture": "#0", "uv": [ 14.0, 5.0, 15.0, 6.0 ] }
            }
        },
        {
            "name": "SideB",
            "from": [ 10.5, 0.8999999985098839, 4.5 ], 
            "to": [ 11.5, 4.899999998509884, 5.5 ], 
            "faces": {
                "north": { "texture": "#0", "uv": [ 2.0, 7.0, 3.0, 11.0 ] },
                "east": { "texture": "#0", "uv": [ 3.0, 4.0, 4.0, 8.0 ] },
                "south": { "texture": "#0", "uv": [ 4.0, 5.0, 5.0, 9.0 ] },
                "west": { "texture": "#0", "uv": [ 3.0, 5.0, 4.0, 9.0 ] },
                "up": { "texture": "#0", "uv": [ 14.0, 8.0, 15.0, 9.0 ] },
                "down": { "texture": "#0", "uv": [ 14.0, 5.0, 15.0, 6.0 ] }
            }
        },
        {
            "name": "SideC",
            "from": [ 4.5, 0.8999999985098839, 10.5 ], 
            "to": [ 5.5, 4.899999998509884, 11.5 ], 
            "faces": {
                "north": { "texture": "#0", "uv": [ 2.0, 3.0, 3.0, 7.0 ] },
                "east": { "texture": "#0", "uv": [ 11.0, 11.0, 12.0, 15.0 ] },
                "south": { "texture": "#0", "uv": [ 3.0, 1.0, 4.0, 5.0 ] },
                "west": { "texture": "#0", "uv": [ 2.0, 11.0, 3.0, 15.0 ] },
                "up": { "texture": "#0", "uv": [ 9.0, 12.0, 10.0, 13.0 ] },
                "down": { "texture": "#0", "uv": [ 11.0, 5.0, 12.0, 6.0 ] }
            }
        },
        {
            "name": "SideD",
            "from": [ 10.5, 0.8999999985098839, 10.5 ], 
            "to": [ 11.5, 4.899999998509884, 11.5 ], 
            "faces": {
                "north": { "texture": "#0", "uv": [ 7.0, 4.0, 8.0, 8.0 ] },
                "east": { "texture": "#0", "uv": [ 10.0, 6.0, 11.0, 10.0 ] },
                "south": { "texture": "#0", "uv": [ 3.0, 3.0, 4.0, 7.0 ] },
                "west": { "texture": "#0", "uv": [ 2.0, 3.0, 3.0, 7.0 ] },
                "up": { "texture": "#0", "uv": [ 7.0, 4.0, 8.0, 5.0 ] },
                "down": { "texture": "#0", "uv": [ 10.0, 5.0, 11.0, 6.0 ] }
            }
        },
        {
            "name": "Top",
            "from": [ 4.5, 4.899999998509884, 4.5 ], 
            "to": [ 11.5, 5.899999998509884, 11.5 ], 
            "faces": {
                "north": { "texture": "#0", "uv": [ 9.0, 8.0, 16.0, 9.0 ] },
                "east": { "texture": "#0", "uv": [ 4.0, 8.0, 11.0, 9.0 ] },
                "south": { "texture": "#0", "uv": [ 7.0, 7.0, 14.0, 8.0 ] },
                "west": { "texture": "#0", "uv": [ 7.0, 8.0, 14.0, 9.0 ] },
                "up": { "texture": "#0", "uv": [ 3.0, 4.0, 10.0, 11.0 ] },
                "down": { "texture": "#0", "uv": [ 6.0, 4.0, 13.0, 11.0 ] }
            }
        },
        {
            "name": "Potion",
            "from": [ 5.0, 0.8999999985098839, 5.0 ], 
            "to": [ 11.0, 5.399999991059303, 11.0 ], 
            "faces": {
                "north": { "texture": "#1", "uv": [ 0.0, 0.0, 6.0, 4.499999992549419 ] },
                "east": { "texture": "#1", "uv": [ 0.0, 0.0, 6.0, 4.499999992549419 ] },
                "south": { "texture": "#1", "uv": [ 0.0, 0.0, 6.0, 4.499999992549419 ] },
                "west": { "texture": "#1", "uv": [ 0.0, 0.0, 6.0, 4.499999992549419 ] },
                "up": { "texture": "#1", "uv": [ 0.0, 0.0, 6.0, 6.0 ] },
                "down": { "texture": "#1", "uv": [ 0.0, 0.0, 6.0, 6.0 ] }
            }
        },
        {
            "name": "Wood",
            "from": [ 4.25, 5.5, 4.2 ], 
            "to": [ 11.75, 6.5, 11.7 ], 
            "faces": {
                "north": { "texture": "#2", "uv": [ 0.0, 0.0, 7.5, 1.0 ] },
                "east": { "texture": "#2", "uv": [ 0.0, 0.0, 7.5, 1.0 ] },
                "south": { "texture": "#2", "uv": [ 0.0, 0.0, 7.5, 1.0 ] },
                "west": { "texture": "#2", "uv": [ 0.0, 0.0, 7.5, 1.0 ] },
                "up": { "texture": "#2", "uv": [ 0.0, 0.0, 7.5, 7.5 ] },
                "down": { "texture": "#2", "uv": [ 0.0, 0.0, 7.5, 7.5 ] }
            }
        },
        {
            "name": "Top2",
            "from": [ 4.5, 6.199999988079071, 4.5 ], 
            "to": [ 11.5, 7.199999988079071, 11.5 ], 
            "faces": {
                "north": { "texture": "#0", "uv": [ 9.0, 8.0, 16.0, 9.0 ] },
                "east": { "texture": "#0", "uv": [ 7.0, 8.0, 1.0, 5.0 ] },
                "south": { "texture": "#0", "uv": [ 7.0, 7.0, 14.0, 8.0 ] },
                "west": { "texture": "#0", "uv": [ 7.0, 8.0, 14.0, 9.0 ] },
                "up": { "texture": "#0", "uv": [ 3.0, 4.0, 10.0, 11.0 ] },
                "down": { "texture": "#0", "uv": [ 6.0, 4.0, 13.0, 11.0 ] }
            }
        },
        {
            "name": "GlassA",
            "from": [ 4.600000008940697, 1.0, 5.0 ], 
            "to": [ 5.100000008940697, 5.0, 11.0 ], 
            "shade": false,
            "faces": {
                "north": { "texture": "#3", "uv": [ 5.0, 9.0, 5.5, 13.0 ] },
                "east": { "texture": "#3", "uv": [ 6.0, 8.0, 12.0, 12.0 ] },
                "south": { "texture": "#3", "uv": [ 11.0, 5.0, 11.5, 9.0 ] },
                "west": { "texture": "#3", "uv": [ 5.0, 5.0, 11.0, 9.0 ] },
                "up": { "texture": "#3", "uv": [ 0.0, 0.0, 0.5, 6.0 ] },
                "down": { "texture": "#3", "uv": [ 0.0, 0.0, 0.5, 6.0 ] }
            }
        },
        {
            "name": "GlassB",
            "from": [ 10.9, 1.0, 5.0 ], 
            "to": [ 11.4, 5.0, 11.0 ], 
            "shade": false,
            "faces": {
                "north": { "texture": "#3", "uv": [ 5.0, 9.0, 5.5, 13.0 ] },
                "east": { "texture": "#3", "uv": [ 5.0, 5.0, 11.0, 9.0 ] },
                "south": { "texture": "#3", "uv": [ 11.0, 5.0, 11.5, 9.0 ] },
                "west": { "texture": "#3", "uv": [ 5.0, 5.0, 11.0, 9.0 ] },
                "up": { "texture": "#3", "uv": [ 0.0, 0.0, 0.5, 6.0 ] },
                "down": { "texture": "#3", "uv": [ 0.0, 0.0, 0.5, 6.0 ] }
            }
        },
        {
            "name": "GlassC",
            "from": [ 5.0, 1.0, 10.9 ], 
            "to": [ 11.0, 5.0, 11.4 ], 
            "shade": false,
            "faces": {
                "north": { "texture": "#3", "uv": [ 5.0, 9.0, 11.0, 13.0 ] },
                "east": { "texture": "#3", "uv": [ 5.0, 5.0, 5.5, 9.0 ] },
                "south": { "texture": "#3", "uv": [ 5.0, 5.0, 11.0, 9.0 ] },
                "west": { "texture": "#3", "uv": [ 5.0, 5.0, 5.5, 9.0 ] },
                "up": { "texture": "#3", "uv": [ 0.0, 0.0, 6.0, 0.5 ] },
                "down": { "texture": "#3", "uv": [ 0.0, 0.0, 6.0, 0.5 ] }
            }
        },
        {
            "name": "Text",
            "from": [ 5.0, 1.0, 4.6 ], 
            "to": [ 11.0, 5.0, 5.1 ], 
            "shade": false,
            "faces": {
                "north": { "texture": "#4", "uv": [ 4.0, 5.0, 10.0, 9.0 ] },
                "east": { "texture": "#3", "uv": [ 5.0, 5.0, 5.5, 9.0 ] },
                "south": { "texture": "#3", "uv": [ 5.0, 5.0, 11.0, 9.0 ] },
                "west": { "texture": "#3", "uv": [ 5.0, 5.0, 5.5, 9.0 ] },
                "up": { "texture": "#3", "uv": [ 0.0, 0.0, 6.0, 0.5 ] },
                "down": { "texture": "#3", "uv": [ 0.0, 0.0, 6.0, 0.5 ] }
            }
        }
    ]
}