{
	"__comment": "Model generated using MrCrayfish's Model Creator (http://mrcrayfish.com/modelcreator/)",
	"textures": {
		"0": "blocks/planks_oak",
		"1": "items/bread",
		"particle": "blocks/planks_oak"
	},
	"elements": [ 	 
		{
			"from": [ 4, 0, 4 ],
			"to": [ 12, 1, 12 ],
			"faces": {
				"down": { "uv": [ 0, 0, 8, 8 ], "texture": "#0", "cullface": "down" },
				"north": { "uv": [ 0, 0, 8, 1 ], "texture": "#0" },
				"south": { "uv": [ 0, 0, 8, 1 ], "texture": "#0" },
				"west": { "uv": [ 0, 0, 8, 1 ], "texture": "#0" },
				"east": { "uv": [ 0, 0, 8, 1 ], "texture": "#0" }
			}
		},
		{
			"from": [ 3, 0.5, 4 ],
			"to": [ 13, 1.5, 12 ],
			"faces": {
				"down": { "uv": [ 0, 0, 10, 8 ], "texture": "#0" },
				"up": { "uv": [ 0, 0, 10, 8 ], "texture": "#0" },
				"north": { "uv": [ 0, 0, 10, 1 ], "texture": "#0" },
				"south": { "uv": [ 0, 0, 10, 1 ], "texture": "#0" },
				"west": { "uv": [ 0, 0, 8, 1 ], "texture": "#0" },
				"east": { "uv": [ 0, 0, 8, 1 ], "texture": "#0" }
			}
		},
		{
			"from": [ 4, 0.5, 3 ],
			"to": [ 12, 1.5, 4 ],
			"faces": {
				"down": { "uv": [ 0, 0, 8, 1 ], "texture": "#0" },
				"up": { "uv": [ 0, 0, 8, 1 ], "texture": "#0" },
				"north": { "uv": [ 0, 0, 8, 1 ], "texture": "#0" },
				"west": { "uv": [ 0, 0, 1, 1 ], "texture": "#0" },
				"east": { "uv": [ 0, 0, 1, 1 ], "texture": "#0" }
			}
		},
		{
			"from": [ 4, 0.5, 12 ],
			"to": [ 12, 1.5, 13 ],
			"faces": {
				"down": { "uv": [ 0, 0, 8, 1 ], "texture": "#0" },
				"up": { "uv": [ 0, 0, 8, 1 ], "texture": "#0" },
				"south": { "uv": [ 0, 0, 8, 1 ], "texture": "#0" },
				"west": { "uv": [ 0, 0, 1, 1 ], "texture": "#0" },
				"east": { "uv": [ 0, 0, 1, 1 ], "texture": "#0" }
			}
		},
		{
			"from": [ 4, 1, 12.5 ],
			"to": [ 12, 2, 13.5 ],
			"faces": {
				"down": { "uv": [ 0, 3, 8, 4 ], "texture": "#0" },
				"up": { "uv": [ 0, 3, 8, 4 ], "texture": "#0" },
				"north": { "uv": [ 0, 3, 8, 4 ], "texture": "#0" },
				"south": { "uv": [ 0, 3, 8, 4 ], "texture": "#0" },
				"west": { "uv": [ 0, 3, 1, 4 ], "texture": "#0" },
				"east": { "uv": [ 0, 3, 1, 4 ], "texture": "#0" }
			}
		},
		{
			"from": [ 4, 1, 2.5 ],
			"to": [ 12, 2, 3.5 ],
			"faces": {
				"down": { "uv": [ 0, 3, 8, 4 ], "texture": "#0" },
				"up": { "uv": [ 0, 3, 8, 4 ], "texture": "#0" },
				"north": { "uv": [ 0, 3, 8, 4 ], "texture": "#0" },
				"south": { "uv": [ 0, 3, 8, 4 ], "texture": "#0" },
				"west": { "uv": [ 0, 3, 1, 4 ], "texture": "#0" },
				"east": { "uv": [ 0, 3, 1, 4 ], "texture": "#0" }
			}
		},
		{
			"from": [ 2.5, 1, 4 ],
			"to": [ 3.5, 2, 12 ],
			"faces": {
				"down": { "uv": [ 0, 3, 8, 4 ], "texture": "#0", "rotation": 90 },
				"up": { "uv": [ 0, 7, 8, 8 ], "texture": "#0", "rotation": 90 },
				"north": { "uv": [ 0, 3, 1, 4 ], "texture": "#0" },
				"south": { "uv": [ 0, 3, 1, 4 ], "texture": "#0" },
				"west": { "uv": [ 0, 3, 8, 4 ], "texture": "#0" },
				"east": { "uv": [ 0, 3, 8, 4 ], "texture": "#0" }
			}
		},
		{
			"from": [ 12.5, 1, 4 ],
			"to": [ 13.5, 2, 12 ],
			"faces": {
				"down": { "uv": [ 0, 3, 8, 4 ], "texture": "#0" },
				"up": { "uv": [ 0, 7, 8, 8 ], "texture": "#0" },
				"north": { "uv": [ 0, 3, 1, 4 ], "texture": "#0" },
				"south": { "uv": [ 0, 3, 1, 4 ], "texture": "#0" },
				"west": { "uv": [ 0, 3, 8, 4 ], "texture": "#0" },
				"east": { "uv": [ 0, 3, 8, 4 ], "texture": "#0" }
			}
		},
		{
			"from": [ 12, 1, 3 ],
			"to": [ 13, 2, 4 ],
			"faces": {
				"down": { "uv": [ 0, 3, 1, 4 ], "texture": "#0" },
				"north": { "uv": [ 0, 3, 1, 4 ], "texture": "#0" },
				"south": { "uv": [ 0, 3, 1, 4 ], "texture": "#0" },
				"west": { "uv": [ 0, 3, 1, 4 ], "texture": "#0" },
				"east": { "uv": [ 0, 3, 1, 4 ], "texture": "#0" }
			}
		},
		{
			"from": [ 3, 1, 3 ],
			"to": [ 4, 2, 4 ],
			"faces": {
				"down": { "uv": [ 0, 3, 1, 4 ], "texture": "#0" },
				"north": { "uv": [ 0, 3, 1, 4 ], "texture": "#0" },
				"south": { "uv": [ 0, 3, 1, 4 ], "texture": "#0" },
				"west": { "uv": [ 0, 3, 1, 4 ], "texture": "#0" },
				"east": { "uv": [ 0, 3, 1, 4 ], "texture": "#0" }
			}
		},
		{
			"from": [ 3, 1, 12 ],
			"to": [ 4, 2, 13 ],
			"faces": {
				"down": { "uv": [ 0, 3, 1, 4 ], "texture": "#0" },
				"north": { "uv": [ 0, 3, 1, 4 ], "texture": "#0" },
				"south": { "uv": [ 0, 3, 1, 4 ], "texture": "#0" },
				"west": { "uv": [ 0, 3, 1, 4 ], "texture": "#0" },
				"east": { "uv": [ 0, 3, 1, 4 ], "texture": "#0" }
			}
		},
		{
			"from": [ 12, 1, 12 ],
			"to": [ 13, 2, 13 ],
			"faces": {
				"down": { "uv": [ 0, 3, 1, 4 ], "texture": "#0" },
				"north": { "uv": [ 0, 3, 1, 4 ], "texture": "#0" },
				"south": { "uv": [ 0, 3, 1, 4 ], "texture": "#0" },
				"west": { "uv": [ 0, 3, 1, 4 ], "texture": "#0" },
				"east": { "uv": [ 0, 3, 1, 4 ], "texture": "#0" }
			}
		},
		{
			"from": [ 4, 2, 13 ],
			"to": [ 12, 5, 14 ],
			"faces": {
				"down": { "uv": [ 0, 3, 8, 4 ], "texture": "#0" },
				"up": { "uv": [ 0, 3, 8, 4 ], "texture": "#0" },
				"north": { "uv": [ 0, 3, 8, 6 ], "texture": "#0" },
				"south": { "uv": [ 0, 3, 8, 6 ], "texture": "#0" },
				"west": { "uv": [ 0, 3, 1, 6 ], "texture": "#0" },
				"east": { "uv": [ 0, 3, 1, 6 ], "texture": "#0" }
			}
		},
		{
			"from": [ 4, 2, 2 ],
			"to": [ 12, 5, 3 ],
			"faces": {
				"down": { "uv": [ 0, 3, 8, 4 ], "texture": "#0" },
				"up": { "uv": [ 0, 3, 8, 4 ], "texture": "#0" },
				"north": { "uv": [ 0, 3, 8, 6 ], "texture": "#0" },
				"south": { "uv": [ 0, 3, 8, 6 ], "texture": "#0" },
				"west": { "uv": [ 0, 3, 1, 6 ], "texture": "#0" },
				"east": { "uv": [ 0, 3, 1, 6 ], "texture": "#0" }
			}
		},
		{
			"from": [ 2, 2, 4 ],
			"to": [ 3, 5, 12 ],
			"faces": {
				"down": { "uv": [ 0, 3, 8, 4 ], "texture": "#0", "rotation": 90 },
				"up": { "uv": [ 0, 7, 8, 8 ], "texture": "#0", "rotation": 90 },
				"north": { "uv": [ 0, 3, 1, 6 ], "texture": "#0" },
				"south": { "uv": [ 0, 3, 1, 6 ], "texture": "#0" },
				"west": { "uv": [ 0, 3, 8, 6 ], "texture": "#0" },
				"east": { "uv": [ 0, 3, 8, 6 ], "texture": "#0" }
			}
		},
		{
			"from": [ 13, 2, 4 ],
			"to": [ 14, 5, 12 ],
			"faces": {
				"down": { "uv": [ 0, 3, 8, 4 ], "texture": "#0", "rotation": 90 },
				"up": { "uv": [ 0, 7, 8, 8 ], "texture": "#0", "rotation": 90 },
				"north": { "uv": [ 0, 3, 1, 6 ], "texture": "#0" },
				"south": { "uv": [ 0, 3, 1, 6 ], "texture": "#0" },
				"west": { "uv": [ 0, 3, 8, 6 ], "texture": "#0" },
				"east": { "uv": [ 0, 3, 8, 6 ], "texture": "#0" }
			}
		},
		{
			"from": [ 3, 2, 12 ],
			"to": [ 4, 5, 13 ],
			"faces": {
				"up": { "uv": [ 0, 3, 1, 4 ], "texture": "#0" },
				"north": { "uv": [ 0, 3, 1, 6 ], "texture": "#0" },
				"south": { "uv": [ 0, 3, 1, 6 ], "texture": "#0" },
				"west": { "uv": [ 0, 3, 1, 6 ], "texture": "#0" },
				"east": { "uv": [ 0, 3, 1, 6 ], "texture": "#0" }
			}
		},
		{
			"from": [ 12, 2, 12 ],
			"to": [ 13, 5, 13 ],
			"faces": {
				"up": { "uv": [ 0, 3, 1, 4 ], "texture": "#0" },
				"north": { "uv": [ 0, 3, 1, 6 ], "texture": "#0" },
				"south": { "uv": [ 0, 3, 1, 6 ], "texture": "#0" },
				"west": { "uv": [ 0, 3, 1, 6 ], "texture": "#0" },
				"east": { "uv": [ 0, 3, 1, 6 ], "texture": "#0" }
			}
		},
		{
			"from": [ 12, 2, 3 ],
			"to": [ 13, 5, 4 ],
			"faces": {
				"up": { "uv": [ 0, 3, 1, 4 ], "texture": "#0" },
				"north": { "uv": [ 0, 3, 1, 6 ], "texture": "#0" },
				"south": { "uv": [ 0, 3, 1, 6 ], "texture": "#0" },
				"west": { "uv": [ 0, 3, 1, 6 ], "texture": "#0" },
				"east": { "uv": [ 0, 3, 1, 6 ], "texture": "#0" }
			}
		},
		{
			"from": [ 3, 2, 3 ],
			"to": [ 4, 5, 4 ],
			"faces": {
				"up": { "uv": [ 0, 3, 1, 4 ], "texture": "#0" },
				"north": { "uv": [ 0, 3, 1, 6 ], "texture": "#0" },
				"south": { "uv": [ 0, 3, 1, 6 ], "texture": "#0" },
				"west": { "uv": [ 0, 3, 1, 6 ], "texture": "#0" },
				"east": { "uv": [ 0, 3, 1, 6 ], "texture": "#0" }
			}
		},
		{
			"from": [ 4, 5, 13.5 ],
			"to": [ 12, 7, 14.5 ],
			"faces": {
				"down": { "uv": [ 0, 3, 8, 4 ], "texture": "#0" },
				"up": { "uv": [ 0, 3, 8, 4 ], "texture": "#0" },
				"north": { "uv": [ 0, 3, 8, 5 ], "texture": "#0" },
				"south": { "uv": [ 0, 3, 8, 5 ], "texture": "#0" },
				"west": { "uv": [ 0, 3, 1, 5 ], "texture": "#0" },
				"east": { "uv": [ 0, 3, 1, 5 ], "texture": "#0" }
			}
		},
		{
			"from": [ 4, 5, 1.5 ],
			"to": [ 12, 7, 2.5 ],
			"faces": {
				"down": { "uv": [ 0, 3, 8, 4 ], "texture": "#0" },
				"up": { "uv": [ 0, 3, 8, 4 ], "texture": "#0" },
				"north": { "uv": [ 0, 3, 8, 5 ], "texture": "#0" },
				"south": { "uv": [ 0, 3, 8, 5 ], "texture": "#0" },
				"west": { "uv": [ 0, 3, 1, 5 ], "texture": "#0" },
				"east": { "uv": [ 0, 3, 1, 5 ], "texture": "#0" }
			}
		},
		{
			"from": [ 1.5, 5, 4 ],
			"to": [ 2.5, 7, 12 ],
			"faces": {
				"down": { "uv": [ 0, 3, 8, 4 ], "texture": "#0", "rotation": 90 },
				"up": { "uv": [ 0, 7, 8, 8 ], "texture": "#0", "rotation": 90 },
				"north": { "uv": [ 0, 3, 1, 5 ], "texture": "#0" },
				"south": { "uv": [ 0, 3, 1, 5 ], "texture": "#0" },
				"west": { "uv": [ 0, 3, 8, 5 ], "texture": "#0" },
				"east": { "uv": [ 0, 3, 8, 5 ], "texture": "#0" }
			}
		},
		{
			"from": [ 13.5, 5, 4 ],
			"to": [ 14.5, 7, 12 ],
			"faces": {
				"down": { "uv": [ 0, 3, 8, 4 ], "texture": "#0", "rotation": 90 },
				"up": { "uv": [ 0, 7, 8, 8 ], "texture": "#0", "rotation": 90 },
				"north": { "uv": [ 0, 3, 1, 5 ], "texture": "#0" },
				"south": { "uv": [ 0, 3, 1, 5 ], "texture": "#0" },
				"west": { "uv": [ 0, 3, 8, 5 ], "texture": "#0" },
				"east": { "uv": [ 0, 3, 8, 5 ], "texture": "#0" }
			}
		},
		{
			"from": [ 14, 5, 6.5 ],
			"to": [ 15, 7, 9.5 ],
			"rotation": { "origin": [ 8, 8, 8 ], "axis": "y", "angle": 45 },
			"faces": {
				"down": { "uv": [ 0, 3, 8, 4 ], "texture": "#0", "rotation": 90 },
				"up": { "uv": [ 0, 7, 8, 8 ], "texture": "#0", "rotation": 90 },
				"north": { "uv": [ 0, 3, 1, 5 ], "texture": "#0" },
				"south": { "uv": [ 0, 3, 1, 5 ], "texture": "#0" },
				"west": { "uv": [ 0, 3, 3, 5 ], "texture": "#0" },
				"east": { "uv": [ 0, 3, 3, 5 ], "texture": "#0" }
			}
		},
		{
			"from": [ 1, 5, 6.5 ],
			"to": [ 2, 7, 9.5 ],
			"rotation": { "origin": [ 8, 8, 8 ], "axis": "y", "angle": 45 },
			"faces": {
				"down": { "uv": [ 0, 3, 8, 4 ], "texture": "#0", "rotation": 90 },
				"up": { "uv": [ 0, 7, 8, 8 ], "texture": "#0", "rotation": 90 },
				"north": { "uv": [ 0, 3, 1, 5 ], "texture": "#0" },
				"south": { "uv": [ 0, 3, 1, 5 ], "texture": "#0" },
				"west": { "uv": [ 0, 3, 3, 5 ], "texture": "#0" },
				"east": { "uv": [ 0, 3, 3, 5 ], "texture": "#0" }
			}
		},
		{
			"from": [ 1, 5, 6.5 ],
			"to": [ 2, 7, 9.5 ],
			"rotation": { "origin": [ 8, 8, 8 ], "axis": "y", "angle": -45 },
			"faces": {
				"down": { "uv": [ 0, 3, 8, 4 ], "texture": "#0", "rotation": 90 },
				"up": { "uv": [ 0, 7, 8, 8 ], "texture": "#0", "rotation": 90 },
				"north": { "uv": [ 0, 3, 1, 5 ], "texture": "#0" },
				"south": { "uv": [ 0, 3, 1, 5 ], "texture": "#0" },
				"west": { "uv": [ 0, 3, 3, 5 ], "texture": "#0" },
				"east": { "uv": [ 0, 3, 3, 5 ], "texture": "#0" }
			}
		},
		{
			"from": [ 14, 5, 6.5 ],
			"to": [ 15, 7, 9.5 ],
			"rotation": { "origin": [ 8, 8, 8 ], "axis": "y", "angle": -45 },
			"faces": {
				"down": { "uv": [ 0, 3, 8, 4 ], "texture": "#0", "rotation": 90 },
				"up": { "uv": [ 0, 7, 8, 8 ], "texture": "#0", "rotation": 90 },
				"north": { "uv": [ 0, 3, 1, 5 ], "texture": "#0" },
				"south": { "uv": [ 0, 3, 1, 5 ], "texture": "#0" },
				"west": { "uv": [ 0, 3, 3, 5 ], "texture": "#0" },
				"east": { "uv": [ 0, 3, 3, 5 ], "texture": "#0" }
			}
		},
		{
			"from": [ 4, 7, 13 ],
			"to": [ 12, 8, 14 ],
			"faces": {
				"down": { "uv": [ 0, 1, 8, 2 ], "texture": "#0" },
				"up": { "uv": [ 0, 2, 8, 3 ], "texture": "#0" },
				"north": { "uv": [ 0, 2, 8, 3 ], "texture": "#0" },
				"south": { "uv": [ 0, 2, 8, 3 ], "texture": "#0" },
				"west": { "uv": [ 0, 2, 1, 3 ], "texture": "#0" },
				"east": { "uv": [ 0, 2, 1, 3 ], "texture": "#0" }
			}
		},
		{
			"from": [ 4, 7, 2 ],
			"to": [ 12, 8, 3 ],
			"faces": {
				"down": { "uv": [ 0, 1, 8, 2 ], "texture": "#0" },
				"up": { "uv": [ 0, 2, 8, 3 ], "texture": "#0" },
				"north": { "uv": [ 0, 2, 8, 3 ], "texture": "#0" },
				"south": { "uv": [ 0, 2, 8, 3 ], "texture": "#0" },
				"west": { "uv": [ 0, 2, 1, 3 ], "texture": "#0" },
				"east": { "uv": [ 0, 2, 1, 3 ], "texture": "#0" }
			}
		},
		{
			"from": [ 2, 7, 4 ],
			"to": [ 3, 8, 12 ],
			"faces": {
				"down": { "uv": [ 0, 1, 8, 2 ], "texture": "#0", "rotation": 90 },
				"up": { "uv": [ 0, 2, 8, 3 ], "texture": "#0", "rotation": 90 },
				"north": { "uv": [ 0, 2, 1, 3 ], "texture": "#0" },
				"south": { "uv": [ 0, 2, 1, 3 ], "texture": "#0" },
				"west": { "uv": [ 0, 2, 8, 3 ], "texture": "#0" },
				"east": { "uv": [ 0, 2, 8, 3 ], "texture": "#0" }
			}
		},
		{
			"from": [ 13, 7, 4 ],
			"to": [ 14, 8, 12 ],
			"faces": {
				"down": { "uv": [ 0, 1, 8, 2 ], "texture": "#0", "rotation": 90 },
				"up": { "uv": [ 0, 2, 8, 3 ], "texture": "#0", "rotation": 90 },
				"north": { "uv": [ 0, 2, 1, 3 ], "texture": "#0" },
				"south": { "uv": [ 0, 2, 1, 3 ], "texture": "#0" },
				"west": { "uv": [ 0, 2, 8, 3 ], "texture": "#0" },
				"east": { "uv": [ 0, 2, 8, 3 ], "texture": "#0" }
			}
		},
		{
			"from": [ 13.8, 6.8, 7 ],
			"to": [ 14.8, 7.8, 9 ],
			"rotation": { "origin": [ 8, 8, 8 ], "axis": "y", "angle": 45 },
			"faces": {
				"down": { "uv": [ 0, 1, 8, 2 ], "texture": "#0", "rotation": 90 },
				"up": { "uv": [ 0, 2, 8, 3 ], "texture": "#0", "rotation": 90 },
				"north": { "uv": [ 0, 2, 1, 3 ], "texture": "#0" },
				"south": { "uv": [ 0, 2, 1, 3 ], "texture": "#0" },
				"west": { "uv": [ 0, 2, 2, 3 ], "texture": "#0" },
				"east": { "uv": [ 0, 2, 2, 3 ], "texture": "#0" }
			}
		},
		{
			"from": [ 1.2, 6.8, 7 ],
			"to": [ 2.2, 7.8, 9 ],
			"rotation": { "origin": [ 8, 8, 8 ], "axis": "y", "angle": 45 },
			"faces": {
				"down": { "uv": [ 0, 1, 8, 2 ], "texture": "#0", "rotation": 90 },
				"up": { "uv": [ 0, 2, 8, 3 ], "texture": "#0", "rotation": 90 },
				"north": { "uv": [ 0, 2, 1, 3 ], "texture": "#0" },
				"south": { "uv": [ 0, 2, 1, 3 ], "texture": "#0" },
				"west": { "uv": [ 0, 2, 2, 3 ], "texture": "#0" },
				"east": { "uv": [ 0, 2, 2, 3 ], "texture": "#0" }
			}
		},
		{
			"from": [ 1.2, 6.8, 7 ],
			"to": [ 2.2, 7.8, 9 ],
			"rotation": { "origin": [ 8, 8, 8 ], "axis": "y", "angle": -45 },
			"faces": {
				"down": { "uv": [ 0, 1, 8, 2 ], "texture": "#0", "rotation": 90 },
				"up": { "uv": [ 0, 2, 8, 3 ], "texture": "#0", "rotation": 90 },
				"north": { "uv": [ 0, 2, 1, 3 ], "texture": "#0" },
				"south": { "uv": [ 0, 2, 1, 3 ], "texture": "#0" },
				"west": { "uv": [ 0, 2, 2, 3 ], "texture": "#0" },
				"east": { "uv": [ 0, 2, 2, 3 ], "texture": "#0" }
			}
		},
		{
			"from": [ 13.8, 6.8, 7 ],
			"to": [ 14.8, 7.8, 9 ],
			"rotation": { "origin": [ 8, 8, 8 ], "axis": "y", "angle": -45 },
			"faces": {
				"down": { "uv": [ 0, 1, 8, 2 ], "texture": "#0", "rotation": 90 },
				"up": { "uv": [ 0, 2, 8, 3 ], "texture": "#0", "rotation": 90 },
				"north": { "uv": [ 0, 2, 1, 3 ], "texture": "#0" },
				"south": { "uv": [ 0, 2, 1, 3 ], "texture": "#0" },
				"west": { "uv": [ 0, 2, 2, 3 ], "texture": "#0" },
				"east": { "uv": [ 0, 2, 2, 3 ], "texture": "#0" }
			}
		},
		{
			"from": [ 6.5, 7.5, 12.5 ],
			"to": [ 9.5, 8.5, 13.5 ],
			"faces": {
				"down": { "uv": [ 0, 1, 3, 2 ], "texture": "#0" },
				"up": { "uv": [ 0, 2, 3, 3 ], "texture": "#0" },
				"north": { "uv": [ 0, 2, 3, 3 ], "texture": "#0" },
				"south": { "uv": [ 0, 2, 3, 3 ], "texture": "#0" },
				"west": { "uv": [ 0, 2, 1, 3 ], "texture": "#0" },
				"east": { "uv": [ 0, 2, 1, 3 ], "texture": "#0" }
			}
		},
		{
			"from": [ 6.5, 7.5, 2.5 ],
			"to": [ 9.5, 8.5, 3.5 ],
			"faces": {
				"down": { "uv": [ 0, 1, 3, 2 ], "texture": "#0" },
				"up": { "uv": [ 0, 2, 3, 3 ], "texture": "#0" },
				"north": { "uv": [ 0, 2, 3, 3 ], "texture": "#0" },
				"south": { "uv": [ 0, 2, 3, 3 ], "texture": "#0" },
				"west": { "uv": [ 0, 2, 1, 3 ], "texture": "#0" },
				"east": { "uv": [ 0, 2, 1, 3 ], "texture": "#0" }
			}
		},
		{
			"from": [ 7.5, 6, 3 ],
			"to": [ 8.5, 9, 4 ],
			"rotation": { "origin": [ 8, 8, 8 ], "axis": "x", "angle": 22.5 },
			"faces": {
				"up": { "uv": [ 0, 2, 1, 3 ], "texture": "#0" },
				"north": { "uv": [ 0, 2, 1, 5 ], "texture": "#0" },
				"south": { "uv": [ 0, 2, 1, 5 ], "texture": "#0" },
				"west": { "uv": [ 0, 2, 1, 5 ], "texture": "#0" },
				"east": { "uv": [ 0, 2, 1, 5 ], "texture": "#0" }
			}
		},
		{
			"from": [ 7.5, 6, 12 ],
			"to": [ 8.5, 9, 13 ],
			"rotation": { "origin": [ 8, 8, 8 ], "axis": "x", "angle": -22.5 },
			"faces": {
				"up": { "uv": [ 0, 2, 1, 3 ], "texture": "#0" },
				"north": { "uv": [ 0, 2, 1, 5 ], "texture": "#0" },
				"south": { "uv": [ 0, 2, 1, 5 ], "texture": "#0" },
				"west": { "uv": [ 0, 2, 1, 5 ], "texture": "#0" },
				"east": { "uv": [ 0, 2, 1, 5 ], "texture": "#0" }
			}
		},
		{
			"from": [ 7.6, 7, 3 ],
			"to": [ 8.4, 9, 4 ],
			"rotation": { "origin": [ 8, 8, 8 ], "axis": "x", "angle": 45 },
			"faces": {
				"down": { "uv": [ 0, 1, 0.8, 2 ], "texture": "#0" },
				"up": { "uv": [ 0, 2, 0.8, 3 ], "texture": "#0" },
				"north": { "uv": [ 0, 2, 0.8, 4 ], "texture": "#0" },
				"south": { "uv": [ 0, 2, 0.8, 4 ], "texture": "#0" },
				"west": { "uv": [ 0, 2, 1, 4 ], "texture": "#0" },
				"east": { "uv": [ 0, 2, 1, 4 ], "texture": "#0" }
			}
		},
		{
			"from": [ 7.6, 7, 12 ],
			"to": [ 8.4, 9, 13 ],
			"rotation": { "origin": [ 8, 8, 8 ], "axis": "x", "angle": -45 },
			"faces": {
				"down": { "uv": [ 0, 1, 0.8, 2 ], "texture": "#0" },
				"up": { "uv": [ 0, 2, 0.8, 3 ], "texture": "#0" },
				"north": { "uv": [ 0, 2, 0.8, 4 ], "texture": "#0" },
				"south": { "uv": [ 0, 2, 0.8, 4 ], "texture": "#0" },
				"west": { "uv": [ 0, 2, 1, 4 ], "texture": "#0" },
				"east": { "uv": [ 0, 2, 1, 4 ], "texture": "#0" }
			}
		},
		{
			"from": [ 7.7, 12, 7 ],
			"to": [ 8.3, 13, 9 ],
			"rotation": { "origin": [ 8, 8, 8 ], "axis": "x", "angle": -22.5 },
			"faces": {
				"down": { "uv": [ 0, 3, 0.6, 5 ], "texture": "#0" },
				"up": { "uv": [ 0, 2, 0.6, 4 ], "texture": "#0" },
				"north": { "uv": [ 0, 2, 0.6, 3 ], "texture": "#0" },
				"west": { "uv": [ 7, 2, 9, 3 ], "texture": "#0" },
				"east": { "uv": [ 8, 2, 10, 3 ], "texture": "#0" }
			}
		},
		{
			"from": [ 7.7, 12, 7 ],
			"to": [ 8.3, 13, 9 ],
			"rotation": { "origin": [ 8, 8, 8 ], "axis": "x", "angle": 22.5 },
			"faces": {
				"down": { "uv": [ 0, 3, 0.6, 5 ], "texture": "#0" },
				"up": { "uv": [ 0, 2, 0.6, 4 ], "texture": "#0" },
				"south": { "uv": [ 0, 2, 0.6, 3 ], "texture": "#0" },
				"west": { "uv": [ 7, 2, 9, 3 ], "texture": "#0" },
				"east": { "uv": [ 8, 2, 10, 3 ], "texture": "#0" }
			}
		},
		{
			"from": [ 7.6, 12, 7 ],
			"to": [ 8.4, 13, 9 ],
			"faces": {
				"down": { "uv": [ 0, 3, 0.8, 5 ], "texture": "#0" },
				"up": { "uv": [ 0, 2, 0.8, 4 ], "texture": "#0" },
				"north": { "uv": [ 0, 2, 0.8, 3 ], "texture": "#0" },
				"south": { "uv": [ 0, 2, 0.8, 3 ], "texture": "#0" },
				"west": { "uv": [ 7, 2, 9, 3 ], "texture": "#0" },
				"east": { "uv": [ 8, 2, 10, 3 ], "texture": "#0" }
			}
		},
		{
			"from": [ 12.6, 3, 3 ],
			"to": [ 12.601, 11, 11 ],
			"rotation": { "origin": [ 8, 8, 8 ], "axis": "z", "angle": -22.5 },
			"faces": {
				"down": { "uv": [ 0, 0, 16, 8 ], "texture": "#1" },
				"up": { "uv": [ 0, 0, 16, 12 ], "texture": "#1" },
				"north": { "uv": [ 0, 0, 16, 8 ], "texture": "#1" },
				"south": { "uv": [ 0, 0, 16, 8 ], "texture": "#1" },
				"west": { "uv": [ 0, 0, 16, 16 ], "texture": "#1" },
				"east": { "uv": [ 0, 0, 16, 15 ], "texture": "#1" }
			}
		},
		{
			"from": [ 3.5, 3, 3.5 ],
			"to": [ 3.501, 11, 11.5 ],
			"rotation": { "origin": [ 8, 8, 8 ], "axis": "z", "angle": 22.5 },
			"faces": {
				"down": { "uv": [ 0, 0, 16, 8 ], "texture": "#1" },
				"up": { "uv": [ 0, 0, 16, 12 ], "texture": "#1" },
				"north": { "uv": [ 0, 0, 16, 8 ], "texture": "#1" },
				"south": { "uv": [ 0, 0, 16, 8 ], "texture": "#1" },
				"west": { "uv": [ 0, 0, 16, 16 ], "texture": "#1" },
				"east": { "uv": [ 0, 0, 16, 15 ], "texture": "#1" }
			}
		},
		{
			"from": [ 3.9, 3, 5.7 ],
			"to": [ 3.901, 11, 13.7 ],
			"rotation": { "origin": [ 8, 8, 8 ], "axis": "z", "angle": 22.5 },
			"faces": {
				"down": { "uv": [ 0, 0, 16, 8 ], "texture": "#1" },
				"up": { "uv": [ 0, 0, 16, 12 ], "texture": "#1" },
				"north": { "uv": [ 0, 0, 16, 8 ], "texture": "#1" },
				"south": { "uv": [ 0, 0, 16, 8 ], "texture": "#1" },
				"west": { "uv": [ 0, 0, 16, 16 ], "texture": "#1" },
				"east": { "uv": [ 0, 0, 16, 15 ], "texture": "#1" }
			}
		},
		{
			"from": [ 3.9, 1.9, 5.7 ],
			"to": [ 11.9, 1.901, 13.7 ],
			"rotation": { "origin": [ 8, 8, 8 ], "axis": "y", "angle": 22.5 },
			"faces": {
				"down": { "uv": [ 0, 0, 16, 16 ], "texture": "#1" },
				"up": { "uv": [ 0, 0, 16, 16 ], "texture": "#1" },
				"north": { "uv": [ 0, 0, 8, 0 ], "texture": "#1" },
				"south": { "uv": [ 0, 0, 8, 0 ], "texture": "#1" },
				"west": { "uv": [ 0, 0, 16, 16 ], "texture": "#1" },
				"east": { "uv": [ 0, 0, 16, 16 ], "texture": "#1" }
			}
		},
		{
			"from": [ 4.4, 2.9, 3.7 ],
			"to": [ 12.4, 10.9, 3.701 ],
			"rotation": { "origin": [ 8, 8, 8 ], "axis": "x", "angle": -22.5 },
			"faces": {
				"down": { "uv": [ 0, 0, 16, 16 ], "texture": "#1" },
				"up": { "uv": [ 0, 0, 16, 16 ], "texture": "#1" },
				"north": { "uv": [ 0, 0, 16, 16 ], "texture": "#1" },
				"south": { "uv": [ 0, 0, 16, 16 ], "texture": "#1" },
				"west": { "uv": [ 0, 0, 16, 16 ], "texture": "#1" },
				"east": { "uv": [ 0, 0, 16, 16 ], "texture": "#1" }
			}
		}
	]
}