{
	"__comment": "Designed by Djae95 with Cubik Studio - https://cubik.studio",
	"parent": "block/block",
	"textures": {
		"particle": "blocks/planks_birch",
		"board": "blocks/planks_birch",
		"knife": "blocks/stone",
		"hood": "blocks/iron_block",
		"handel": "blocks/planks_oak"
	},
	"elements": [ 	 
		{
			"__comment": "Cutting Board",
			"from": [ 1, 0, 1 ],
			"to": [ 15, 1, 15 ],
			"faces": {
				"down": { "uv": [ 0, 0, 16, 16 ], "texture": "#board", "cullface": "down" },
				"up": { "uv": [ 0, 0, 16, 16 ], "texture": "#board" },
				"north": { "uv": [ 0, 15, 16, 16 ], "texture": "#board", "cullface": "north" },
				"south": { "uv": [ 0, 15, 16, 16 ], "texture": "#board", "cullface": "south" },
				"west": { "uv": [ 0, 15, 16, 16 ], "texture": "#board", "cullface": "west" },
				"east": { "uv": [ 0, 8, 16, 9 ], "texture": "#board", "cullface": "east" }
			}
		},
		{
			"__comment": "Handel",
			"from": [ 10.5, 1, 8.5 ],
			"to": [ 12, 2, 14.5 ],
			"rotation": { "origin": [ 10.5, 1, 8.5 ], "axis": "y", "angle": 22.5 },
			"faces": {
				"up": { "uv": [ 6, 7, 9, 16 ], "texture": "#handel" },
				"north": { "uv": [ 2.5, 11, 4, 12 ], "texture": "#handel" },
				"south": { "uv": [ 5.5, 11, 7, 12 ], "texture": "#handel" },
				"west": { "uv": [ 6.5, 7, 7.5, 16 ], "texture": "#handel", "rotation": 270 },
				"east": { "uv": [ 12.5, 7, 13.5, 16 ], "texture": "#handel", "rotation": 270 }
			}
		},
		{
			"__comment": "Knife",
			"from": [ 11, 1, 3.5 ],
			"to": [ 12, 1.5, 8.5 ],
			"rotation": { "origin": [ 10.5, 1, 8.5 ], "axis": "y", "angle": 22.5 },
			"faces": {
				"up": { "uv": [ 11, 2, 14, 14 ], "texture": "#knife" },
				"west": { "uv": [ 4, 5, 16, 7 ], "texture": "#knife" },
				"east": { "uv": [ 0, 6, 12, 8 ], "texture": "#knife" }
			}
		},
		{
			"__comment": "Knife Bit",
			"from": [ 11.5, 1, 2.5 ],
			"to": [ 12, 1.5, 3.5 ],
			"rotation": { "origin": [ 10.5, 1, 8.5 ], "axis": "y", "angle": 22.5 },
			"faces": {
				"up": { "uv": [ 12.5, 1, 14, 3 ], "texture": "#knife" },
				"north": { "uv": [ 3, 11, 4, 13 ], "texture": "#knife" },
				"west": { "uv": [ 3, 8, 5, 10 ], "texture": "#knife" },
				"east": { "uv": [ 8, 12, 10, 14 ], "texture": "#knife" }
			}
		},
		{
			"__comment": "Knife bit 2",
			"from": [ 10.5, 1, 3.5 ],
			"to": [ 11, 1.5, 4 ],
			"rotation": { "origin": [ 10.5, 1, 8.5 ], "axis": "y", "angle": 22.5 },
			"faces": {
				"up": { "uv": [ 11, 1, 12, 2 ], "texture": "#knife" },
				"north": { "uv": [ 6, 8, 7, 10 ], "texture": "#knife" },
				"south": { "uv": [ 9, 13, 10, 15 ], "texture": "#knife" },
				"west": { "uv": [ 2, 10, 3, 12 ], "texture": "#knife" }
			}
		},
		{
			"__comment": "Knife bit 3",
			"from": [ 10.5, 1, 4.5 ],
			"to": [ 11, 1.5, 5 ],
			"rotation": { "origin": [ 10.5, 1, 8.5 ], "axis": "y", "angle": 22.5 },
			"faces": {
				"up": { "uv": [ 11.5, 4, 12, 4.5 ], "texture": "#knife" },
				"north": { "uv": [ 5, 10, 6, 12 ], "texture": "#knife" },
				"south": { "uv": [ 11, 13, 12, 15 ], "texture": "#knife" },
				"west": { "uv": [ 4, 13, 5, 15 ], "texture": "#knife" }
			}
		},
		{
			"__comment": "Knife bit 1",
			"from": [ 11, 1, 3 ],
			"to": [ 11.5, 1.5, 3.5 ],
			"rotation": { "origin": [ 10.5, 1, 8.5 ], "axis": "y", "angle": 22.5 },
			"faces": {
				"up": { "uv": [ 12, 2, 13, 3 ], "texture": "#knife" },
				"north": { "uv": [ 6, 8, 7, 10 ], "texture": "#knife" },
				"west": { "uv": [ 1, 13, 2, 15 ], "texture": "#knife" }
			}
		}
	],
	"display": {
		"thirdperson_righthand": {
			"rotation":  [ 75, 45, 0 ],
			"translation":  [ 0, 2.5, 0 ],
			"scale":  [ 0.375, 0.375, 0.375 ]
		},
		"thirdperson_lefthand": {
			"rotation":  [ 75, 45, 0 ],
			"translation":  [ 0, 2.5, 0 ],
			"scale":  [ 0.375, 0.375, 0.375 ]
		},
		"firstperson_righthand": {
			"rotation":  [ 0, 45, 0 ],
			"scale":  [ 0.4, 0.4, 0.4 ]
		},
		"firstperson_lefthand": {
			"rotation":  [ 0, 45, 0 ],
			"scale":  [ 0.4, 0.4, 0.4 ]
		},
		"gui": {
			"rotation":  [ 30, 225, 0 ],
			"scale":  [ 0.625, 0.625, 0.625 ]
		},
		"ground": {
			"translation":  [ 0, 3, 0 ],
			"scale":  [ 0.25, 0.25, 0.25 ]
		},
		"fixed": {
			"scale":  [ 0.75, 0.75, 0.75 ]
		}
	}
}