{
	"__comment": "Designed by Djae95 with Cubik Studio - https://cubik.studio",
	"textures": {
		"particle": "blocks/iron_block",
		"iron": "blocks/iron_block",
		"stone": "blocks/stone",
		"magmablock": "blocks/magma"
	},
	"elements": [ 	 
		{
			"__comment": "Box3",
			"from": [ 2, 3, 2 ],
			"to": [ 14, 4, 14 ],
			"faces": {
				"down": { "uv": [ 2, 2, 14, 14 ], "texture": "#stone" },
				"up": { "uv": [ 2, 2, 14, 14 ], "texture": "#stone" },
				"north": { "uv": [ 2, 12, 14, 13 ], "texture": "#stone" }
			}
		},
		{
			"__comment": "Box4",
			"from": [ 1, 0, 1 ],
			"to": [ 2, 4, 15 ],
			"faces": {
				"up": { "uv": [ 1, 1, 2, 15 ], "texture": "#iron" },
				"north": { "uv": [ 14, 12, 15, 16 ], "texture": "#iron" },
				"south": { "uv": [ 1, 12, 2, 16 ], "texture": "#iron" },
				"west": { "uv": [ 1, 12, 15, 16 ], "texture": "#iron" },
				"east": { "uv": [ 1, 12, 15, 16 ], "texture": "#iron" }
			}
		},
		{
			"__comment": "Box4",
			"from": [ 14, 0, 1 ],
			"to": [ 15, 4, 15 ],
			"faces": {
				"up": { "uv": [ 14, 1, 15, 15 ], "texture": "#iron" },
				"north": { "uv": [ 1, 12, 2, 16 ], "texture": "#iron" },
				"south": { "uv": [ 14, 12, 15, 16 ], "texture": "#iron" },
				"west": { "uv": [ 1, 12, 15, 16 ], "texture": "#iron" },
				"east": { "uv": [ 1, 12, 15, 16 ], "texture": "#iron" }
			}
		},
		{
			"__comment": "Box6",
			"from": [ 2, 0, 14 ],
			"to": [ 14, 4, 15 ],
			"faces": {
				"up": { "uv": [ 2, 14, 14, 15 ], "texture": "#iron" },
				"north": { "uv": [ 2, 12, 14, 16 ], "texture": "#iron" },
				"south": { "uv": [ 2, 12, 14, 16 ], "texture": "#iron" }
			}
		},
		{
			"__comment": "Box7",
			"from": [ 2, 0, 1 ],
			"to": [ 6.5, 4, 2 ],
			"faces": {
				"up": { "uv": [ 2, 1, 6.5, 2 ], "texture": "#iron" },
				"north": { "uv": [ 9.5, 12, 14, 16 ], "texture": "#iron" },
				"south": { "uv": [ 2, 12, 6.5, 16 ], "texture": "#iron" },
				"east": { "uv": [ 14, 12, 15, 16 ], "texture": "#iron" }
			}
		},
		{
			"__comment": "Box7",
			"from": [ 9.5, 0, 1 ],
			"to": [ 14, 4, 2 ],
			"faces": {
				"up": { "uv": [ 9.5, 1, 14, 2 ], "texture": "#iron" },
				"north": { "uv": [ 2, 12, 6.5, 16 ], "texture": "#iron" },
				"south": { "uv": [ 9.5, 12, 14, 16 ], "texture": "#iron" },
				"west": { "uv": [ 1, 12, 2, 16 ], "texture": "#iron" }
			}
		},
		{
			"__comment": "Box9",
			"from": [ 6.5, 3, 1 ],
			"to": [ 9.5, 4, 2 ],
			"faces": {
				"down": { "uv": [ 7, 14, 9, 15 ], "texture": "#iron" },
				"up": { "uv": [ 7, 1, 9, 2 ], "texture": "#iron" },
				"north": { "uv": [ 4, 12, 6, 13 ], "texture": "#iron" }
			}
		},
		{
			"__comment": "Box11",
			"from": [ 1, 0, 1 ],
			"to": [ 15, 1, 15 ],
			"faces": {
				"down": { "uv": [ 1, 1, 15, 15 ], "texture": "#iron", "cullface": "down" },
				"up": { "uv": [ 1, 1, 15, 15 ], "texture": "#iron" },
				"north": { "uv": [ 1, 15, 15, 16 ], "texture": "#iron" },
				"south": { "uv": [ 1, 15, 15, 16 ], "texture": "#iron" }
			}
		},
		{
			"__comment": "Box12",
			"from": [ 3, 1, 3 ],
			"to": [ 13, 3, 13 ],
			"faces": {
				"north": { "uv": [ 3, 13, 13, 15 ], "texture": "#magmablock" },
				"south": { "uv": [ 3, 13, 13, 15 ], "texture": "#magmablock" },
				"west": { "uv": [ 3, 13, 13, 15 ], "texture": "#magmablock" },
				"east": { "uv": [ 3, 13, 13, 15 ], "texture": "#magmablock" }
			}
		}
	]
}