{
	"__comment": "Designed by Djae95 with Cubik Studio - https://cubik.studio",
	"textures": {
		"particle": "blocks/planks_big_oak",
		"Plank": "blocks/planks_big_oak",
		"Log": "blocks/log_big_oak"
	},
	"elements": [ 	 
		{
			"__comment": "Edge Piece",
			"from": [ 0, 8, 14 ],
			"to": [ 2, 16, 16 ],
			"faces": {
				"down": { "uv": [ 12, 0, 16, 4 ], "texture": "#Log" },
				"up": { "uv": [ 0, 12, 4, 16 ], "texture": "#Log", "cullface": "up" },
				"south": { "uv": [ 4, 0, 8, 16 ], "texture": "#Log", "cullface": "south" },
				"west": { "uv": [ 8, 0, 12, 16 ], "texture": "#Log", "cullface": "west" }
			}
		},
		{
			"__comment": "Edge Piece",
			"from": [ 0, 8, 0 ],
			"to": [ 2, 16, 2 ],
			"faces": {
				"down": { "uv": [ 12, 12, 16, 16 ], "texture": "#Log" },
				"up": { "uv": [ 0, 0, 4, 4 ], "texture": "#Log", "cullface": "up" },
				"north": { "uv": [ 0, 0, 4, 16 ], "texture": "#Log", "cullface": "north" },
				"west": { "uv": [ 8, 0, 12, 16 ], "texture": "#Log", "cullface": "west" },
				"east": { "uv": [ 12, 0, 16, 16 ], "texture": "#Log" }
			}
		},
		{
			"__comment": "Edge Piece",
			"from": [ 14, 8, 14 ],
			"to": [ 16, 16, 16 ],
			"faces": {
				"down": { "uv": [ 0, 0, 4, 4 ], "texture": "#Log" },
				"up": { "uv": [ 12, 12, 16, 16 ], "texture": "#Log", "cullface": "up" },
				"south": { "uv": [ 4, 0, 8, 16 ], "texture": "#Log", "cullface": "south" },
				"east": { "uv": [ 12, 0, 16, 16 ], "texture": "#Log", "cullface": "east" }
			}
		},
		{
			"__comment": "Edge Piece",
			"from": [ 14, 8, 0 ],
			"to": [ 16, 16, 2 ],
			"faces": {
				"down": { "uv": [ 0, 12, 4, 16 ], "texture": "#Log" },
				"up": { "uv": [ 2, 2, 6, 6.5 ], "texture": "#Log", "cullface": "up" },
				"north": { "uv": [ 0, 0, 4, 16 ], "texture": "#Log", "cullface": "north" },
				"west": { "uv": [ 8, 0, 12, 16 ], "texture": "#Log" },
				"east": { "uv": [ 12, 0, 16, 16 ], "texture": "#Log", "cullface": "east" }
			}
		},
		{
			"__comment": "Siding",
			"from": [ 8.5, 8, 0 ],
			"to": [ 14, 15, 2 ],
			"faces": {
				"down": { "uv": [ 0.5, 7, 6, 9 ], "texture": "#Plank" },
				"north": { "uv": [ 7, 1, 12.5, 8 ], "texture": "#Plank", "cullface": "north" }
			}
		},
		{
			"__comment": "Siding",
			"from": [ 2, 8, 14 ],
			"to": [ 14, 16, 16 ],
			"faces": {
				"down": { "uv": [ 0, 3, 16, 5 ], "texture": "#Plank" },
				"up": { "uv": [ 0.5, 3, 14, 5 ], "texture": "#Plank", "cullface": "up" },
				"south": { "uv": [ 0, 5, 12, 13 ], "texture": "#Plank", "cullface": "south" }
			}
		},
		{
			"__comment": "Siding",
			"from": [ 0, 8, 2 ],
			"to": [ 2, 16, 14 ],
			"faces": {
				"down": { "uv": [ 5, 1, 7, 15 ], "texture": "#Plank" },
				"up": { "uv": [ 5, 0, 7, 14 ], "texture": "#Plank", "cullface": "up", "rotation": 180 },
				"west": { "uv": [ 0, 12, 12, 4 ], "texture": "#Plank", "cullface": "west" }
			}
		},
		{
			"__comment": "Siding",
			"from": [ 14, 8, 2 ],
			"to": [ 16, 16, 14 ],
			"faces": {
				"down": { "uv": [ 13, 15, 11, 1 ], "texture": "#Plank", "rotation": 180 },
				"up": { "uv": [ 7, 0, 9, 14 ], "texture": "#Plank", "cullface": "up", "rotation": 180 },
				"east": { "uv": [ 1.5, 5, 13.5, 13 ], "texture": "#Plank", "cullface": "east" }
			}
		},
		{
			"__comment": "Box12",
			"from": [ 2, 15, 2 ],
			"to": [ 14, 16, 14 ],
			"faces": {
				"up": { "uv": [ 1, 1, 14.5, 15 ], "texture": "#Plank", "cullface": "up" }
			}
		},
		{
			"__comment": "Box13",
			"from": [ 2, 8, 2 ],
			"to": [ 14, 9, 14 ],
			"faces": {
				"down": { "uv": [ 1, 1, 15, 15 ], "texture": "#Plank" }
			}
		},
		{
			"__comment": "Siding",
			"from": [ 2, 8, 0 ],
			"to": [ 7.5, 15, 2 ],
			"faces": {
				"down": { "uv": [ 2, 11, 7.5, 13 ], "texture": "#Plank" },
				"north": { "uv": [ 13.5, 5, 8, 12 ], "texture": "#Plank", "cullface": "north" }
			}
		},
		{
			"__comment": "Box15",
			"from": [ 7.5, 8, 0 ],
			"to": [ 8.5, 15, 2 ],
			"faces": {
				"down": { "uv": [ 8, 11, 9, 13 ], "texture": "#Plank" },
				"north": { "uv": [ 3.5, 3, 11.5, 4 ], "texture": "#Plank", "cullface": "north", "rotation": 90 }
			}
		},
		{
			"__comment": "Box16",
			"from": [ 2, 15, 0 ],
			"to": [ 14, 16, 2 ],
			"faces": {
				"up": { "uv": [ 1, 3, 14.5, 5 ], "texture": "#Plank", "cullface": "up" },
				"north": { "uv": [ 2, 3, 14, 4 ], "texture": "#Plank", "cullface": "north" }
			}
		},
		{
			"__comment": "Box17",
			"from": [ 9.5, 13, -1 ],
			"to": [ 10.5, 14, 0 ],
			"faces": {
				"down": { "uv": [ 10, 0, 12, 2 ], "texture": "#Log", "cullface": "north" },
				"up": { "uv": [ 9, 13, 11, 15 ], "texture": "#Log", "cullface": "north" },
				"west": { "uv": [ 9, 1, 11, 3 ], "texture": "#Log", "cullface": "north" },
				"east": { "uv": [ 0, 3, 2, 5 ], "texture": "#Log", "cullface": "north" }
			}
		},
		{
			"__comment": "Box17",
			"from": [ 9.5, 10, -1 ],
			"to": [ 10.5, 11, 0 ],
			"faces": {
				"down": { "uv": [ 10, 0, 12, 2 ], "texture": "#Log", "cullface": "north" },
				"up": { "uv": [ 9, 13, 11, 15 ], "texture": "#Log", "cullface": "north" },
				"west": { "uv": [ 9, 1, 11, 3 ], "texture": "#Log", "cullface": "north" },
				"east": { "uv": [ 0, 3, 2, 5 ], "texture": "#Log", "cullface": "north" }
			}
		},
		{
			"__comment": "Box17",
			"from": [ 5.5, 13, -1 ],
			"to": [ 6.5, 14, 0 ],
			"faces": {
				"down": { "uv": [ 10, 0, 12, 2 ], "texture": "#Log", "cullface": "north" },
				"up": { "uv": [ 9, 13, 11, 15 ], "texture": "#Log", "cullface": "north" },
				"west": { "uv": [ 9, 1, 11, 3 ], "texture": "#Log", "cullface": "north" },
				"east": { "uv": [ 0, 3, 2, 5 ], "texture": "#Log", "cullface": "north" }
			}
		},
		{
			"__comment": "Box17",
			"from": [ 5.5, 10, -1 ],
			"to": [ 6.5, 11, 0 ],
			"faces": {
				"down": { "uv": [ 10, 0, 12, 2 ], "texture": "#Log", "cullface": "north" },
				"up": { "uv": [ 9, 13, 11, 15 ], "texture": "#Log", "cullface": "north" },
				"west": { "uv": [ 9, 1, 11, 3 ], "texture": "#Log", "cullface": "north" },
				"east": { "uv": [ 0, 3, 2, 5 ], "texture": "#Log", "cullface": "north" }
			}
		},
		{
			"__comment": "Box21",
			"from": [ 9.5, 10, -1.5 ],
			"to": [ 10.5, 14, -1 ],
			"faces": {
				"down": { "uv": [ 11, 7, 13, 8 ], "texture": "#Log", "cullface": "north" },
				"up": { "uv": [ 4, 8, 6, 9 ], "texture": "#Log", "cullface": "north" },
				"north": { "uv": [ 4, 4, 6, 13 ], "texture": "#Log", "cullface": "north" },
				"south": { "uv": [ 6, 3.5, 8, 10.5 ], "texture": "#Log", "cullface": "north" },
				"west": { "uv": [ 10, 9, 11, 1 ], "texture": "#Log", "cullface": "north" },
				"east": { "uv": [ 5, 1, 4, 9 ], "texture": "#Log", "cullface": "north" }
			}
		},
		{
			"__comment": "Box21",
			"from": [ 5.5, 10, -1.5 ],
			"to": [ 6.5, 14, -1 ],
			"faces": {
				"down": { "uv": [ 6, 0, 8, 1 ], "texture": "#Log", "cullface": "north" },
				"up": { "uv": [ 4, 8, 6, 9 ], "texture": "#Log", "cullface": "north" },
				"north": { "uv": [ 9, 4, 11, 13 ], "texture": "#Log", "cullface": "north" },
				"south": { "uv": [ 6, 3.5, 8, 10.5 ], "texture": "#Log", "cullface": "north" },
				"west": { "uv": [ 10, 9, 11, 1 ], "texture": "#Log", "cullface": "north" },
				"east": { "uv": [ 7, 1, 6, 9 ], "texture": "#Log", "cullface": "north" }
			}
		}
	]
}