{
	"__comment": "Designed by Djae95 with Cubik Studio - https://cubik.studio",
	"textures": {
		"particle": "blocks/iron_block",
		"Iron": "blocks/iron_block"
	},
	"elements": [ 	 
		{
			"__comment": "Box1",
			"from": [ 0, 0, 15 ],
			"to": [ 16, 11, 16 ],
			"faces": {
				"down": { "uv": [ 0, 0, 16, 1 ], "texture": "#Iron", "cullface": "down" },
				"up": { "uv": [ 0, 15, 16, 16 ], "texture": "#Iron" },
				"north": { "uv": [ 0, 0, 16, 16 ], "texture": "#Iron" },
				"south": { "uv": [ 0, 0, 16, 15 ], "texture": "#Iron", "cullface": "south" },
				"west": { "uv": [ 15, 1, 16, 16 ], "texture": "#Iron", "cullface": "west" },
				"east": { "uv": [ 0, 1, 1, 16 ], "texture": "#Iron", "cullface": "east" }
			}
		},
		{
			"__comment": "Box3",
			"from": [ 6, 10, 6 ],
			"to": [ 10, 16, 7 ],
			"faces": {
				"down": { "uv": [ 1, 9, 6, 10 ], "texture": "#Iron" },
				"up": { "uv": [ 1, 0, 6, 1 ], "texture": "#Iron", "cullface": "up" },
				"north": { "uv": [ 5, 0, 10, 5 ], "texture": "#Iron" },
				"south": { "uv": [ 6, 0, 11, 5 ], "texture": "#Iron" },
				"west": { "uv": [ 5, 0, 6, 5 ], "texture": "#Iron" },
				"east": { "uv": [ 14, 0, 15, 5 ], "texture": "#Iron" }
			}
		},
		{
			"__comment": "Box3",
			"from": [ 6, 10, 9 ],
			"to": [ 10, 16, 10 ],
			"faces": {
				"down": { "uv": [ 1, 9, 6, 10 ], "texture": "#Iron" },
				"up": { "uv": [ 1.5, 15, 6.5, 16 ], "texture": "#Iron", "cullface": "up" },
				"north": { "uv": [ 5, 0, 10, 5 ], "texture": "#Iron" },
				"south": { "uv": [ 6, 0, 11, 5 ], "texture": "#Iron" },
				"west": { "uv": [ 5, 0, 6, 5 ], "texture": "#Iron" },
				"east": { "uv": [ 14, 0, 15, 5 ], "texture": "#Iron" }
			}
		},
		{
			"__comment": "Box5",
			"from": [ 9, 10, 7 ],
			"to": [ 10, 16, 9 ],
			"faces": {
				"down": { "uv": [ 5, 7, 6, 9 ], "texture": "#Iron" },
				"up": { "uv": [ 15, 7, 16, 9 ], "texture": "#Iron", "cullface": "up" },
				"west": { "uv": [ 11, 0, 15, 5.5 ], "texture": "#Iron" },
				"east": { "uv": [ 11, 0, 15, 5 ], "texture": "#Iron" }
			}
		},
		{
			"__comment": "Box5",
			"from": [ 6, 10, 7 ],
			"to": [ 7, 16, 9 ],
			"faces": {
				"down": { "uv": [ 5, 7, 6, 9 ], "texture": "#Iron" },
				"up": { "uv": [ 15, 4, 16, 6 ], "texture": "#Iron", "cullface": "up" },
				"west": { "uv": [ 11, 0, 13.5, 5 ], "texture": "#Iron" },
				"east": { "uv": [ 9, 0, 13, 5 ], "texture": "#Iron" }
			}
		},
		{
			"__comment": "Box8",
			"from": [ 0, 10, 0.5 ],
			"to": [ 6, 11, 15 ],
			"faces": {
				"down": { "uv": [ 0, 1, 6, 16 ], "texture": "#Iron" },
				"up": { "uv": [ 0, 0, 6, 15 ], "texture": "#Iron" },
				"north": { "uv": [ 10, 15, 16, 16 ], "texture": "#Iron" },
				"west": { "uv": [ 0, 15, 15, 16 ], "texture": "#Iron", "cullface": "west" },
				"east": { "uv": [ 1, 15, 16, 16 ], "texture": "#Iron" }
			}
		},
		{
			"__comment": "Box8",
			"from": [ 10, 10, 0.5 ],
			"to": [ 16, 11, 15 ],
			"faces": {
				"down": { "uv": [ 6, 1, 0, 16 ], "texture": "#Iron" },
				"up": { "uv": [ 6, 0, 0, 15 ], "texture": "#Iron" },
				"north": { "uv": [ 10, 15, 16, 16 ], "texture": "#Iron" },
				"west": { "uv": [ 0, 15, 15, 16 ], "texture": "#Iron" },
				"east": { "uv": [ 16, 15, 1, 16 ], "texture": "#Iron", "cullface": "east" }
			}
		},
		{
			"__comment": "Box10",
			"from": [ 6, 10, 10 ],
			"to": [ 10, 11, 15 ],
			"faces": {
				"down": { "uv": [ 6.5, 7, 10.5, 12 ], "texture": "#Iron" },
				"up": { "uv": [ 1, 7, 5, 12 ], "texture": "#Iron" }
			}
		},
		{
			"__comment": "Box10",
			"from": [ 6, 10, 0.5 ],
			"to": [ 10, 11, 6 ],
			"faces": {
				"down": { "uv": [ 3.5, 10, 7.5, 16 ], "texture": "#Iron" },
				"up": { "uv": [ 2.5, 0, 6.5, 6 ], "texture": "#Iron" },
				"north": { "uv": [ 6, 15, 10, 16 ], "texture": "#Iron" }
			}
		},
		{
			"__comment": "Box23",
			"from": [ 0, 10, 0.5 ],
			"to": [ 1, 11, 14.5 ],
			"rotation": { "origin": [ 0, 10, 0.5 ], "axis": "x", "angle": 45 },
			"faces": {
				"down": { "uv": [ 14, 2, 15, 16 ], "texture": "#Iron" },
				"up": { "uv": [ 14, 1, 15, 15 ], "texture": "#Iron" },
				"west": { "uv": [ 0, 7.5, 14, 8.5 ], "texture": "#Iron", "cullface": "west" },
				"east": { "uv": [ 2, 7, 16, 8 ], "texture": "#Iron" }
			}
		},
		{
			"__comment": "Box24",
			"from": [ 0, 9, 2 ],
			"to": [ 1, 10, 15 ],
			"faces": {
				"down": { "uv": [ 0, 1, 1, 14 ], "texture": "#Iron" },
				"north": { "uv": [ 15, 6, 16, 7 ], "texture": "#Iron" },
				"west": { "uv": [ 2, 6, 15, 7 ], "texture": "#Iron", "cullface": "west" },
				"east": { "uv": [ 1, 6, 14, 7 ], "texture": "#Iron" }
			}
		},
		{
			"__comment": "Box24",
			"from": [ 0, 8, 3 ],
			"to": [ 1, 9, 15 ],
			"faces": {
				"down": { "uv": [ 0, 1, 1, 12.5 ], "texture": "#Iron" },
				"north": { "uv": [ 15, 7, 16, 8 ], "texture": "#Iron" },
				"west": { "uv": [ 3.5, 7, 15, 8 ], "texture": "#Iron", "cullface": "west" },
				"east": { "uv": [ 1, 7, 12.5, 8 ], "texture": "#Iron" }
			}
		},
		{
			"__comment": "Box24",
			"from": [ 0, 7, 4 ],
			"to": [ 1, 8, 15 ],
			"faces": {
				"down": { "uv": [ 0, 1, 1, 11.5 ], "texture": "#Iron" },
				"north": { "uv": [ 15, 8, 16, 9 ], "texture": "#Iron" },
				"west": { "uv": [ 4.5, 8, 15, 9 ], "texture": "#Iron", "cullface": "west" },
				"east": { "uv": [ 1, 8, 11.5, 9 ], "texture": "#Iron" }
			}
		},
		{
			"__comment": "Box24",
			"from": [ 0, 6, 5 ],
			"to": [ 1, 7, 15 ],
			"faces": {
				"down": { "uv": [ 0, 1, 1, 10 ], "texture": "#Iron" },
				"north": { "uv": [ 15, 9, 16, 10 ], "texture": "#Iron" },
				"west": { "uv": [ 6, 9, 15, 10 ], "texture": "#Iron", "cullface": "west" },
				"east": { "uv": [ 1, 9, 10, 10 ], "texture": "#Iron" }
			}
		},
		{
			"__comment": "Box24",
			"from": [ 0, 5, 6 ],
			"to": [ 1, 6, 15 ],
			"faces": {
				"down": { "uv": [ 0, 1, 1, 8 ], "texture": "#Iron" },
				"north": { "uv": [ 15, 10, 16, 11 ], "texture": "#Iron" },
				"west": { "uv": [ 8, 10, 15, 11 ], "texture": "#Iron", "cullface": "west" },
				"east": { "uv": [ 1, 10, 8, 11 ], "texture": "#Iron" }
			}
		},
		{
			"__comment": "Box24",
			"from": [ 0, 4, 7 ],
			"to": [ 1, 5, 15 ],
			"faces": {
				"down": { "uv": [ 0, 1, 1, 6.5 ], "texture": "#Iron" },
				"north": { "uv": [ 15, 11, 16, 12 ], "texture": "#Iron" },
				"west": { "uv": [ 9.5, 11, 15, 12 ], "texture": "#Iron", "cullface": "west" },
				"east": { "uv": [ 1, 11, 6.5, 12 ], "texture": "#Iron" }
			}
		},
		{
			"__comment": "Box24",
			"from": [ 0, 3, 8 ],
			"to": [ 1, 4, 15 ],
			"faces": {
				"down": { "uv": [ 0, 1, 1, 5 ], "texture": "#Iron" },
				"north": { "uv": [ 15, 12, 16, 13 ], "texture": "#Iron" },
				"west": { "uv": [ 11, 12, 15, 13 ], "texture": "#Iron", "cullface": "west" },
				"east": { "uv": [ 1, 12, 5, 13 ], "texture": "#Iron" }
			}
		},
		{
			"__comment": "Box24",
			"from": [ 0, 2, 9 ],
			"to": [ 1, 3, 15 ],
			"faces": {
				"down": { "uv": [ 0, 1, 1, 4 ], "texture": "#Iron" },
				"north": { "uv": [ 15, 13, 16, 14 ], "texture": "#Iron" },
				"west": { "uv": [ 12, 13, 15, 14 ], "texture": "#Iron", "cullface": "west" },
				"east": { "uv": [ 1, 13, 4, 14 ], "texture": "#Iron" }
			}
		},
		{
			"__comment": "Box24",
			"from": [ 0, 1, 10 ],
			"to": [ 1, 2, 15 ],
			"faces": {
				"north": { "uv": [ 15, 14, 16, 15 ], "texture": "#Iron" },
				"west": { "uv": [ 13.5, 14, 15, 15 ], "texture": "#Iron", "cullface": "west" },
				"east": { "uv": [ 1, 14, 2.5, 15 ], "texture": "#Iron" }
			}
		},
		{
			"__comment": "Box24",
			"from": [ 0, 0, 10 ],
			"to": [ 1, 1, 15 ],
			"faces": {
				"down": { "uv": [ 0, 1, 1, 2.5 ], "texture": "#Iron", "cullface": "down" },
				"north": { "uv": [ 15, 14, 16, 15 ], "texture": "#Iron" },
				"west": { "uv": [ 13.5, 14, 15, 15 ], "texture": "#Iron", "cullface": "west" },
				"east": { "uv": [ 1.5, 14, 3, 15 ], "texture": "#Iron" }
			}
		},
		{
			"__comment": "Box23",
			"from": [ 15, 10, 0.5 ],
			"to": [ 16, 11, 14.5 ],
			"rotation": { "origin": [ 15, 10, 0.5 ], "axis": "x", "angle": 45 },
			"faces": {
				"down": { "uv": [ 14, 2, 15, 16 ], "texture": "#Iron" },
				"up": { "uv": [ 14, 1, 15, 15 ], "texture": "#Iron" },
				"west": { "uv": [ 0, 7, 14, 8 ], "texture": "#Iron" },
				"east": { "uv": [ 0, 1, 14, 2 ], "texture": "#Iron", "cullface": "east", "rotation": 180 }
			}
		},
		{
			"__comment": "Box24",
			"from": [ 15, 9, 2 ],
			"to": [ 16, 10, 15 ],
			"faces": {
				"down": { "uv": [ 0, 1, 1, 14 ], "texture": "#Iron" },
				"north": { "uv": [ 15, 6, 16, 7 ], "texture": "#Iron" },
				"west": { "uv": [ 2, 6, 15, 7 ], "texture": "#Iron" },
				"east": { "uv": [ 1, 6, 14, 7 ], "texture": "#Iron", "cullface": "east" }
			}
		},
		{
			"__comment": "Box24",
			"from": [ 15, 8, 3 ],
			"to": [ 16, 9, 15 ],
			"faces": {
				"down": { "uv": [ 0, 1, 1, 12.5 ], "texture": "#Iron" },
				"north": { "uv": [ 15, 7, 16, 8 ], "texture": "#Iron" },
				"west": { "uv": [ 3.5, 7, 15, 8 ], "texture": "#Iron" },
				"east": { "uv": [ 1, 7, 12.5, 8 ], "texture": "#Iron", "cullface": "east" }
			}
		},
		{
			"__comment": "Box24",
			"from": [ 15, 7, 4 ],
			"to": [ 16, 8, 15 ],
			"faces": {
				"down": { "uv": [ 0, 1, 1, 11.5 ], "texture": "#Iron" },
				"north": { "uv": [ 15, 8, 16, 9 ], "texture": "#Iron" },
				"west": { "uv": [ 4.5, 8, 15, 9 ], "texture": "#Iron" },
				"east": { "uv": [ 1, 8, 11.5, 9 ], "texture": "#Iron", "cullface": "east" }
			}
		},
		{
			"__comment": "Box24",
			"from": [ 15, 6, 5 ],
			"to": [ 16, 7, 15 ],
			"faces": {
				"down": { "uv": [ 0, 1, 1, 10 ], "texture": "#Iron" },
				"north": { "uv": [ 15, 9, 16, 10 ], "texture": "#Iron" },
				"west": { "uv": [ 6, 9, 15, 10 ], "texture": "#Iron" },
				"east": { "uv": [ 1, 9, 10, 10 ], "texture": "#Iron", "cullface": "east" }
			}
		},
		{
			"__comment": "Box24",
			"from": [ 15, 5, 6 ],
			"to": [ 16, 6, 15 ],
			"faces": {
				"down": { "uv": [ 0, 1, 1, 8 ], "texture": "#Iron" },
				"north": { "uv": [ 15, 10, 16, 11 ], "texture": "#Iron" },
				"west": { "uv": [ 8, 10, 15, 11 ], "texture": "#Iron" },
				"east": { "uv": [ 1, 10, 8, 11 ], "texture": "#Iron", "cullface": "east" }
			}
		},
		{
			"__comment": "Box24",
			"from": [ 15, 4, 7 ],
			"to": [ 16, 5, 15 ],
			"faces": {
				"down": { "uv": [ 0, 1, 1, 6.5 ], "texture": "#Iron" },
				"north": { "uv": [ 15, 11, 16, 12 ], "texture": "#Iron" },
				"west": { "uv": [ 9.5, 11, 15, 12 ], "texture": "#Iron" },
				"east": { "uv": [ 1, 11, 6.5, 12 ], "texture": "#Iron", "cullface": "east" }
			}
		},
		{
			"__comment": "Box24",
			"from": [ 15, 3, 8 ],
			"to": [ 16, 4, 15 ],
			"faces": {
				"down": { "uv": [ 0, 1, 1, 5 ], "texture": "#Iron" },
				"north": { "uv": [ 15, 12, 16, 13 ], "texture": "#Iron" },
				"west": { "uv": [ 11, 12, 15, 13 ], "texture": "#Iron" },
				"east": { "uv": [ 1, 12, 5, 13 ], "texture": "#Iron", "cullface": "east" }
			}
		},
		{
			"__comment": "Box24",
			"from": [ 15, 2, 9 ],
			"to": [ 16, 3, 15 ],
			"faces": {
				"down": { "uv": [ 0, 1, 1, 4 ], "texture": "#Iron" },
				"north": { "uv": [ 15, 13, 16, 14 ], "texture": "#Iron" },
				"west": { "uv": [ 12, 13, 15, 14 ], "texture": "#Iron" },
				"east": { "uv": [ 1, 13, 4, 14 ], "texture": "#Iron", "cullface": "east" }
			}
		},
		{
			"__comment": "Box24",
			"from": [ 15, 1, 10 ],
			"to": [ 16, 2, 15 ],
			"faces": {
				"north": { "uv": [ 15, 14, 16, 15 ], "texture": "#Iron" },
				"west": { "uv": [ 13.5, 14, 15, 15 ], "texture": "#Iron" },
				"east": { "uv": [ 1, 14, 2.5, 15 ], "texture": "#Iron", "cullface": "east" }
			}
		},
		{
			"__comment": "Box24",
			"from": [ 15, 0, 10 ],
			"to": [ 16, 1, 15 ],
			"faces": {
				"down": { "uv": [ 0, 1, 1, 2.5 ], "texture": "#Iron", "cullface": "down" },
				"north": { "uv": [ 15, 14, 16, 15 ], "texture": "#Iron" },
				"west": { "uv": [ 13.5, 14, 15, 15 ], "texture": "#Iron" },
				"east": { "uv": [ 1, 14, 2.5, 15 ], "texture": "#Iron", "cullface": "east" }
			}
		}
	]
}