{
	"__comment": "Model generated using MrCrayfish's Model Creator (http://mrcrayfish.com/modelcreator/)",
	"textures": {
		"particle": "blocks/quartz_block_bottom",
		"0": "blocks/quartz_block_bottom",
		"1": "blocks/gold_block",
		"2": "blocks/coal_block",
		"-1": "blocks/-1"
	},
	"elements": [ 	 
		{
			"from": [ 7, 1, 7 ],
			"to": [ 9, 8, 9 ],
			"faces": {
				"up": { "uv": [ 0, 0, 2, 2 ], "texture": "#0" },
				"north": { "uv": [ 0, 0, 2, 7 ], "texture": "#0" },
				"south": { "uv": [ 0, 0, 2, 7 ], "texture": "#0" },
				"west": { "uv": [ 0, 0, 2, 7 ], "texture": "#0" },
				"east": { "uv": [ 0, 0, 2, 7 ], "texture": "#0" }
			}
		},
		{
			"from": [ 5.5, 0, 5.5 ],
			"to": [ 10.5, 1, 10.5 ],
			"faces": {
				"down": { "uv": [ 0, 0, 5, 5 ], "texture": "#1", "cullface": "down" },
				"up": { "uv": [ 0, 0, 5, 5 ], "texture": "#1" },
				"north": { "uv": [ 0, 0, 5, 1 ], "texture": "#1" },
				"south": { "uv": [ 0, 0, 5, 1 ], "texture": "#1" },
				"west": { "uv": [ 0, 0, 5, 1 ], "texture": "#1" },
				"east": { "uv": [ 0, 0, 5, 1 ], "texture": "#1" }
			}
		},
		{
			"from": [ 7, 0.5, 5 ],
			"to": [ 9, 1.5, 6 ],
			"faces": {
				"down": { "uv": [ 0, 0, 2, 1 ], "texture": "#1" },
				"up": { "uv": [ 0, 0, 2, 1 ], "texture": "#1" },
				"north": { "uv": [ 0, 0, 2, 1 ], "texture": "#1" },
				"south": { "uv": [ 0, 0, 2, 1 ], "texture": "#1" },
				"west": { "uv": [ 0, 0, 1, 1 ], "texture": "#1" },
				"east": { "uv": [ 0, 0, 1, 1 ], "texture": "#1" }
			}
		},
		{
			"from": [ 7, 0.5, 10 ],
			"to": [ 9, 1.5, 11 ],
			"faces": {
				"down": { "uv": [ 0, 6, 2, 7 ], "texture": "#1" },
				"up": { "uv": [ 0, 8, 2, 9 ], "texture": "#1" },
				"north": { "uv": [ 0, 6, 2, 7 ], "texture": "#1" },
				"south": { "uv": [ 0, 5, 1, 5 ], "texture": "#1" },
				"west": { "uv": [ 0, 8, 1, 9 ], "texture": "#1" },
				"east": { "uv": [ 0, 6, 14, 4 ], "texture": "#1" }
			}
		},
		{
			"from": [ 5, 0.5, 7 ],
			"to": [ 6, 1.5, 9 ],
			"faces": {
				"down": { "uv": [ 0, 0, 1, 2 ], "texture": "#1" },
				"up": { "uv": [ 0, 0, 1, 2 ], "texture": "#1" },
				"north": { "uv": [ 0, 0, 1, 1 ], "texture": "#1" },
				"south": { "uv": [ 0, 0, 1, 1 ], "texture": "#1" },
				"west": { "uv": [ 0, 0, 2, 1 ], "texture": "#1" },
				"east": { "uv": [ 0, 0, 2, 1 ], "texture": "#1" }
			}
		},
		{
			"from": [ 10, 0.5, 7 ],
			"to": [ 11, 1.5, 9 ],
			"faces": {
				"down": { "uv": [ 8, 0, 9, 2 ], "texture": "#1" },
				"up": { "uv": [ 10, 0, 11, 2 ], "texture": "#1" },
				"north": { "uv": [ 9, 0, 10, 1 ], "texture": "#1" },
				"south": { "uv": [ 9, 0, 10, 1 ], "texture": "#1" },
				"west": { "uv": [ 8, 0, 10, 1 ], "texture": "#1" },
				"east": { "uv": [ 8, 0, 10, 1 ], "texture": "#1" }
			}
		},
		{
			"from": [ 4.5, 1, 6 ],
			"to": [ 5.5, 2, 10 ],
			"faces": {
				"down": { "uv": [ 0, 0, 1, 4 ], "texture": "#1" },
				"up": { "uv": [ 0, 0, 1, 4 ], "texture": "#1" },
				"north": { "uv": [ 0, 0, 1, 1 ], "texture": "#1" },
				"south": { "uv": [ 0, 0, 1, 1 ], "texture": "#1" },
				"west": { "uv": [ 0, 0, 4, 1 ], "texture": "#1" },
				"east": { "uv": [ 0, 0, 4, 1 ], "texture": "#1" }
			}
		},
		{
			"from": [ 10.5, 1, 6 ],
			"to": [ 11.5, 2, 10 ],
			"faces": {
				"down": { "uv": [ 11, 0, 12, 4 ], "texture": "#1" },
				"up": { "uv": [ 11, 0, 12, 4 ], "texture": "#1" },
				"north": { "uv": [ 11, 0, 12, 1 ], "texture": "#1" },
				"south": { "uv": [ 10, 0, 11, 1 ], "texture": "#1" },
				"west": { "uv": [ 10, 0, 14, 1 ], "texture": "#1" },
				"east": { "uv": [ 8, 0, 12, 1 ], "texture": "#1" }
			}
		},
		{
			"from": [ 6, 1, 10.5 ],
			"to": [ 10, 2, 11.5 ],
			"faces": {
				"down": { "uv": [ 11, 0, 15, 1 ], "texture": "#1" },
				"up": { "uv": [ 11, 0, 15, 1 ], "texture": "#1" },
				"north": { "uv": [ 11, 0, 15, 1 ], "texture": "#1" },
				"south": { "uv": [ 10, 0, 14, 1 ], "texture": "#1" },
				"west": { "uv": [ 10, 0, 11, 1 ], "texture": "#1" },
				"east": { "uv": [ 8, 0, 9, 1 ], "texture": "#1" }
			}
		},
		{
			"from": [ 6, 1, 4.5 ],
			"to": [ 10, 2, 5.5 ],
			"faces": {
				"down": { "uv": [ 0, 0, 4, 1 ], "texture": "#1" },
				"up": { "uv": [ 0, 0, 4, 1 ], "texture": "#1" },
				"north": { "uv": [ 0, 0, 4, 1 ], "texture": "#1" },
				"south": { "uv": [ 0, 0, 4, 1 ], "texture": "#1" },
				"west": { "uv": [ 0, 0, 1, 1 ], "texture": "#1" },
				"east": { "uv": [ 0, 0, 1, 1 ], "texture": "#1" }
			}
		},
		{
			"from": [ 5, 1, 5 ],
			"to": [ 6, 2, 6 ],
			"faces": {
				"down": { "uv": [ 0, 0, 1, 1 ], "texture": "#1" },
				"up": { "uv": [ 0, 0, 1, 1 ], "texture": "#1" },
				"north": { "uv": [ 0, 0, 1, 1 ], "texture": "#1" },
				"south": { "uv": [ 0, 0, 1, 1 ], "texture": "#1" },
				"west": { "uv": [ 0, 0, 1, 1 ], "texture": "#1" },
				"east": { "uv": [ 0, 0, 1, 1 ], "texture": "#1" }
			}
		},
		{
			"from": [ 10, 1, 5 ],
			"to": [ 11, 2, 6 ],
			"faces": {
				"down": { "uv": [ 8, 1, 9, 2 ], "texture": "#1" },
				"up": { "uv": [ 9, 0, 10, 1 ], "texture": "#1" },
				"north": { "uv": [ 7, 0, 8, 1 ], "texture": "#1" },
				"south": { "uv": [ 7, 0, 8, 1 ], "texture": "#1" },
				"west": { "uv": [ 9, 0, 10, 1 ], "texture": "#1" },
				"east": { "uv": [ 8, 0, 9, 1 ], "texture": "#1" }
			}
		},
		{
			"from": [ 10, 1, 10 ],
			"to": [ 11, 2, 11 ],
			"faces": {
				"down": { "uv": [ 13, 11, 14, 12 ], "texture": "#1" },
				"up": { "uv": [ 13, 11, 14, 12 ], "texture": "#1" },
				"north": { "uv": [ 12, 13, 13, 14 ], "texture": "#1" },
				"south": { "uv": [ 13, 12, 14, 13 ], "texture": "#1" },
				"west": { "uv": [ 13, 12, 14, 13 ], "texture": "#1" },
				"east": { "uv": [ 13, 12, 14, 13 ], "texture": "#1" }
			}
		},
		{
			"from": [ 5, 1, 10 ],
			"to": [ 6, 2, 11 ],
			"faces": {
				"down": { "uv": [ 13, 13, 14, 14 ], "texture": "#1" },
				"up": { "uv": [ 14, 13, 15, 14 ], "texture": "#1" },
				"north": { "uv": [ 13, 13, 14, 14 ], "texture": "#1" },
				"south": { "uv": [ 14, 14, 15, 15 ], "texture": "#1" },
				"west": { "uv": [ 13, 14, 14, 15 ], "texture": "#1" },
				"east": { "uv": [ 13, 15, 14, 16 ], "texture": "#1" }
			}
		},
		{
			"from": [ 7, 1, 6.5 ],
			"to": [ 8, 9, 7.5 ],
			"faces": {
				"up": { "uv": [ 0, 0, 1, 1 ], "texture": "#0" },
				"north": { "uv": [ 0, 0, 1, 8 ], "texture": "#0" },
				"south": { "uv": [ 0, 0, 1, 8 ], "texture": "#0" },
				"west": { "uv": [ 0, 0, 1, 8 ], "texture": "#0" },
				"east": { "uv": [ 0, 0, 1, 8 ], "texture": "#0" }
			}
		},
		{
			"from": [ 8, 1, 6.5 ],
			"to": [ 9, 8.5, 7.5 ],
			"faces": {
				"up": { "uv": [ 0, 0, 1, 1 ], "texture": "#0" },
				"north": { "uv": [ 0, 0, 1, 7.5 ], "texture": "#0" },
				"south": { "uv": [ 0, 0, 1, 7.5 ], "texture": "#0" },
				"east": { "uv": [ 0, 0, 1, 7.5 ], "texture": "#0" }
			}
		},
		{
			"from": [ 8.5, 1, 7 ],
			"to": [ 9.5, 8.5, 8 ],
			"faces": {
				"up": { "uv": [ 0, 0, 1, 1 ], "texture": "#0" },
				"north": { "uv": [ 0, 0, 1, 7.5 ], "texture": "#0" },
				"west": { "uv": [ 0, 0, 1, 7.5 ], "texture": "#0" },
				"east": { "uv": [ 0, 0, 1, 7.5 ], "texture": "#0" }
			}
		},
		{
			"from": [ 8.5, 1, 8 ],
			"to": [ 9.5, 9, 9 ],
			"faces": {
				"up": { "uv": [ 0, 0, 1, 1 ], "texture": "#0" },
				"north": { "uv": [ 0, 0, 1, 8 ], "texture": "#0" },
				"south": { "uv": [ 0, 0, 1, 8 ], "texture": "#0" },
				"west": { "uv": [ 0, 0, 1, 8 ], "texture": "#0" },
				"east": { "uv": [ 0, 0, 1, 8 ], "texture": "#0" }
			}
		},
		{
			"from": [ 8, 1, 8.5 ],
			"to": [ 9, 9, 9.5 ],
			"faces": {
				"up": { "uv": [ 0, 0, 1, 1 ], "texture": "#0" },
				"north": { "uv": [ 0, 0, 1, 8 ], "texture": "#0" },
				"south": { "uv": [ 0, 0, 1, 8 ], "texture": "#0" },
				"west": { "uv": [ 0, 0, 1, 8 ], "texture": "#0" },
				"east": { "uv": [ 0, 0, 1, 8 ], "texture": "#0" }
			}
		},
		{
			"from": [ 7, 1, 8.5 ],
			"to": [ 8, 8.5, 9.5 ],
			"faces": {
				"up": { "uv": [ 0, 0, 1, 1 ], "texture": "#0" },
				"north": { "uv": [ 0, 0, 1, 7.5 ], "texture": "#0" },
				"south": { "uv": [ 0, 0, 1, 7.5 ], "texture": "#0" },
				"west": { "uv": [ 0, 0, 1, 7.5 ], "texture": "#0" }
			}
		},
		{
			"from": [ 6.5, 1, 8 ],
			"to": [ 7.5, 9, 9 ],
			"faces": {
				"up": { "uv": [ 0, 0, 1, 1 ], "texture": "#0" },
				"north": { "uv": [ 0, 0, 1, 8 ], "texture": "#0" },
				"south": { "uv": [ 0, 0, 1, 8 ], "texture": "#0" },
				"west": { "uv": [ 0, 0, 1, 8 ], "texture": "#0" },
				"east": { "uv": [ 0, 0, 1, 8 ], "texture": "#0" }
			}
		},
		{
			"from": [ 6.5, 1, 7 ],
			"to": [ 7.5, 8.5, 8 ],
			"faces": {
				"up": { "uv": [ 0, 0, 1, 1 ], "texture": "#0" },
				"north": { "uv": [ 0, 0, 1, 7.5 ], "texture": "#0" },
				"west": { "uv": [ 0, 0, 1, 7.5 ], "texture": "#0" },
				"east": { "uv": [ 0, 0, 1, 7.5 ], "texture": "#0" }
			}
		},
		{
			"from": [ 7.7, 8, 7.7 ],
			"to": [ 8.2, 9, 8.2 ],
			"faces": {
				"up": { "uv": [ 0, 0, 0.5, 0.5 ], "texture": "#2" },
				"north": { "uv": [ 0, 0, 0.5, 0.5 ], "texture": "#2" },
				"south": { "uv": [ 0, 0, 0.5, 0.5 ], "texture": "#2" },
				"west": { "uv": [ 0, 0, 0.5, 0.5 ], "texture": "#2" },
				"east": { "uv": [ 0, 0, 0.5, 0.5 ], "texture": "#2" }
			}
		},
		{
			"from": [ 7.5, 1, 6 ],
			"to": [ 8.5, 2, 7 ],
			"faces": {
				"up": { "uv": [ 0, 0, 1, 1 ], "texture": "#0" },
				"north": { "uv": [ 0, 0, 1, 1 ], "texture": "#0" },
				"west": { "uv": [ 0, 0, 1, 1 ], "texture": "#0" },
				"east": { "uv": [ 0, 0, 1, 1 ], "texture": "#0" }
			}
		},
		{
			"from": [ 6.3, 1, 8.5 ],
			"to": [ 7.3, 2, 9.2 ],
			"faces": {
				"up": { "uv": [ 0, 0, 1, 0.6999998 ], "texture": "#0" },
				"north": { "uv": [ 0, 0, 1, 1 ], "texture": "#0" },
				"south": { "uv": [ 0, 0, 1, 1 ], "texture": "#0" },
				"west": { "uv": [ 0, 0, 0.7, 1 ], "texture": "#0" }
			}
		},
		{
			"from": [ 9, 1, 7.75 ],
			"to": [ 10, 2, 8.25 ],
			"faces": {
				"up": { "uv": [ 0, 0, 1, 0.5 ], "texture": "#0" },
				"north": { "uv": [ 0, 0, 1, 1 ], "texture": "#0" },
				"south": { "uv": [ 0, 0, 1, 1 ], "texture": "#0" },
				"east": { "uv": [ 0, 0, 0.5, 1 ], "texture": "#0" }
			}
		}
	]
}