{
	"__comment": "Model generated using MrCrayfish's Model Creator (http://mrcrayfish.com/modelcreator/)",
	"textures": {
		"particle": "blocks/torch_on",
		"0": "blocks/torch_on",
		"1": "blocks/cauldron_side",
		"2": "blocks/iron_block"
	},
	"elements": [ 	 
		{
			"from": [ 7, 3, 0 ],
			"to": [ 9, 13, 2 ],
			"rotation": { "origin": [ 8, 3, 1 ], "axis": "x", "angle": 22.5 },
			"faces": {
				"down": { "uv": [ 7, 14, 9, 16 ], "texture": "#0" },
				"up": { "uv": [ 7, 6, 9, 8 ], "texture": "#0" },
				"north": { "uv": [ 7, 6, 9, 16 ], "texture": "#0" },
				"south": { "uv": [ 7, 6, 9, 16 ], "texture": "#0" },
				"west": { "uv": [ 7, 6, 9, 16 ], "texture": "#0" },
				"east": { "uv": [ 7, 6, 9, 16 ], "texture": "#0" }
			}
		},
		{
			"from": [ 6, 1, 0 ],
			"to": [ 10, 11, 1 ],
			"faces": {
				"down": { "uv": [ 0, 0, 4, 1 ], "texture": "#1" },
				"up": { "uv": [ 0, 0, 4, 1 ], "texture": "#1" },
				"north": { "uv": [ 0, 0, 4, 11 ], "texture": "#1", "cullface": "north" },
				"south": { "uv": [ 0, 0, 4, 11 ], "texture": "#1" },
				"west": { "uv": [ 0, 0, 1, 11 ], "texture": "#1" },
				"east": { "uv": [ 0, 0, 1, 11 ], "texture": "#1" }
			}
		},
		{
			"from": [ 6.3, 0.5, 2 ],
			"to": [ 6.8, 7.5, 3 ],
			"rotation": { "origin": [ 6, 4, 4 ], "axis": "x", "angle": 45 },
			"faces": {
				"up": { "uv": [ 0, 0, 0.5, 1 ], "texture": "#1" },
				"north": { "uv": [ 0, 0, 0.5, 7 ], "texture": "#1" },
				"south": { "uv": [ 0, 0, 0.5, 7 ], "texture": "#1" },
				"west": { "uv": [ 0, 0, 1, 7 ], "texture": "#1" },
				"east": { "uv": [ 0, 0, 1, 7 ], "texture": "#1" }
			}
		},
		{
			"from": [ 9.2, 0.5, 2 ],
			"to": [ 9.7, 7.5, 3 ],
			"rotation": { "origin": [ 6, 4, 4 ], "axis": "x", "angle": 45 },
			"faces": {
				"up": { "uv": [ 0, 0, 0.5, 1 ], "texture": "#1" },
				"north": { "uv": [ 0, 0, 0.5, 7 ], "texture": "#1" },
				"south": { "uv": [ 0, 0, 0.5, 7 ], "texture": "#1" },
				"west": { "uv": [ 0, 0, 1, 7 ], "texture": "#1" },
				"east": { "uv": [ 0, 0, 1, 7 ], "texture": "#1" }
			}
		},
		{
			"from": [ 5.5, 7, 3.7 ],
			"to": [ 10.5, 8, 4.7 ],
			"rotation": { "origin": [ 8, 8, 4 ], "axis": "x", "angle": -45 },
			"faces": {
				"down": { "uv": [ 0, 0, 5, 1 ], "texture": "#1" },
				"up": { "uv": [ 0, 0, 5, 1 ], "texture": "#1" },
				"north": { "uv": [ 0, 0, 5, 1 ], "texture": "#1" },
				"south": { "uv": [ 0, 0, 5, 1 ], "texture": "#1" },
				"west": { "uv": [ 0, 0, 1, 1 ], "texture": "#1" },
				"east": { "uv": [ 0, 0, 1, 1 ], "texture": "#1" }
			}
		},
		{
			"from": [ 6.5, 8, 0 ],
			"to": [ 7, 9, 5 ],
			"rotation": { "origin": [ 8, 8, 1 ], "axis": "x", "angle": 22.5 },
			"faces": {
				"down": { "uv": [ 0, 0, 0.5, 5 ], "texture": "#1" },
				"up": { "uv": [ 0, 0, 0.5, 5 ], "texture": "#1" },
				"south": { "uv": [ 0, 0, 0.5, 1 ], "texture": "#1" },
				"west": { "uv": [ 0, 0, 5, 1 ], "texture": "#1" },
				"east": { "uv": [ 0, 0, 5, 1 ], "texture": "#1" }
			}
		},
		{
			"from": [ 9, 8, 0 ],
			"to": [ 9.5, 9, 5 ],
			"rotation": { "origin": [ 8, 8, 1 ], "axis": "x", "angle": 22.5 },
			"faces": {
				"down": { "uv": [ 0, 0, 0.5, 5 ], "texture": "#1" },
				"up": { "uv": [ 0, 0, 0.5, 5 ], "texture": "#1" },
				"south": { "uv": [ 0, 0, 0.5, 1 ], "texture": "#1" },
				"west": { "uv": [ 0, 0, 5, 1 ], "texture": "#1" },
				"east": { "uv": [ 0, 0, 5, 1 ], "texture": "#1" }
			}
		},
		{
			"from": [ 6.5, 1.5, 0.7 ],
			"to": [ 7, 2, 1.2 ],
			"faces": {
				"down": { "uv": [ 0, 0, 0.5, 0.5 ], "texture": "#2" },
				"up": { "uv": [ 0, 0, 0.5, 0.5 ], "texture": "#2" },
				"south": { "uv": [ 0, 0, 0.5, 0.5 ], "texture": "#2" },
				"west": { "uv": [ 0, 0, 0.5, 0.5 ], "texture": "#2" },
				"east": { "uv": [ 0, 0, 0.5, 0.5 ], "texture": "#2" }
			}
		},
		{
			"from": [ 9, 1.5, 0.7 ],
			"to": [ 9.5, 2, 1.2 ],
			"faces": {
				"down": { "uv": [ 0, 0, 0.5, 0.5 ], "texture": "#2" },
				"up": { "uv": [ 0, 0, 0.5, 0.5 ], "texture": "#2" },
				"south": { "uv": [ 0, 0, 0.5, 0.5 ], "texture": "#2" },
				"west": { "uv": [ 0, 0, 0.5, 0.5 ], "texture": "#2" },
				"east": { "uv": [ 0, 0, 0.5, 0.5 ], "texture": "#2" }
			}
		},
		{
			"from": [ 6.5, 10, 0.7 ],
			"to": [ 7, 10.5, 1.2 ],
			"faces": {
				"down": { "uv": [ 0, 0, 0.5, 0.5 ], "texture": "#2" },
				"up": { "uv": [ 0, 0, 0.5, 0.5 ], "texture": "#2" },
				"south": { "uv": [ 0, 0, 0.5, 0.5 ], "texture": "#2" },
				"west": { "uv": [ 0, 0, 0.5, 0.5 ], "texture": "#2" },
				"east": { "uv": [ 0, 0, 0.5, 0.5 ], "texture": "#2" }
			}
		},
		{
			"from": [ 9, 10, 0.7 ],
			"to": [ 9.5, 10.5, 1.2 ],
			"faces": {
				"down": { "uv": [ 0, 0, 0.5, 0.5 ], "texture": "#2" },
				"up": { "uv": [ 0, 0, 0.5, 0.5 ], "texture": "#2" },
				"south": { "uv": [ 0, 0, 0.5, 0.5 ], "texture": "#2" },
				"west": { "uv": [ 0, 0, 0.5, 0.5 ], "texture": "#2" },
				"east": { "uv": [ 0, 0, 0.5, 0.5 ], "texture": "#2" }
			}
		}
	]
}