{
	"__comment": "Designed by MinerYT with Cubik Studio - https://cubik.studio",
	"textures": {
		"oak_log_top": "block/oak_log_top",
		"oak_log": "block/oak_log"
	},
	"elements": [ 	 
		{
			"__comment": "Box1",
			"from": [ 0, -0.9996, -0.5001 ],
			"to": [ 16, 15.0004, 15.4999 ],
			"rotation": { "origin": [ 16, 15, -0.5 ], "axis": "x", "angle": -22.5 },
			"faces": {
				"down": { "uv": [ 0, 0, 16, 16 ], "texture": "#oak_log", "rotation": 90 },
				"up": { "uv": [ 16, 16, 0, 0 ], "texture": "#oak_log", "rotation": 270 },
				"north": { "uv": [ 0, 0, 16, 16 ], "texture": "#oak_log", "rotation": 270 },
				"south": { "uv": [ 0, 0, 16, 16 ], "texture": "#oak_log", "rotation": 90 },
				"west": { "uv": [ 0, 0, 16, 16 ], "texture": "#oak_log", "rotation": 90 },
				"east": { "uv": [ 16, 16, 0, 0 ], "texture": "#oak_log", "rotation": 270 }
			}
		},
		{
			"__comment": "Box1",
			"from": [ 16, -1, -0.5001 ],
			"to": [ 30, 15, 15.4999 ],
			"rotation": { "origin": [ 16, 15, -0.5 ], "axis": "x", "angle": -22.5 },
			"faces": {
				"down": { "uv": [ 0, 2, 16, 16 ], "texture": "#oak_log", "rotation": 90 },
				"up": { "uv": [ 16, 16, 0, 2 ], "texture": "#oak_log", "rotation": 270 },
				"north": { "uv": [ 0, 2, 16, 16 ], "texture": "#oak_log", "rotation": 270 },
				"south": { "uv": [ 0, 2, 16, 16 ], "texture": "#oak_log", "rotation": 90 },
				"west": { "uv": [ 0, 0, 16, 16 ], "texture": "#oak_log", "rotation": 90 },
				"east": { "uv": [ 16, 16, 0, 0 ], "texture": "#oak_log_top", "rotation": 270 }
			}
		},
		{
			"__comment": "Box1",
			"from": [ -14.0002, -0.9993, -0.5001 ],
			"to": [ -0.000199318, 15.0007, 15.4999 ],
			"rotation": { "origin": [ 16, 15, -0.5 ], "axis": "x", "angle": -22.5 },
			"faces": {
				"down": { "uv": [ 0, 0, 16, 14 ], "texture": "#oak_log", "rotation": 90 },
				"up": { "uv": [ 16, 14, 0, 0 ], "texture": "#oak_log", "rotation": 270 },
				"north": { "uv": [ 0, 0, 16, 14 ], "texture": "#oak_log", "rotation": 270 },
				"south": { "uv": [ 0, 0, 16, 14 ], "texture": "#oak_log", "rotation": 90 },
				"west": { "uv": [ 0, 0, 16, 16 ], "texture": "#oak_log_top", "rotation": 90 },
				"east": { "uv": [ 16, 16, 0, 0 ], "texture": "#oak_log", "rotation": 270 }
			}
		}
	],
	"display": {
		"head": {
			"translation":  [ 0, -13, 0 ],
			"scale":  [ 2.4, 2.4, 2.4 ]
		}
	}
}