{
	"__comment": "Designed by MinerYT with Cubik Studio - https://cubik.studio",
	"textures": {
		"oak_log_top": "block/oak_log_top",
		"oak_log": "block/oak_log"
	},
	"elements": [ 	 
		{
			"__comment": "Box1",
			"from": [ 0, -4.4996, -3.5001 ],
			"to": [ 16, 11.5004, 12.4999 ],
			"rotation": { "origin": [ 16, 11.5, -3.5 ], "axis": "x", "angle": -45 },
			"faces": {
				"down": { "uv": [ 0, 0, 16, 16 ], "texture": "#oak_log", "rotation": 90 },
				"up": { "uv": [ 16, 16, 0, 0 ], "texture": "#oak_log", "rotation": 270 },
				"north": { "uv": [ 0, 0, 16, 16 ], "texture": "#oak_log", "rotation": 270 },
				"south": { "uv": [ 0, 0, 16, 16 ], "texture": "#oak_log", "rotation": 90 },
				"west": { "uv": [ 0, 0, 16, 16 ], "texture": "#oak_log", "rotation": 90 },
				"east": { "uv": [ 16, 16, 0, 0 ], "texture": "#oak_log", "rotation": 270 }
			}
		},
		{
			"__comment": "Box1",
			"from": [ 16, -4.5, -3.5001 ],
			"to": [ 30, 11.5, 12.4999 ],
			"rotation": { "origin": [ 16, 11.5, -3.5 ], "axis": "x", "angle": -45 },
			"faces": {
				"down": { "uv": [ 0, 2, 16, 16 ], "texture": "#oak_log", "rotation": 90 },
				"up": { "uv": [ 16, 16, 0, 2 ], "texture": "#oak_log", "rotation": 270 },
				"north": { "uv": [ 0, 2, 16, 16 ], "texture": "#oak_log", "rotation": 270 },
				"south": { "uv": [ 0, 2, 16, 16 ], "texture": "#oak_log", "rotation": 90 },
				"west": { "uv": [ 0, 0, 16, 16 ], "texture": "#oak_log", "rotation": 90 },
				"east": { "uv": [ 16, 16, 0, 0 ], "texture": "#oak_log_top", "rotation": 270 }
			}
		},
		{
			"__comment": "Box1",
			"from": [ -14.0002, -4.4993, -3.5001 ],
			"to": [ -0.000199318, 11.5007, 12.4999 ],
			"rotation": { "origin": [ 16, 11.5, -3.5 ], "axis": "x", "angle": -45 },
			"faces": {
				"down": { "uv": [ 0, 0, 16, 14 ], "texture": "#oak_log", "rotation": 90 },
				"up": { "uv": [ 16, 14, 0, 0 ], "texture": "#oak_log", "rotation": 270 },
				"north": { "uv": [ 0, 0, 16, 14 ], "texture": "#oak_log", "rotation": 270 },
				"south": { "uv": [ 0, 0, 16, 14 ], "texture": "#oak_log", "rotation": 90 },
				"west": { "uv": [ 0, 0, 16, 16 ], "texture": "#oak_log_top", "rotation": 90 },
				"east": { "uv": [ 16, 16, 0, 0 ], "texture": "#oak_log", "rotation": 270 }
			}
		}
	],
	"display": {
		"head": {
			"translation":  [ 0, -13, 0 ],
			"scale":  [ 2.4, 2.4, 2.4 ]
		}
	}
}