{
	"__comment": "Designed by MinerYT with Cubik Studio - https://cubik.studio",
	"textures": {
		"oak_log_top": "block/oak_log_top",
		"oak_log": "block/oak_log"
	},
	"elements": [ 	 
		{
			"__comment": "Box1",
			"from": [ 0, 5.9999, -2.0004 ],
			"to": [ 16, 21.9999, 13.9996 ],
			"rotation": { "origin": [ 16, 6, -2 ], "axis": "x", "angle": 22.5 },
			"faces": {
				"down": { "uv": [ 16, 16, 0, 0 ], "texture": "#oak_log", "rotation": 270 },
				"up": { "uv": [ 0, 0, 16, 16 ], "texture": "#oak_log", "rotation": 90 },
				"north": { "uv": [ 0, 0, 16, 16 ], "texture": "#oak_log", "rotation": 270 },
				"south": { "uv": [ 0, 0, 16, 16 ], "texture": "#oak_log", "rotation": 90 },
				"west": { "uv": [ 0, 0, 16, 16 ], "texture": "#oak_log" },
				"east": { "uv": [ 16, 16, 0, 0 ], "texture": "#oak_log" }
			}
		},
		{
			"__comment": "Box1",
			"from": [ 16, 5.9999, -2.0001 ],
			"to": [ 30, 21.9999, 13.9999 ],
			"rotation": { "origin": [ 16, 6, -2 ], "axis": "x", "angle": 22.5 },
			"faces": {
				"down": { "uv": [ 16, 16, 0, 2 ], "texture": "#oak_log", "rotation": 270 },
				"up": { "uv": [ 0, 2, 16, 16 ], "texture": "#oak_log", "rotation": 90 },
				"north": { "uv": [ 0, 2, 16, 16 ], "texture": "#oak_log", "rotation": 270 },
				"south": { "uv": [ 0, 2, 16, 16 ], "texture": "#oak_log", "rotation": 90 },
				"west": { "uv": [ 0, 0, 16, 16 ], "texture": "#oak_log" },
				"east": { "uv": [ 16, 16, 0, 0 ], "texture": "#oak_log_top" }
			}
		},
		{
			"__comment": "Box1",
			"from": [ -14.0002, 5.9999, -2.0009 ],
			"to": [ -0.000199318, 21.9999, 13.9991 ],
			"rotation": { "origin": [ 16, 6, -2 ], "axis": "x", "angle": 22.5 },
			"faces": {
				"down": { "uv": [ 16, 14, 0, 0 ], "texture": "#oak_log", "rotation": 270 },
				"up": { "uv": [ 0, 0, 16, 14 ], "texture": "#oak_log", "rotation": 90 },
				"north": { "uv": [ 0, 0, 16, 14 ], "texture": "#oak_log", "rotation": 270 },
				"south": { "uv": [ 0, 0, 16, 14 ], "texture": "#oak_log", "rotation": 90 },
				"west": { "uv": [ 0, 0, 16, 16 ], "texture": "#oak_log_top" },
				"east": { "uv": [ 16, 16, 0, 0 ], "texture": "#oak_log" }
			}
		}
	],
	"display": {
		"head": {
			"translation":  [ 0, -13, 0 ],
			"scale":  [ 2.4, 2.4, 2.4 ]
		}
	}
}