{
	"__comment": "Designed by Djae95 with Cubik Studio - https://cubik.studio",
	"textures": {
		"0": "custom/beer2",
		"1": "custom/2",
		"2": "custom/beer1",
		"3": "custom/1",
		"particle": "custom/beer1"
	},
	"elements": [ 	 
		{
			"from": [ 4.4, 0.2, 4.4 ],
			"to": [ 11.6, 0.8, 11.6 ],
			"faces": {
				"down": { "uv": [ 0, 0, 12, 12 ], "texture": "#1" },
				"up": { "uv": [ 0, 0, 12, 12 ], "texture": "#1" },
				"north": { "uv": [ 0, 0, 12, 1 ], "texture": "#0" },
				"south": { "uv": [ 0, 0, 12, 1 ], "texture": "#0" },
				"west": { "uv": [ 0, 0, 12, 1 ], "texture": "#0" },
				"east": { "uv": [ 0, 0, 12, 1 ], "texture": "#0" }
			}
		},
		{
			"from": [ 5, 0.8, 5 ],
			"to": [ 11, 2.6, 11 ],
			"faces": {
				"north": { "uv": [ 0, 2, 10, 5 ], "texture": "#0" },
				"south": { "uv": [ 0, 2, 10, 5 ], "texture": "#0" },
				"west": { "uv": [ 0, 2, 10, 5 ], "texture": "#0" },
				"east": { "uv": [ 0, 2, 10, 5 ], "texture": "#0" }
			}
		},
		{
			"from": [ 4.7, 2.6, 4.7 ],
			"to": [ 11.3, 4.4, 11.3 ],
			"faces": {
				"down": { "uv": [ 0, 0, 12, 12 ], "texture": "#1" },
				"up": { "uv": [ 8, 8, 12, 10 ], "texture": "#2" },
				"north": { "uv": [ 2, 7, 15, 10 ], "texture": "#2" },
				"south": { "uv": [ 0, 0, 12, 3 ], "texture": "#1" },
				"west": { "uv": [ 0, 0, 12, 3 ], "texture": "#1" },
				"east": { "uv": [ 3, 6, 15, 9 ], "texture": "#2" }
			}
		},
		{
			"from": [ 5, 4.4, 5 ],
			"to": [ 11, 5.6, 11 ],
			"faces": {
				"up": { "uv": [ 0, 0, 10, 10 ], "texture": "#0" },
				"north": { "uv": [ 6, 3, 16, 5 ], "texture": "#2" },
				"south": { "uv": [ 5, 4, 15, 6 ], "texture": "#0" },
				"west": { "uv": [ 6, 10, 16, 12 ], "texture": "#0" },
				"east": { "uv": [ 2, 2, 12, 4 ], "texture": "#2" }
			}
		},
		{
			"from": [ 4.4, 6.2, 4.4 ],
			"to": [ 5.6, 6.8, 11.6 ],
			"faces": {
				"down": { "uv": [ 0, 0, 2, 12 ], "texture": "#1" },
				"up": { "uv": [ 10, 0, 12, 12 ], "texture": "#2" },
				"north": { "uv": [ 0, 0, 2, 1 ], "texture": "#1" },
				"south": { "uv": [ 0, 0, 2, 1 ], "texture": "#1" },
				"west": { "uv": [ 4, 7, 16, 8 ], "texture": "#2" },
				"east": { "uv": [ 4, 8, 16, 7 ], "texture": "#2" }
			}
		},
		{
			"from": [ 5, 5.6, 5 ],
			"to": [ 11, 6.2, 5.6 ],
			"faces": {
				"up": { "uv": [ 0, 0, 10, 1 ], "texture": "#0" },
				"north": { "uv": [ 0, 3, 10, 4 ], "texture": "#0" },
				"south": { "uv": [ 0, 0, 10, 1 ], "texture": "#0" },
				"west": { "uv": [ 9, 3, 10, 4 ], "texture": "#0" },
				"east": { "uv": [ 4, 4, 5, 5 ], "texture": "#0" }
			}
		},
		{
			"from": [ 5, 5.6, 10.4 ],
			"to": [ 11, 6.2, 11 ],
			"faces": {
				"up": { "uv": [ 0, 0, 10, 1 ], "texture": "#0" },
				"north": { "uv": [ 0, 0, 10, 1 ], "texture": "#0" },
				"south": { "uv": [ 0, 2, 10, 3 ], "texture": "#0" },
				"west": { "uv": [ 6, 4, 7, 5 ], "texture": "#0" },
				"east": { "uv": [ 0, 4, 1, 5 ], "texture": "#0" }
			}
		},
		{
			"from": [ 10.4, 5.6, 5.6 ],
			"to": [ 11, 6.2, 10.4 ],
			"faces": {
				"east": { "uv": [ 5, 2, 13, 3 ], "texture": "#2" }
			}
		},
		{
			"from": [ 5, 5.6, 5.6 ],
			"to": [ 5.6, 6.2, 10.4 ],
			"faces": {
				"west": { "uv": [ 8, 10, 16, 11 ], "texture": "#0" }
			}
		},
		{
			"from": [ 10.4, 6.2, 4.4 ],
			"to": [ 11.6, 6.8, 11.6 ],
			"faces": {
				"down": { "uv": [ 11, 0, 13, 12 ], "texture": "#2" },
				"up": { "uv": [ 11, 0, 13, 12 ], "texture": "#2" },
				"north": { "uv": [ 0, 0, 2, 1 ], "texture": "#2" },
				"south": { "uv": [ 0, 0, 2, 1 ], "texture": "#2" },
				"west": { "uv": [ 0, 0, 12, 1 ], "texture": "#2" },
				"east": { "uv": [ 0, 0, 12, 1 ], "texture": "#2" }
			}
		},
		{
			"from": [ 5.6, 6.2, 4.4 ],
			"to": [ 10.4, 6.8, 5.6 ],
			"faces": {
				"down": { "uv": [ 8, 7, 16, 9 ], "texture": "#2" },
				"up": { "uv": [ 0, 0, 8, 2 ], "texture": "#2" },
				"north": { "uv": [ 6, 7, 14, 8 ], "texture": "#2" },
				"south": { "uv": [ 0, 1, 8, 2 ], "texture": "#2" }
			}
		},
		{
			"from": [ 5.6, 6.2, 10.4 ],
			"to": [ 10.4, 6.8, 11.6 ],
			"faces": {
				"down": { "uv": [ 0, 0, 8, 2 ], "texture": "#1" },
				"up": { "uv": [ 9, 7, 16, 9 ], "texture": "#2" },
				"north": { "uv": [ 1, 1, 8, 2 ], "texture": "#2" },
				"south": { "uv": [ 0, 1, 7, 2 ], "texture": "#2" }
			}
		},
		{
			"from": [ 5.6, 5.6, 5.6 ],
			"to": [ 10.4, 6.2, 10.4 ],
			"faces": {
				"up": { "uv": [ 3, 3, 11, 11 ], "texture": "#3" }
			}
		},
		{
			"from": [ 3.2, 1.4, 7.4 ],
			"to": [ 5, 2, 8.6 ],
			"faces": {
				"down": { "uv": [ 0, 0, 3, 2 ], "texture": "#1" },
				"up": { "uv": [ 0, 0, 3, 2 ], "texture": "#1" },
				"north": { "uv": [ 0, 0, 3, 1 ], "texture": "#1" },
				"south": { "uv": [ 0, 0, 3, 1 ], "texture": "#1" },
				"west": { "uv": [ 0, 0, 2, 1 ], "texture": "#1" }
			}
		},
		{
			"from": [ 3.2, 2, 7.4 ],
			"to": [ 3.8, 5.6, 8.6 ],
			"faces": {
				"up": { "uv": [ 0, 0, 1, 2 ], "texture": "#1" },
				"north": { "uv": [ 0, 0, 1, 6 ], "texture": "#1" },
				"south": { "uv": [ 0, 0, 1, 6 ], "texture": "#1" },
				"west": { "uv": [ 0, 0, 2, 6 ], "texture": "#1" },
				"east": { "uv": [ 0, 0, 2, 6 ], "texture": "#1" }
			}
		},
		{
			"from": [ 3.8, 5, 7.4 ],
			"to": [ 5, 5.6, 8.6 ],
			"faces": {
				"down": { "uv": [ 0, 0, 2, 2 ], "texture": "#1" },
				"up": { "uv": [ 0, 0, 2, 2 ], "texture": "#1" },
				"north": { "uv": [ 0, 0, 2, 1 ], "texture": "#1" },
				"south": { "uv": [ 0, 0, 2, 1 ], "texture": "#1" }
			}
		}
	]
}