{
    "__comment": "Model generated using MrCrayfish's Model Creator (http://mrcrayfish.com/modelcreator/)",
    "textures": {
        "0": "blocks/stonebrick"
    },
    "elements": [
        {
            "name": "Cube",
            "from": [ 7.0, 0.0, 6.0 ], 
            "to": [ 10.0, 11.0, 9.0 ], 
            "faces": {
                "north": { "texture": "#0", "uv": [ 10.0, 8.0, 13.0, 15.0 ] },
                "east": { "texture": "#0", "uv": [ 3.0, 8.0, 5.0, 16.0 ] },
                "south": { "texture": "#0", "uv": [ 12.0, 8.0, 9.0, 15.0 ] },
                "west": { "texture": "#0", "uv": [ 4.0, 8.0, 2.0, 16.0 ] },
                "up": { "texture": "#0", "uv": [ 6.0, 3.0, 9.0, 6.0 ] },
                "down": { "texture": "#0", "uv": [ 6.0, 2.0, 9.0, 5.0 ] }
            }
        },
        {
            "name": "Cube",
            "from": [ 10.0, 0.0, 6.0 ], 
            "to": [ 13.0, 9.0, 9.0 ], 
            "faces": {
                "north": { "texture": "#0", "uv": [ 2.0, 8.0, 5.0, 16.0 ] },
                "east": { "texture": "#0", "uv": [ 3.0, 4.0, 6.0, 7.0 ] },
                "south": { "texture": "#0", "uv": [ 5.0, 4.0, 2.0, 7.0 ] },
                "west": { "texture": "#0", "uv": [ 4.0, 4.0, 1.0, 7.0 ] },
                "up": { "texture": "#0", "uv": [ 6.0, 4.0, 9.0, 7.0 ] },
                "down": { "texture": "#0", "uv": [ 5.0, 3.0, 8.0, 6.0 ] }
            }
        },
        {
            "name": "Cube",
            "from": [ 4.0, 0.0, 6.0 ], 
            "to": [ 7.0, 9.0, 9.0 ], 
            "faces": {
                "north": { "texture": "#0", "uv": [ 2.0, 8.0, 4.0, 16.0 ] },
                "east": { "texture": "#0", "uv": [ 3.0, 4.0, 6.0, 7.0 ] },
                "south": { "texture": "#0", "uv": [ 5.0, 4.0, 2.0, 7.0 ] },
                "west": { "texture": "#0", "uv": [ 4.0, 4.0, 1.0, 7.0 ] },
                "up": { "texture": "#0", "uv": [ 6.0, 3.0, 9.0, 6.0 ] },
                "down": { "texture": "#0", "uv": [ 6.0, 4.0, 9.0, 7.0 ] }
            }
        },
        {
            "name": "Cube",
            "from": [ 5.0, 9.0, 6.0 ], 
            "to": [ 7.0, 10.0, 9.0 ], 
            "faces": {
                "north": { "texture": "#0", "uv": [ 2.0, 5.0, 4.0, 6.0 ] },
                "east": { "texture": "#0", "uv": [ 3.0, 4.0, 6.0, 7.0 ] },
                "south": { "texture": "#0", "uv": [ 5.0, 4.0, 2.0, 7.0 ] },
                "west": { "texture": "#0", "uv": [ 4.0, 4.0, 1.0, 7.0 ] },
                "up": { "texture": "#0", "uv": [ 6.0, 3.0, 8.0, 6.0 ] },
                "down": { "texture": "#0", "uv": [ 6.0, 4.0, 8.0, 7.0 ] }
            }
        },
        {
            "name": "Cube",
            "from": [ 10.0, 9.0, 6.0 ], 
            "to": [ 12.0, 10.0, 9.0 ], 
            "faces": {
                "north": { "texture": "#0", "uv": [ 2.0, 5.0, 4.0, 6.0 ] },
                "east": { "texture": "#0", "uv": [ 3.0, 4.0, 6.0, 7.0 ] },
                "south": { "texture": "#0", "uv": [ 5.0, 4.0, 2.0, 7.0 ] },
                "west": { "texture": "#0", "uv": [ 4.0, 4.0, 1.0, 7.0 ] },
                "up": { "texture": "#0", "uv": [ 6.0, 3.0, 8.0, 6.0 ] },
                "down": { "texture": "#0", "uv": [ 6.0, 4.0, 8.0, 7.0 ] }
            }
        }
    ],
	"display":
	{
    "head": { 
		"rotation": [ 0, 0, 0 ], 
		"translation": [ 0, -23, 0], 
		"scale": [ 2.6, 2.6, 2.6 ]
		}
	}
}