{
	"__comment": "Model generated using MrCrayfish's Model Creator (http://mrcrayfish.com/modelcreator/)",
	"textures": {
		"0": "blocks/stonebrick",
		"1": "blocks/wool_colored_green"
	},
	"elements": [ 	 
		{
			"from": [ 7, 0, 6 ],
			"to": [ 10, 11, 9 ],
			"faces": {
				"down": { "uv": [ 6, 2, 9, 5 ], "texture": "#0", "cullface": "down" },
				"up": { "uv": [ 6, 3, 9, 6 ], "texture": "#0" },
				"north": { "uv": [ 2, 8, 5, 16 ], "texture": "#0" },
				"south": { "uv": [ 5, 8, 2, 16 ], "texture": "#0" },
				"west": { "uv": [ 4, 8, 2, 16 ], "texture": "#0" },
				"east": { "uv": [ 3, 8, 5, 16 ], "texture": "#0" }
			}
		},
		{
			"from": [ 10, 6, 6 ],
			"to": [ 13, 9, 9 ],
			"faces": {
				"down": { "uv": [ 5, 3, 8, 6 ], "texture": "#0" },
				"up": { "uv": [ 6, 4, 9, 7 ], "texture": "#0" },
				"north": { "uv": [ 2, 5, 5, 8 ], "texture": "#0" },
				"south": { "uv": [ 5, 4, 2, 7 ], "texture": "#0" },
				"east": { "uv": [ 3, 4, 6, 7 ], "texture": "#0" }
			}
		},
		{
			"from": [ 4, 6, 6 ],
			"to": [ 7, 9, 9 ],
			"faces": {
				"down": { "uv": [ 6, 4, 9, 7 ], "texture": "#0" },
				"up": { "uv": [ 6, 3, 9, 6 ], "texture": "#0" },
				"north": { "uv": [ 2, 5, 5, 8 ], "texture": "#0" },
				"south": { "uv": [ 5, 4, 2, 7 ], "texture": "#0" },
				"west": { "uv": [ 4, 4, 1, 7 ], "texture": "#0" }
			}
		},
		{
			"from": [ 6, 9, 6 ],
			"to": [ 7, 10, 7 ],
			"faces": {
				"up": { "uv": [ 0, 0, 1, 1 ], "texture": "#1" },
				"north": { "uv": [ 0, 0, 1, 1 ], "texture": "#1" },
				"south": { "uv": [ 0, 0, 1, 1 ], "texture": "#1" },
				"west": { "uv": [ 0, 0, 1, 1 ], "texture": "#1" }
			}
		},
		{
			"from": [ 5, 9, 7 ],
			"to": [ 6, 10, 9 ],
			"faces": {
				"up": { "uv": [ 0, 0, 1, 2 ], "texture": "#1" },
				"north": { "uv": [ 0, 0, 1, 1 ], "texture": "#1" },
				"south": { "uv": [ 0, 0, 1, 1 ], "texture": "#1" },
				"west": { "uv": [ 0, 0, 2, 1 ], "texture": "#1" },
				"east": { "uv": [ 0, 0, 2, 1 ], "texture": "#1" }
			}
		},
		{
			"from": [ 5, 7, 9 ],
			"to": [ 6, 9, 10 ],
			"faces": {
				"down": { "uv": [ 0, 0, 1, 1 ], "texture": "#1" },
				"up": { "uv": [ 0, 0, 1, 1 ], "texture": "#1" },
				"south": { "uv": [ 0, 0, 1, 2 ], "texture": "#1" },
				"west": { "uv": [ 0, 0, 1, 2 ], "texture": "#1" },
				"east": { "uv": [ 0, 0, 1, 2 ], "texture": "#1" }
			}
		},
		{
			"from": [ 6, 3, 9 ],
			"to": [ 7, 7, 10 ],
			"faces": {
				"down": { "uv": [ 0, 0, 1, 1 ], "texture": "#1" },
				"up": { "uv": [ 0, 0, 1, 1 ], "texture": "#1" },
				"north": { "uv": [ 0, 0, 1, 4 ], "texture": "#1" },
				"south": { "uv": [ 0, 0, 1, 4 ], "texture": "#1" },
				"west": { "uv": [ 0, 0, 1, 4 ], "texture": "#1" },
				"east": { "uv": [ 0, 0, 1, 4 ], "texture": "#1" }
			}
		},
		{
			"from": [ 5, 1, 8 ],
			"to": [ 6, 3, 9 ],
			"faces": {
				"down": { "uv": [ 0, 0, 1, 1 ], "texture": "#1" },
				"up": { "uv": [ 0, 0, 1, 1 ], "texture": "#1" },
				"north": { "uv": [ 0, 0, 1, 2 ], "texture": "#1" },
				"south": { "uv": [ 0, 0, 1, 2 ], "texture": "#1" },
				"west": { "uv": [ 0, 0, 1, 2 ], "texture": "#1" },
				"east": { "uv": [ 0, 0, 1, 2 ], "texture": "#1" }
			}
		},
		{
			"from": [ 7, 8, 5 ],
			"to": [ 9, 9, 6 ],
			"faces": {
				"down": { "uv": [ 0, 0, 2, 1 ], "texture": "#1" },
				"up": { "uv": [ 0, 0, 2, 1 ], "texture": "#1" },
				"north": { "uv": [ 0, 0, 2, 1 ], "texture": "#1" },
				"west": { "uv": [ 0, 0, 1, 1 ], "texture": "#1" },
				"east": { "uv": [ 0, 0, 1, 1 ], "texture": "#1" }
			}
		},
		{
			"from": [ 9, 9, 5 ],
			"to": [ 10, 10, 6 ],
			"faces": {
				"down": { "uv": [ 0, 0, 1, 1 ], "texture": "#1" },
				"up": { "uv": [ 0, 0, 1, 1 ], "texture": "#1" },
				"north": { "uv": [ 0, 0, 1, 1 ], "texture": "#1" },
				"west": { "uv": [ 0, 0, 1, 1 ], "texture": "#1" },
				"east": { "uv": [ 0, 0, 1, 1 ], "texture": "#1" }
			}
		},
		{
			"from": [ 10, 9, 6 ],
			"to": [ 11, 10, 7 ],
			"faces": {
				"up": { "uv": [ 0, 0, 1, 1 ], "texture": "#1" },
				"north": { "uv": [ 0, 0, 1, 1 ], "texture": "#1" },
				"south": { "uv": [ 0, 0, 1, 1 ], "texture": "#1" },
				"east": { "uv": [ 0, 0, 1, 1 ], "texture": "#1" }
			}
		},
		{
			"from": [ 11, 9, 7 ],
			"to": [ 13, 10, 8 ],
			"faces": {
				"up": { "uv": [ 0, 0, 2, 1 ], "texture": "#1" },
				"north": { "uv": [ 0, 0, 2, 1 ], "texture": "#1" },
				"south": { "uv": [ 0, 0, 2, 1 ], "texture": "#1" },
				"west": { "uv": [ 0, 0, 1, 1 ], "texture": "#1" },
				"east": { "uv": [ 0, 0, 1, 1 ], "texture": "#1" }
			}
		},
		{
			"from": [ 13, 8, 7 ],
			"to": [ 14, 9, 8 ],
			"faces": {
				"down": { "uv": [ 0, 0, 1, 1 ], "texture": "#1" },
				"up": { "uv": [ 0, 0, 1, 1 ], "texture": "#1" },
				"north": { "uv": [ 0, 0, 1, 1 ], "texture": "#1" },
				"south": { "uv": [ 0, 0, 1, 1 ], "texture": "#1" },
				"east": { "uv": [ 0, 0, 1, 1 ], "texture": "#1" }
			}
		},
		{
			"from": [ 10, 5, 8 ],
			"to": [ 11, 6, 9 ],
			"faces": {
				"down": { "uv": [ 0, 0, 1, 1 ], "texture": "#1" },
				"south": { "uv": [ 0, 0, 1, 1 ], "texture": "#1" },
				"east": { "uv": [ 0, 0, 1, 1 ], "texture": "#1" }
			}
		},
		{
			"from": [ 10, 4, 7 ],
			"to": [ 11, 6, 8 ],
			"faces": {
				"down": { "uv": [ 0, 0, 1, 1 ], "texture": "#1" },
				"north": { "uv": [ 0, 0, 1, 2 ], "texture": "#1" },
				"south": { "uv": [ 0, 0, 1, 2 ], "texture": "#1" },
				"east": { "uv": [ 0, 0, 1, 2 ], "texture": "#1" }
			}
		},
		{
			"from": [ 11, 5, 7 ],
			"to": [ 12, 6, 8 ],
			"faces": {
				"down": { "uv": [ 0, 0, 1, 1 ], "texture": "#1" },
				"north": { "uv": [ 0, 0, 1, 1 ], "texture": "#1" },
				"south": { "uv": [ 0, 0, 1, 1 ], "texture": "#1" },
				"east": { "uv": [ 0, 0, 1, 1 ], "texture": "#1" }
			}
		},
		{
			"from": [ 9, 11, 8 ],
			"to": [ 10, 12, 9 ],
			"faces": {
				"up": { "uv": [ 0, 0, 1, 1 ], "texture": "#1" },
				"north": { "uv": [ 0, 0, 1, 1 ], "texture": "#1" },
				"south": { "uv": [ 0, 0, 1, 1 ], "texture": "#1" },
				"west": { "uv": [ 0, 0, 1, 1 ], "texture": "#1" },
				"east": { "uv": [ 0, 0, 1, 1 ], "texture": "#1" }
			}
		},
		{
			"from": [ 9, 9, 9 ],
			"to": [ 10, 11, 10 ],
			"faces": {
				"down": { "uv": [ 0, 0, 1, 1 ], "texture": "#1" },
				"up": { "uv": [ 0, 0, 1, 1 ], "texture": "#1" },
				"south": { "uv": [ 0, 0, 1, 2 ], "texture": "#1" },
				"west": { "uv": [ 0, 0, 1, 2 ], "texture": "#1" },
				"east": { "uv": [ 0, 0, 1, 2 ], "texture": "#1" }
			}
		},
		{
			"from": [ 9, 0, 5 ],
			"to": [ 10, 2, 6 ],
			"faces": {
				"down": { "uv": [ 0, 0, 1, 1 ], "texture": "#1", "cullface": "down" },
				"up": { "uv": [ 0, 0, 1, 1 ], "texture": "#1" },
				"north": { "uv": [ 0, 0, 1, 2 ], "texture": "#1" },
				"west": { "uv": [ 0, 0, 1, 2 ], "texture": "#1" },
				"east": { "uv": [ 0, 0, 1, 2 ], "texture": "#1" }
			}
		},
		{
			"from": [ 8, 0, 5 ],
			"to": [ 9, 1, 6 ],
			"faces": {
				"down": { "uv": [ 0, 0, 1, 1 ], "texture": "#1", "cullface": "down" },
				"up": { "uv": [ 0, 0, 1, 1 ], "texture": "#1" },
				"north": { "uv": [ 0, 0, 1, 1 ], "texture": "#1" },
				"west": { "uv": [ 0, 0, 1, 1 ], "texture": "#1" }
			}
		},
		{
			"from": [ 10, 0, 6 ],
			"to": [ 11, 1, 7 ],
			"faces": {
				"down": { "uv": [ 0, 0, 1, 1 ], "texture": "#1", "cullface": "down" },
				"up": { "uv": [ 0, 0, 1, 1 ], "texture": "#1" },
				"north": { "uv": [ 0, 0, 1, 1 ], "texture": "#1" },
				"south": { "uv": [ 0, 0, 1, 1 ], "texture": "#1" },
				"east": { "uv": [ 0, 0, 1, 1 ], "texture": "#1" }
			}
		}
	],
	"display": {
		"head": {
			"translation":  [ 0, -23, 0 ],
			"scale":  [ 2.6, 2.6, 2.6 ]
		}
	}
}