{
	"__comment": "Model generated using MrCrayfish's Model Creator (http://mrcrayfish.com/modelcreator/)",
	"textures": {
		"0": "blocks/stonebrick",
		"1": "blocks/wool_colored_green"
	},
	"elements": [ 	 
		{
			"from": [ 7, 0, 6 ],
			"to": [ 10, 12, 9 ],
			"faces": {
				"down": { "uv": [ 6, 2, 9, 5 ], "texture": "#0", "cullface": "down" },
				"north": { "uv": [ 10, 8, 13, 15 ], "texture": "#0" },
				"south": { "uv": [ 12, 8, 9, 15 ], "texture": "#0" }
			}
		},
		{
			"from": [ 10, 0, 6 ],
			"to": [ 13, 12, 9 ],
			"faces": {
				"down": { "uv": [ 5, 3, 8, 6 ], "texture": "#0", "cullface": "down" },
				"north": { "uv": [ 2, 8, 5, 16 ], "texture": "#0" },
				"south": { "uv": [ 5, 4, 2, 7 ], "texture": "#0" },
				"east": { "uv": [ 3, 4, 6, 7 ], "texture": "#0" }
			}
		},
		{
			"from": [ 4, 0, 6 ],
			"to": [ 7, 12, 9 ],
			"faces": {
				"down": { "uv": [ 6, 4, 9, 7 ], "texture": "#0", "cullface": "down" },
				"north": { "uv": [ 2, 8, 4, 16 ], "texture": "#0" },
				"south": { "uv": [ 5, 4, 2, 7 ], "texture": "#0" },
				"west": { "uv": [ 4, 4, 1, 7 ], "texture": "#0" }
			}
		},
		{
			"from": [ 3.5, 12, 5.5 ],
			"to": [ 13.5, 13, 9.5 ],
			"faces": {
				"down": { "uv": [ 6, 2, 9, 5 ], "texture": "#0" },
				"up": { "uv": [ 6, 3, 9, 6 ], "texture": "#0" },
				"north": { "uv": [ 10, 9, 13, 11 ], "texture": "#0" },
				"south": { "uv": [ 12, 9, 9, 11 ], "texture": "#0" },
				"west": { "uv": [ 4, 9, 2, 11 ], "texture": "#0" },
				"east": { "uv": [ 3, 10, 5, 12 ], "texture": "#0" }
			}
		},
		{
			"from": [ 5, 13, 9 ],
			"to": [ 8, 14, 10 ],
			"faces": {
				"down": { "uv": [ 0, 0, 3, 1 ], "texture": "#1" },
				"up": { "uv": [ 0, 0, 3, 1 ], "texture": "#1" },
				"north": { "uv": [ 0, 0, 3, 1 ], "texture": "#1" },
				"south": { "uv": [ 0, 0, 3, 1 ], "texture": "#1" },
				"west": { "uv": [ 0, 0, 1, 1 ], "texture": "#1" },
				"east": { "uv": [ 0, 0, 1, 1 ], "texture": "#1" }
			}
		},
		{
			"from": [ 4, 11, 10 ],
			"to": [ 5, 13, 11 ],
			"faces": {
				"down": { "uv": [ 0, 0, 1, 1 ], "texture": "#1" },
				"up": { "uv": [ 0, 0, 1, 1 ], "texture": "#1" },
				"north": { "uv": [ 0, 0, 1, 2 ], "texture": "#1" },
				"south": { "uv": [ 0, 0, 1, 2 ], "texture": "#1" },
				"west": { "uv": [ 0, 0, 1, 2 ], "texture": "#1" },
				"east": { "uv": [ 0, 0, 1, 2 ], "texture": "#1" }
			}
		},
		{
			"from": [ 4, 8, 9 ],
			"to": [ 5, 11, 10 ],
			"faces": {
				"down": { "uv": [ 0, 0, 1, 1 ], "texture": "#1" },
				"up": { "uv": [ 0, 0, 1, 1 ], "texture": "#1" },
				"south": { "uv": [ 0, 0, 1, 3 ], "texture": "#1" },
				"west": { "uv": [ 0, 0, 1, 3 ], "texture": "#1" },
				"east": { "uv": [ 0, 0, 1, 3 ], "texture": "#1" }
			}
		},
		{
			"from": [ 3, 4, 8 ],
			"to": [ 4, 8, 9 ],
			"faces": {
				"down": { "uv": [ 0, 0, 1, 1 ], "texture": "#1" },
				"up": { "uv": [ 0, 0, 1, 1 ], "texture": "#1" },
				"north": { "uv": [ 0, 0, 1, 4 ], "texture": "#1" },
				"south": { "uv": [ 0, 0, 1, 4 ], "texture": "#1" },
				"west": { "uv": [ 0, 0, 1, 4 ], "texture": "#1" }
			}
		},
		{
			"from": [ 4, 2, 9 ],
			"to": [ 5, 4, 10 ],
			"faces": {
				"down": { "uv": [ 0, 0, 1, 1 ], "texture": "#1" },
				"up": { "uv": [ 0, 0, 1, 1 ], "texture": "#1" },
				"south": { "uv": [ 0, 0, 1, 2 ], "texture": "#1" },
				"west": { "uv": [ 0, 0, 1, 2 ], "texture": "#1" },
				"east": { "uv": [ 0, 0, 1, 2 ], "texture": "#1" }
			}
		},
		{
			"from": [ 5, 0, 9 ],
			"to": [ 6, 2, 10 ],
			"faces": {
				"down": { "uv": [ 0, 0, 1, 1 ], "texture": "#1", "cullface": "down" },
				"up": { "uv": [ 0, 0, 1, 1 ], "texture": "#1" },
				"south": { "uv": [ 0, 0, 1, 2 ], "texture": "#1" },
				"west": { "uv": [ 0, 0, 1, 2 ], "texture": "#1" },
				"east": { "uv": [ 0, 0, 1, 2 ], "texture": "#1" }
			}
		},
		{
			"from": [ 6, 0, 9 ],
			"to": [ 7, 1, 10 ],
			"faces": {
				"down": { "uv": [ 0, 0, 1, 1 ], "texture": "#1", "cullface": "down" },
				"up": { "uv": [ 0, 0, 1, 1 ], "texture": "#1" },
				"south": { "uv": [ 0, 0, 1, 1 ], "texture": "#1" },
				"east": { "uv": [ 0, 0, 1, 1 ], "texture": "#1" }
			}
		},
		{
			"from": [ 3, 0, 10 ],
			"to": [ 4, 1, 11 ],
			"faces": {
				"down": { "uv": [ 0, 0, 1, 1 ], "texture": "#1", "cullface": "down" },
				"up": { "uv": [ 0, 0, 1, 1 ], "texture": "#1" },
				"north": { "uv": [ 0, 0, 1, 1 ], "texture": "#1" },
				"south": { "uv": [ 0, 0, 1, 1 ], "texture": "#1" },
				"west": { "uv": [ 0, 0, 1, 1 ], "texture": "#1" },
				"east": { "uv": [ 0, 0, 1, 1 ], "texture": "#1" }
			}
		},
		{
			"from": [ 3, 0, 6 ],
			"to": [ 4, 1, 7 ],
			"faces": {
				"down": { "uv": [ 0, 0, 1, 1 ], "texture": "#1", "cullface": "down" },
				"up": { "uv": [ 0, 0, 1, 1 ], "texture": "#1" },
				"north": { "uv": [ 0, 0, 1, 1 ], "texture": "#1" },
				"south": { "uv": [ 0, 0, 1, 1 ], "texture": "#1" },
				"west": { "uv": [ 0, 0, 1, 1 ], "texture": "#1" }
			}
		},
		{
			"from": [ 8, 13, 8 ],
			"to": [ 10, 14, 9 ],
			"faces": {
				"up": { "uv": [ 0, 0, 2, 1 ], "texture": "#1" },
				"north": { "uv": [ 0, 0, 2, 1 ], "texture": "#1" },
				"south": { "uv": [ 0, 0, 2, 1 ], "texture": "#1" },
				"west": { "uv": [ 0, 0, 1, 1 ], "texture": "#1" },
				"east": { "uv": [ 0, 0, 1, 1 ], "texture": "#1" }
			}
		},
		{
			"from": [ 9, 13, 7 ],
			"to": [ 11, 14, 8 ],
			"faces": {
				"up": { "uv": [ 0, 0, 2, 1 ], "texture": "#1" },
				"north": { "uv": [ 0, 0, 2, 1 ], "texture": "#1" },
				"south": { "uv": [ 0, 0, 2, 1 ], "texture": "#1" },
				"west": { "uv": [ 0, 0, 1, 1 ], "texture": "#1" },
				"east": { "uv": [ 0, 0, 1, 1 ], "texture": "#1" }
			}
		},
		{
			"from": [ 4, 13, 6 ],
			"to": [ 6, 14, 7 ],
			"faces": {
				"up": { "uv": [ 0, 0, 2, 1 ], "texture": "#1" },
				"north": { "uv": [ 0, 0, 2, 1 ], "texture": "#1" },
				"south": { "uv": [ 0, 0, 2, 1 ], "texture": "#1" },
				"west": { "uv": [ 0, 0, 1, 1 ], "texture": "#1" },
				"east": { "uv": [ 0, 0, 1, 1 ], "texture": "#1" }
			}
		},
		{
			"from": [ 7, 11, 5 ],
			"to": [ 12, 12, 6 ],
			"faces": {
				"down": { "uv": [ 0, 0, 5, 1 ], "texture": "#1" },
				"up": { "uv": [ 0, 0, 5, 1 ], "texture": "#1" },
				"north": { "uv": [ 0, 0, 5, 1 ], "texture": "#1" },
				"south": { "uv": [ 0, 0, 5, 1 ], "texture": "#1" },
				"west": { "uv": [ 0, 0, 1, 1 ], "texture": "#1" },
				"east": { "uv": [ 0, 0, 1, 1 ], "texture": "#1" }
			}
		},
		{
			"from": [ 9, 10, 5 ],
			"to": [ 11, 11, 6 ],
			"faces": {
				"down": { "uv": [ 0, 0, 2, 1 ], "texture": "#1" },
				"north": { "uv": [ 0, 0, 2, 1 ], "texture": "#1" },
				"south": { "uv": [ 0, 0, 2, 1 ], "texture": "#1" },
				"west": { "uv": [ 0, 0, 1, 1 ], "texture": "#1" },
				"east": { "uv": [ 0, 0, 1, 1 ], "texture": "#1" }
			}
		},
		{
			"from": [ 10, 7, 5 ],
			"to": [ 11, 10, 6 ],
			"faces": {
				"down": { "uv": [ 0, 0, 1, 1 ], "texture": "#1" },
				"north": { "uv": [ 0, 0, 1, 3 ], "texture": "#1" },
				"west": { "uv": [ 0, 0, 1, 3 ], "texture": "#1" },
				"east": { "uv": [ 0, 0, 1, 3 ], "texture": "#1" }
			}
		},
		{
			"from": [ 13, 0, 7 ],
			"to": [ 14, 2, 8 ],
			"faces": {
				"down": { "uv": [ 0, 0, 1, 1 ], "texture": "#1", "cullface": "down" },
				"up": { "uv": [ 0, 0, 1, 1 ], "texture": "#1" },
				"north": { "uv": [ 0, 0, 1, 2 ], "texture": "#1" },
				"south": { "uv": [ 0, 0, 1, 2 ], "texture": "#1" },
				"east": { "uv": [ 0, 0, 1, 2 ], "texture": "#1" }
			}
		},
		{
			"from": [ 13, 0, 8 ],
			"to": [ 14, 1, 9 ],
			"faces": {
				"down": { "uv": [ 0, 0, 1, 1 ], "texture": "#1", "cullface": "down" },
				"up": { "uv": [ 0, 0, 1, 1 ], "texture": "#1" },
				"south": { "uv": [ 0, 0, 1, 1 ], "texture": "#1" },
				"east": { "uv": [ 0, 0, 1, 1 ], "texture": "#1" }
			}
		},
		{
			"from": [ 9, 0, 5 ],
			"to": [ 11, 1, 6 ],
			"faces": {
				"down": { "uv": [ 0, 0, 2, 1 ], "texture": "#1", "cullface": "down" },
				"up": { "uv": [ 0, 0, 2, 1 ], "texture": "#1" },
				"north": { "uv": [ 0, 0, 2, 1 ], "texture": "#1" },
				"south": { "uv": [ 0, 0, 2, 1 ], "texture": "#1" },
				"west": { "uv": [ 0, 0, 1, 1 ], "texture": "#1" },
				"east": { "uv": [ 0, 0, 1, 1 ], "texture": "#1" }
			}
		}
	],
	"display": {
		"head": {
			"translation":  [ 0, -23, 0 ],
			"scale":  [ 2.6, 2.6, 2.6 ]
		}
	}
}