{
	"__comment": "Model generated using MrCrayfish's Model Creator (http://mrcrayfish.com/modelcreator/)",
	"textures": {
		"0": "blocks/stonebrick",
		"1": "blocks/wool_colored_green"
	},
	"elements": [ 	 
		{
			"from": [ 7, 0, 6 ],
			"to": [ 10, 11, 9 ],
			"faces": {
				"down": { "uv": [ 6, 2, 9, 5 ], "texture": "#0", "cullface": "down" },
				"up": { "uv": [ 6, 3, 9, 6 ], "texture": "#0" },
				"north": { "uv": [ 10, 8, 13, 15 ], "texture": "#0" },
				"south": { "uv": [ 12, 8, 9, 15 ], "texture": "#0" },
				"west": { "uv": [ 4, 8, 2, 16 ], "texture": "#0" },
				"east": { "uv": [ 3, 8, 5, 16 ], "texture": "#0" }
			}
		},
		{
			"from": [ 10, 0, 6 ],
			"to": [ 13, 9, 9 ],
			"faces": {
				"down": { "uv": [ 5, 3, 8, 6 ], "texture": "#0", "cullface": "down" },
				"up": { "uv": [ 6, 4, 9, 7 ], "texture": "#0" },
				"north": { "uv": [ 2, 8, 5, 16 ], "texture": "#0" },
				"south": { "uv": [ 5, 4, 2, 7 ], "texture": "#0" },
				"east": { "uv": [ 3, 4, 6, 7 ], "texture": "#0" }
			}
		},
		{
			"from": [ 4, 0, 6 ],
			"to": [ 7, 9, 9 ],
			"faces": {
				"down": { "uv": [ 6, 4, 9, 7 ], "texture": "#0", "cullface": "down" },
				"up": { "uv": [ 6, 3, 9, 6 ], "texture": "#0" },
				"north": { "uv": [ 2, 8, 4, 16 ], "texture": "#0" },
				"south": { "uv": [ 5, 4, 2, 7 ], "texture": "#0" },
				"west": { "uv": [ 4, 4, 1, 7 ], "texture": "#0" }
			}
		},
		{
			"from": [ 5, 9, 6 ],
			"to": [ 7, 10, 9 ],
			"faces": {
				"up": { "uv": [ 6, 3, 8, 6 ], "texture": "#0" },
				"north": { "uv": [ 2, 5, 4, 6 ], "texture": "#0" },
				"south": { "uv": [ 5, 4, 2, 7 ], "texture": "#0" },
				"west": { "uv": [ 4, 4, 1, 7 ], "texture": "#0" }
			}
		},
		{
			"from": [ 10, 9, 6 ],
			"to": [ 12, 10, 9 ],
			"faces": {
				"up": { "uv": [ 6, 3, 8, 6 ], "texture": "#0" },
				"north": { "uv": [ 2, 5, 4, 6 ], "texture": "#0" },
				"south": { "uv": [ 5, 4, 2, 7 ], "texture": "#0" },
				"east": { "uv": [ 3, 4, 6, 7 ], "texture": "#0" }
			}
		},
		{
			"from": [ 3, 4, 8 ],
			"to": [ 4, 7, 9 ],
			"faces": {
				"down": { "uv": [ 0, 0, 1, 1 ], "texture": "#1" },
				"up": { "uv": [ 0, 0, 1, 1 ], "texture": "#1" },
				"north": { "uv": [ 0, 0, 1, 3 ], "texture": "#1" },
				"south": { "uv": [ 0, 0, 1, 3 ], "texture": "#1" },
				"west": { "uv": [ 0, 0, 1, 3 ], "texture": "#1" }
			}
		},
		{
			"from": [ 3, 7, 7 ],
			"to": [ 4, 9, 8 ],
			"faces": {
				"down": { "uv": [ 0, 0, 1, 1 ], "texture": "#1" },
				"up": { "uv": [ 0, 0, 1, 1 ], "texture": "#1" },
				"north": { "uv": [ 0, 0, 1, 2 ], "texture": "#1" },
				"south": { "uv": [ 0, 0, 1, 2 ], "texture": "#1" },
				"west": { "uv": [ 0, 0, 1, 2 ], "texture": "#1" }
			}
		},
		{
			"from": [ 4, 9, 6 ],
			"to": [ 5, 10, 7 ],
			"faces": {
				"up": { "uv": [ 0, 0, 1, 1 ], "texture": "#1" },
				"north": { "uv": [ 0, 0, 1, 1 ], "texture": "#1" },
				"south": { "uv": [ 0, 0, 1, 1 ], "texture": "#1" },
				"west": { "uv": [ 0, 0, 1, 1 ], "texture": "#1" }
			}
		},
		{
			"from": [ 5, 10, 6 ],
			"to": [ 7, 11, 7 ],
			"faces": {
				"up": { "uv": [ 0, 0, 2, 1 ], "texture": "#1" },
				"north": { "uv": [ 0, 0, 2, 1 ], "texture": "#1" },
				"south": { "uv": [ 0, 0, 2, 1 ], "texture": "#1" },
				"west": { "uv": [ 0, 0, 1, 1 ], "texture": "#1" }
			}
		},
		{
			"from": [ 7, 11, 7 ],
			"to": [ 9, 12, 8 ],
			"faces": {
				"up": { "uv": [ 0, 0, 2, 1 ], "texture": "#1" },
				"north": { "uv": [ 0, 0, 2, 1 ], "texture": "#1" },
				"south": { "uv": [ 0, 0, 2, 1 ], "texture": "#1" },
				"west": { "uv": [ 0, 0, 1, 1 ], "texture": "#1" },
				"east": { "uv": [ 0, 0, 1, 1 ], "texture": "#1" }
			}
		},
		{
			"from": [ 9, 11, 8 ],
			"to": [ 10, 12, 9 ],
			"faces": {
				"up": { "uv": [ 0, 0, 1, 1 ], "texture": "#1" },
				"north": { "uv": [ 0, 0, 1, 1 ], "texture": "#1" },
				"south": { "uv": [ 0, 0, 1, 1 ], "texture": "#1" },
				"west": { "uv": [ 0, 0, 1, 1 ], "texture": "#1" },
				"east": { "uv": [ 0, 0, 1, 1 ], "texture": "#1" }
			}
		},
		{
			"from": [ 10, 9, 9 ],
			"to": [ 11, 11, 10 ],
			"faces": {
				"down": { "uv": [ 0, 0, 1, 1 ], "texture": "#1" },
				"up": { "uv": [ 0, 0, 1, 1 ], "texture": "#1" },
				"north": { "uv": [ 0, 0, 1, 2 ], "texture": "#1" },
				"south": { "uv": [ 0, 0, 1, 2 ], "texture": "#1" },
				"west": { "uv": [ 0, 0, 1, 2 ], "texture": "#1" },
				"east": { "uv": [ 0, 0, 1, 2 ], "texture": "#1" }
			}
		},
		{
			"from": [ 11, 5, 9 ],
			"to": [ 12, 9, 10 ],
			"faces": {
				"down": { "uv": [ 0, 0, 1, 1 ], "texture": "#1" },
				"up": { "uv": [ 0, 0, 1, 1 ], "texture": "#1" },
				"south": { "uv": [ 0, 0, 1, 4 ], "texture": "#1" },
				"west": { "uv": [ 0, 0, 1, 4 ], "texture": "#1" },
				"east": { "uv": [ 0, 0, 1, 4 ], "texture": "#1" }
			}
		},
		{
			"from": [ 9, 7, 9 ],
			"to": [ 10, 10, 10 ],
			"faces": {
				"down": { "uv": [ 0, 0, 1, 1 ], "texture": "#1" },
				"up": { "uv": [ 0, 0, 1, 1 ], "texture": "#1" },
				"south": { "uv": [ 0, 0, 1, 3 ], "texture": "#1" },
				"west": { "uv": [ 0, 0, 1, 3 ], "texture": "#1" },
				"east": { "uv": [ 0, 0, 1, 3 ], "texture": "#1" }
			}
		},
		{
			"from": [ 10, 0, 5 ],
			"to": [ 11, 3, 6 ],
			"faces": {
				"down": { "uv": [ 0, 0, 1, 1 ], "texture": "#1", "cullface": "down" },
				"up": { "uv": [ 0, 0, 1, 1 ], "texture": "#1" },
				"north": { "uv": [ 0, 0, 1, 3 ], "texture": "#1" },
				"west": { "uv": [ 0, 0, 1, 3 ], "texture": "#1" },
				"east": { "uv": [ 0, 0, 1, 3 ], "texture": "#1" }
			}
		},
		{
			"from": [ 9, 3, 5 ],
			"to": [ 10, 5, 6 ],
			"faces": {
				"down": { "uv": [ 0, 0, 1, 1 ], "texture": "#1" },
				"up": { "uv": [ 0, 0, 1, 1 ], "texture": "#1" },
				"north": { "uv": [ 0, 0, 1, 2 ], "texture": "#1" },
				"west": { "uv": [ 0, 0, 1, 2 ], "texture": "#1" },
				"east": { "uv": [ 0, 0, 1, 2 ], "texture": "#1" }
			}
		},
		{
			"from": [ 10, 0, 4 ],
			"to": [ 11, 2, 5 ],
			"faces": {
				"down": { "uv": [ 0, 0, 1, 1 ], "texture": "#1", "cullface": "down" },
				"up": { "uv": [ 0, 0, 1, 1 ], "texture": "#1" },
				"north": { "uv": [ 0, 0, 1, 2 ], "texture": "#1" },
				"west": { "uv": [ 0, 0, 1, 2 ], "texture": "#1" },
				"east": { "uv": [ 0, 0, 1, 2 ], "texture": "#1" }
			}
		},
		{
			"from": [ 11, 0, 5 ],
			"to": [ 12, 1, 6 ],
			"faces": {
				"down": { "uv": [ 0, 0, 1, 1 ], "texture": "#1", "cullface": "down" },
				"up": { "uv": [ 0, 0, 1, 1 ], "texture": "#1" },
				"north": { "uv": [ 0, 0, 1, 1 ], "texture": "#1" },
				"east": { "uv": [ 0, 0, 1, 1 ], "texture": "#1" }
			}
		},
		{
			"from": [ 8, 0, 5 ],
			"to": [ 10, 1, 6 ],
			"faces": {
				"down": { "uv": [ 0, 0, 2, 1 ], "texture": "#1", "cullface": "down" },
				"up": { "uv": [ 0, 0, 2, 1 ], "texture": "#1" },
				"north": { "uv": [ 0, 0, 2, 1 ], "texture": "#1" },
				"west": { "uv": [ 0, 0, 1, 1 ], "texture": "#1" }
			}
		},
		{
			"from": [ 5, 0, 9 ],
			"to": [ 7, 1, 10 ],
			"faces": {
				"down": { "uv": [ 0, 0, 2, 1 ], "texture": "#1", "cullface": "down" },
				"up": { "uv": [ 0, 0, 2, 1 ], "texture": "#1" },
				"south": { "uv": [ 0, 0, 2, 1 ], "texture": "#1" },
				"west": { "uv": [ 0, 0, 1, 1 ], "texture": "#1" },
				"east": { "uv": [ 0, 0, 1, 1 ], "texture": "#1" }
			}
		}
	],
	"display": {
		"head": {
			"translation":  [ 0, -23, 0 ],
			"scale":  [ 2.6, 2.6, 2.6 ]
		}
	}
}