{
	"__comment": "Model generated using MrCrayfish's Model Creator (http://mrcrayfish.com/modelcreator/)",
	"textures": {
		"0": "blocks/gold_block",
		"1": "custom/gold_new"
	},
	"elements": [ 	 
		{
			"from": [ 6.5, 0.2, 7.5 ],
			"to": [ 9.5, 5.2, 8.5 ],
			"faces": {
				"down": { "uv": [ 0, 0, 3, 1 ], "texture": "#0" },
				"up": { "uv": [ 0, 0, 3, 1 ], "texture": "#0" },
				"north": { "uv": [ 12, 10, 15, 15 ], "texture": "#0" },
				"south": { "uv": [ 12, 10, 15, 15 ], "texture": "#0" },
				"west": { "uv": [ 0, 0, 1, 5 ], "texture": "#0" },
				"east": { "uv": [ 0, 0, 1, 5 ], "texture": "#0" }
			}
		},
		{
			"from": [ 5.5, 1.2, 7.5 ],
			"to": [ 10.5, 4.2, 8.5 ],
			"faces": {
				"down": { "uv": [ 0, 0, 5, 1 ], "texture": "#0" },
				"up": { "uv": [ 0, 0, 5, 1 ], "texture": "#0" },
				"north": { "uv": [ 10, 12, 15, 15 ], "texture": "#0" },
				"south": { "uv": [ 10, 12, 15, 15 ], "texture": "#0" },
				"west": { "uv": [ 0, 0, 1, 3 ], "texture": "#0" },
				"east": { "uv": [ 0, 0, 1, 3 ], "texture": "#0" }
			}
		},
		{
			"from": [ 6, 0.7, 7.6 ],
			"to": [ 10, 4.7, 8.4 ],
			"faces": {
				"down": { "uv": [ 0, 0, 4, 0.8000002 ], "texture": "#0" },
				"up": { "uv": [ 0, 0, 4, 0.8000002 ], "texture": "#0" },
				"south": { "uv": [ 11, 11, 15, 15 ], "texture": "#0" },
				"west": { "uv": [ 0, 0, 0.8, 4 ], "texture": "#0" },
				"east": { "uv": [ 0, 0, 0.8, 4 ], "texture": "#0" }
			}
		},
		{
			"from": [ 6.2, 0.4, 7.7 ],
			"to": [ 9.8, 5, 8.3 ],
			"faces": {
				"down": { "uv": [ 0, 0, 3.6, 0.6000004 ], "texture": "#0" },
				"up": { "uv": [ 0, 0, 3.6, 0.6000004 ], "texture": "#0" },
				"north": { "uv": [ 11, 10, 14.6, 14.6 ], "texture": "#0" },
				"south": { "uv": [ 11, 10, 14.6, 14.6 ], "texture": "#0" },
				"west": { "uv": [ 0, 0, 0.6, 4.6 ], "texture": "#0" },
				"east": { "uv": [ 0, 0, 0.6, 4.6 ], "texture": "#0" }
			}
		},
		{
			"from": [ 5.7, 0.9, 7.7 ],
			"to": [ 10.3, 4.5, 8.3 ],
			"faces": {
				"down": { "uv": [ 0, 0, 4.6, 0.6000004 ], "texture": "#0" },
				"up": { "uv": [ 0, 0, 4.6, 0.6000004 ], "texture": "#0" },
				"north": { "uv": [ 11, 10, 15.6, 13.6 ], "texture": "#0" },
				"south": { "uv": [ 11, 10, 15.6, 13.6 ], "texture": "#0" },
				"west": { "uv": [ 0, 0, 0.6, 3.6 ], "texture": "#0" },
				"east": { "uv": [ 0, 0, 0.6, 3.6 ], "texture": "#0" }
			}
		},
		{
			"from": [ 6.8, 0, 7.7 ],
			"to": [ 9.299999, 5.4, 8.3 ],
			"faces": {
				"down": { "uv": [ 0, 0, 2.5, 0.6000004 ], "texture": "#0", "cullface": "down" },
				"up": { "uv": [ 0, 0, 2.5, 0.6000004 ], "texture": "#0" },
				"north": { "uv": [ 12, 9, 14.5, 14.4 ], "texture": "#0" },
				"south": { "uv": [ 12, 9, 14.5, 14.4 ], "texture": "#0" },
				"west": { "uv": [ 0, 0, 0.6, 5.4 ], "texture": "#0" },
				"east": { "uv": [ 0, 0, 0.6, 5.4 ], "texture": "#0" }
			}
		},
		{
			"from": [ 5.3, 1.5, 7.7 ],
			"to": [ 10.7, 4, 8.3 ],
			"faces": {
				"down": { "uv": [ 0, 0, 5.4, 0.6000004 ], "texture": "#0" },
				"up": { "uv": [ 0, 0, 5.4, 0.6000004 ], "texture": "#0" },
				"north": { "uv": [ 11, 10, 15.4, 12.5 ], "texture": "#0" },
				"south": { "uv": [ 11, 10, 15.4, 12.5 ], "texture": "#0" },
				"west": { "uv": [ 0, 0, 0.6, 2.5 ], "texture": "#0" },
				"east": { "uv": [ 0, 0, 0.6, 2.5 ], "texture": "#0" }
			}
		},
		{
			"from": [ 7, 0.8, 7.3 ],
			"to": [ 9, 1.3, 7.5 ],
			"faces": {
				"down": { "uv": [ 0, 0, 2, 0.1999998 ], "texture": "#0" },
				"up": { "uv": [ 0, 0, 2, 0.1999998 ], "texture": "#0" },
				"north": { "uv": [ 13, 13, 15, 13.5 ], "texture": "#0" },
				"south": { "uv": [ 13, 12, 15, 12.5 ], "texture": "#0" },
				"west": { "uv": [ 0, 0, 0.2, 0.5 ], "texture": "#0" },
				"east": { "uv": [ 0, 0, 0.2, 0.5 ], "texture": "#0" }
			}
		},
		{
			"from": [ 7, 4.1, 7.3 ],
			"to": [ 9, 4.6, 7.5 ],
			"faces": {
				"down": { "uv": [ 0, 0, 2, 0.1999998 ], "texture": "#0" },
				"up": { "uv": [ 0, 0, 2, 0.1999998 ], "texture": "#0" },
				"north": { "uv": [ 12, 11, 14, 11.5 ], "texture": "#0" },
				"west": { "uv": [ 0, 0, 0.2, 0.5 ], "texture": "#0" },
				"east": { "uv": [ 0, 0, 0.2, 0.5 ], "texture": "#0" }
			}
		},
		{
			"from": [ 6.1, 1.7, 7.3 ],
			"to": [ 6.6, 3.7, 7.5 ],
			"faces": {
				"down": { "uv": [ 0, 0, 0.5, 0.1999998 ], "texture": "#0" },
				"up": { "uv": [ 0, 0, 0.5, 0.1999998 ], "texture": "#0" },
				"north": { "uv": [ 12, 11, 12.5, 13 ], "texture": "#0" },
				"west": { "uv": [ 0, 0, 0.2, 2 ], "texture": "#0" },
				"east": { "uv": [ 0, 0, 0.2, 2 ], "texture": "#0" }
			}
		},
		{
			"from": [ 9.4, 1.7, 7.3 ],
			"to": [ 9.9, 3.7, 7.5 ],
			"faces": {
				"down": { "uv": [ 0, 0, 0.5, 0.1999998 ], "texture": "#0" },
				"up": { "uv": [ 0, 0, 0.5, 0.1999998 ], "texture": "#0" },
				"north": { "uv": [ 12, 11, 12.5, 13 ], "texture": "#0" },
				"west": { "uv": [ 0, 0, 0.2, 2 ], "texture": "#0" },
				"east": { "uv": [ 0, 0, 0.2, 2 ], "texture": "#0" }
			}
		},
		{
			"from": [ 6.6, 1.3, 7.4 ],
			"to": [ 9.4, 4.1, 7.5 ],
			"faces": {
				"down": { "uv": [ 0, 0, 2.8, 0.1000004 ], "texture": "#1" },
				"up": { "uv": [ 0, 0, 2.8, 0.1000004 ], "texture": "#1" },
				"north": { "uv": [ 12, 11, 14.8, 13.8 ], "texture": "#1" },
				"south": { "uv": [ 13, 10, 15.8, 12.8 ], "texture": "#1" },
				"west": { "uv": [ 0, 0, 0.09999999, 2.8 ], "texture": "#1" },
				"east": { "uv": [ 0, 0, 0.09999999, 2.8 ], "texture": "#1" }
			}
		},
		{
			"from": [ 9, 3.7, 7.3 ],
			"to": [ 9.5, 4.2, 7.5 ],
			"faces": {
				"down": { "uv": [ 0, 0, 0.5, 0.1999998 ], "texture": "#0" },
				"up": { "uv": [ 0, 0, 0.5, 0.1999998 ], "texture": "#0" },
				"north": { "uv": [ 12, 11, 12.5, 11.5 ], "texture": "#0" },
				"west": { "uv": [ 0, 0, 0.2, 0.5 ], "texture": "#0" },
				"east": { "uv": [ 0, 0, 0.2, 0.5 ], "texture": "#0" }
			}
		},
		{
			"from": [ 6.5, 3.7, 7.3 ],
			"to": [ 7, 4.2, 7.5 ],
			"faces": {
				"down": { "uv": [ 0, 0, 0.5, 0.1999998 ], "texture": "#0" },
				"up": { "uv": [ 0, 0, 0.5, 0.1999998 ], "texture": "#0" },
				"north": { "uv": [ 12, 11, 12.5, 11.5 ], "texture": "#0" },
				"west": { "uv": [ 0, 0, 0.2, 0.5 ], "texture": "#0" },
				"east": { "uv": [ 0, 0, 0.2, 0.5 ], "texture": "#0" }
			}
		},
		{
			"from": [ 6.5, 1.2, 7.3 ],
			"to": [ 7, 1.7, 7.5 ],
			"faces": {
				"down": { "uv": [ 0, 0, 0.5, 0.1999998 ], "texture": "#0" },
				"up": { "uv": [ 0, 0, 0.5, 0.1999998 ], "texture": "#0" },
				"north": { "uv": [ 13, 13, 13.5, 13.5 ], "texture": "#0" },
				"west": { "uv": [ 0, 0, 0.2, 0.5 ], "texture": "#0" },
				"east": { "uv": [ 0, 0, 0.2, 0.5 ], "texture": "#0" }
			}
		},
		{
			"from": [ 9, 1.2, 7.3 ],
			"to": [ 9.5, 1.7, 7.5 ],
			"faces": {
				"down": { "uv": [ 0, 0, 0.5, 0.1999998 ], "texture": "#0" },
				"up": { "uv": [ 0, 0, 0.5, 0.1999998 ], "texture": "#0" },
				"north": { "uv": [ 13, 13, 13.5, 13.5 ], "texture": "#0" },
				"south": { "uv": [ 13, 12, 13.5, 12.5 ], "texture": "#0" },
				"west": { "uv": [ 0, 0, 0.2, 0.5 ], "texture": "#0" },
				"east": { "uv": [ 0, 0, 0.2, 0.5 ], "texture": "#0" }
			}
		},
		{
			"from": [ 9.4, 1.5, 7.4 ],
			"to": [ 9.7, 3.9, 7.5 ],
			"faces": {
				"down": { "uv": [ 0, 0, 0.3, 0.1000004 ], "texture": "#0" },
				"up": { "uv": [ 0, 0, 0.3, 0.1000004 ], "texture": "#0" },
				"north": { "uv": [ 12, 11, 12.3, 13.4 ], "texture": "#0" },
				"south": { "uv": [ 13, 10, 13.3, 12.4 ], "texture": "#0" },
				"west": { "uv": [ 0, 0, 0.09999999, 2.4 ], "texture": "#0" },
				"east": { "uv": [ 0, 0, 0.09999999, 2.4 ], "texture": "#0" }
			}
		},
		{
			"from": [ 6.3, 1.5, 7.4 ],
			"to": [ 6.599999, 3.9, 7.5 ],
			"faces": {
				"down": { "uv": [ 0, 0, 0.3, 0.1000004 ], "texture": "#0" },
				"up": { "uv": [ 0, 0, 0.3, 0.1000004 ], "texture": "#0" },
				"north": { "uv": [ 12, 11, 12.3, 13.4 ], "texture": "#0" },
				"south": { "uv": [ 13, 10, 13.3, 12.4 ], "texture": "#0" },
				"west": { "uv": [ 0, 0, 0.09999999, 2.4 ], "texture": "#0" },
				"east": { "uv": [ 0, 0, 0.09999999, 2.4 ], "texture": "#0" }
			}
		},
		{
			"from": [ 6.8, 0.9, 7.4 ],
			"to": [ 9.199999, 1.2, 7.5 ],
			"faces": {
				"down": { "uv": [ 0, 0, 2.4, 0.1000004 ], "texture": "#0" },
				"up": { "uv": [ 0, 0, 2.4, 0.1000004 ], "texture": "#0" },
				"north": { "uv": [ 13, 13, 15.4, 13.3 ], "texture": "#0" },
				"west": { "uv": [ 0, 0, 0.09999999, 0.3000002 ], "texture": "#0" },
				"east": { "uv": [ 0, 0, 0.09999999, 0.3000002 ], "texture": "#0" }
			}
		},
		{
			"from": [ 6.8, 4.1, 7.4 ],
			"to": [ 9.199999, 4.4, 7.5 ],
			"faces": {
				"down": { "uv": [ 0, 0, 2.4, 0.1000004 ], "texture": "#0" },
				"up": { "uv": [ 0, 0, 2.4, 0.1000004 ], "texture": "#0" },
				"north": { "uv": [ 13, 13, 15.4, 13.3 ], "texture": "#0" },
				"west": { "uv": [ 0, 0, 0.09999999, 0.3000002 ], "texture": "#0" },
				"east": { "uv": [ 0, 0, 0.09999999, 0.3000002 ], "texture": "#0" }
			}
		},
		{
			"from": [ 9.9, 2, 7.4 ],
			"to": [ 10.2, 3.5, 7.5 ],
			"faces": {
				"down": { "uv": [ 0, 0, 0.3, 0.1000004 ], "texture": "#0" },
				"up": { "uv": [ 0, 0, 0.3, 0.1000004 ], "texture": "#0" },
				"north": { "uv": [ 12, 11, 12.3, 12.5 ], "texture": "#0" },
				"west": { "uv": [ 0, 0, 0.09999999, 1.5 ], "texture": "#0" },
				"east": { "uv": [ 0, 0, 0.09999999, 1.5 ], "texture": "#0" }
			}
		},
		{
			"from": [ 5.8, 2, 7.4 ],
			"to": [ 6.099999, 3.5, 7.5 ],
			"faces": {
				"down": { "uv": [ 0, 0, 0.3, 0.1000004 ], "texture": "#0" },
				"up": { "uv": [ 0, 0, 0.3, 0.1000004 ], "texture": "#0" },
				"north": { "uv": [ 12, 11, 12.3, 12.5 ], "texture": "#0" },
				"south": { "uv": [ 13, 10, 13.3, 11.5 ], "texture": "#0" },
				"west": { "uv": [ 0, 0, 0.09999999, 1.5 ], "texture": "#0" },
				"east": { "uv": [ 0, 0, 0.09999999, 1.5 ], "texture": "#0" }
			}
		},
		{
			"from": [ 7.2, 0.5, 7.4 ],
			"to": [ 8.7, 0.8, 7.5 ],
			"faces": {
				"down": { "uv": [ 0, 0, 1.5, 0.1000004 ], "texture": "#0" },
				"up": { "uv": [ 0, 0, 1.5, 0.1000004 ], "texture": "#0" },
				"north": { "uv": [ 13, 13, 14.5, 13.3 ], "texture": "#0" },
				"west": { "uv": [ 0, 0, 0.09999999, 0.3000002 ], "texture": "#0" },
				"east": { "uv": [ 0, 0, 0.09999999, 0.3000002 ], "texture": "#0" }
			}
		},
		{
			"from": [ 7.2, 4.6, 7.4 ],
			"to": [ 8.7, 4.9, 7.5 ],
			"faces": {
				"down": { "uv": [ 0, 0, 1.5, 0.1000004 ], "texture": "#0" },
				"up": { "uv": [ 0, 0, 1.5, 0.1000004 ], "texture": "#0" },
				"north": { "uv": [ 13, 11, 14.5, 11.3 ], "texture": "#0" },
				"west": { "uv": [ 0, 0, 0.09999999, 0.3000002 ], "texture": "#0" },
				"east": { "uv": [ 0, 0, 0.09999999, 0.3000002 ], "texture": "#0" }
			}
		},
		{
			"from": [ 7, 0.8, 8.5 ],
			"to": [ 9, 1.3, 8.7 ],
			"faces": {
				"down": { "uv": [ 0, 0, 2, 0.1999998 ], "texture": "#0" },
				"up": { "uv": [ 0, 0, 2, 0.1999998 ], "texture": "#0" },
				"south": { "uv": [ 13, 12, 15, 12.5 ], "texture": "#0" },
				"west": { "uv": [ 0, 0, 0.2, 0.5 ], "texture": "#0" },
				"east": { "uv": [ 0, 0, 0.2, 0.5 ], "texture": "#0" }
			}
		},
		{
			"from": [ 7, 4.1, 8.5 ],
			"to": [ 9, 4.6, 8.7 ],
			"faces": {
				"down": { "uv": [ 0, 0, 2, 0.1999998 ], "texture": "#0" },
				"up": { "uv": [ 0, 0, 2, 0.1999998 ], "texture": "#0" },
				"north": { "uv": [ 12, 11, 14, 11.5 ], "texture": "#0" },
				"south": { "uv": [ 13, 10, 15, 10.5 ], "texture": "#0" },
				"west": { "uv": [ 0, 0, 0.2, 0.5 ], "texture": "#0" },
				"east": { "uv": [ 0, 0, 0.2, 0.5 ], "texture": "#0" }
			}
		},
		{
			"from": [ 6.1, 1.7, 8.5 ],
			"to": [ 6.6, 3.7, 8.7 ],
			"faces": {
				"down": { "uv": [ 0, 0, 0.5, 0.1999998 ], "texture": "#0" },
				"up": { "uv": [ 0, 0, 0.5, 0.1999998 ], "texture": "#0" },
				"south": { "uv": [ 13, 10, 13.5, 12 ], "texture": "#0" },
				"west": { "uv": [ 0, 0, 0.2, 2 ], "texture": "#0" },
				"east": { "uv": [ 0, 0, 0.2, 2 ], "texture": "#0" }
			}
		},
		{
			"from": [ 9.4, 1.7, 8.5 ],
			"to": [ 9.9, 3.7, 8.7 ],
			"faces": {
				"down": { "uv": [ 0, 0, 0.5, 0.1999998 ], "texture": "#0" },
				"up": { "uv": [ 0, 0, 0.5, 0.1999998 ], "texture": "#0" },
				"south": { "uv": [ 13, 10, 13.5, 12 ], "texture": "#0" },
				"west": { "uv": [ 0, 0, 0.2, 2 ], "texture": "#0" },
				"east": { "uv": [ 0, 0, 0.2, 2 ], "texture": "#0" }
			}
		},
		{
			"from": [ 6.6, 1.3, 8.5 ],
			"to": [ 9.4, 4.1, 8.6 ],
			"faces": {
				"north": { "uv": [ 12, 11, 14.8, 13.8 ], "texture": "#1" },
				"south": { "uv": [ 13, 10, 15.8, 12.8 ], "texture": "#1" }
			}
		},
		{
			"from": [ 9, 3.7, 8.5 ],
			"to": [ 9.5, 4.2, 8.7 ],
			"faces": {
				"down": { "uv": [ 0, 0, 0.5, 0.1999998 ], "texture": "#0" },
				"up": { "uv": [ 0, 0, 0.5, 0.1999998 ], "texture": "#0" },
				"north": { "uv": [ 12, 11, 12.5, 11.5 ], "texture": "#0" },
				"south": { "uv": [ 13, 10, 13.5, 10.5 ], "texture": "#0" },
				"west": { "uv": [ 0, 0, 0.2, 0.5 ], "texture": "#0" },
				"east": { "uv": [ 0, 0, 0.2, 0.5 ], "texture": "#0" }
			}
		},
		{
			"from": [ 6.5, 3.7, 8.5 ],
			"to": [ 7, 4.2, 8.7 ],
			"faces": {
				"down": { "uv": [ 0, 0, 0.5, 0.1999998 ], "texture": "#0" },
				"up": { "uv": [ 0, 0, 0.5, 0.1999998 ], "texture": "#0" },
				"south": { "uv": [ 13, 10, 13.5, 10.5 ], "texture": "#0" },
				"west": { "uv": [ 0, 0, 0.2, 0.5 ], "texture": "#0" },
				"east": { "uv": [ 0, 0, 0.2, 0.5 ], "texture": "#0" }
			}
		},
		{
			"from": [ 6.5, 1.2, 8.5 ],
			"to": [ 7, 1.7, 8.7 ],
			"faces": {
				"down": { "uv": [ 0, 0, 0.5, 0.1999998 ], "texture": "#0" },
				"up": { "uv": [ 0, 0, 0.5, 0.1999998 ], "texture": "#0" },
				"south": { "uv": [ 13, 12, 13.5, 12.5 ], "texture": "#0" },
				"west": { "uv": [ 0, 0, 0.2, 0.5 ], "texture": "#0" },
				"east": { "uv": [ 0, 0, 0.2, 0.5 ], "texture": "#0" }
			}
		},
		{
			"from": [ 9, 1.2, 8.5 ],
			"to": [ 9.5, 1.7, 8.7 ],
			"faces": {
				"down": { "uv": [ 0, 0, 0.5, 0.1999998 ], "texture": "#0" },
				"up": { "uv": [ 0, 0, 0.5, 0.1999998 ], "texture": "#0" },
				"south": { "uv": [ 13, 12, 13.5, 12.5 ], "texture": "#0" },
				"west": { "uv": [ 0, 0, 0.2, 0.5 ], "texture": "#0" },
				"east": { "uv": [ 0, 0, 0.2, 0.5 ], "texture": "#0" }
			}
		},
		{
			"from": [ 9.4, 1.5, 8.5 ],
			"to": [ 9.7, 3.9, 8.6 ],
			"faces": {
				"down": { "uv": [ 0, 0, 0.3, 0.1000004 ], "texture": "#0" },
				"up": { "uv": [ 0, 0, 0.3, 0.1000004 ], "texture": "#0" },
				"north": { "uv": [ 12, 11, 12.3, 13.4 ], "texture": "#0" },
				"south": { "uv": [ 13, 10, 13.3, 12.4 ], "texture": "#0" },
				"west": { "uv": [ 0, 0, 0.09999999, 2.4 ], "texture": "#0" },
				"east": { "uv": [ 0, 0, 0.09999999, 2.4 ], "texture": "#0" }
			}
		},
		{
			"from": [ 6.3, 1.5, 8.5 ],
			"to": [ 6.599999, 3.9, 8.6 ],
			"faces": {
				"down": { "uv": [ 0, 0, 0.3, 0.1000004 ], "texture": "#0" },
				"up": { "uv": [ 0, 0, 0.3, 0.1000004 ], "texture": "#0" },
				"south": { "uv": [ 13, 10, 13.3, 12.4 ], "texture": "#0" },
				"west": { "uv": [ 0, 0, 0.09999999, 2.4 ], "texture": "#0" },
				"east": { "uv": [ 0, 0, 0.09999999, 2.4 ], "texture": "#0" }
			}
		},
		{
			"from": [ 6.8, 0.9, 8.5 ],
			"to": [ 9.199999, 1.2, 8.6 ],
			"faces": {
				"down": { "uv": [ 0, 0, 2.4, 0.1000004 ], "texture": "#0" },
				"up": { "uv": [ 0, 0, 2.4, 0.1000004 ], "texture": "#0" },
				"north": { "uv": [ 13, 13, 15.4, 13.3 ], "texture": "#0" },
				"south": { "uv": [ 13, 12, 15.4, 12.3 ], "texture": "#0" },
				"west": { "uv": [ 0, 0, 0.09999999, 0.3000002 ], "texture": "#0" },
				"east": { "uv": [ 0, 0, 0.09999999, 0.3000002 ], "texture": "#0" }
			}
		},
		{
			"from": [ 6.8, 4.1, 8.5 ],
			"to": [ 9.199999, 4.4, 8.6 ],
			"faces": {
				"down": { "uv": [ 0, 0, 2.4, 0.1000004 ], "texture": "#0" },
				"up": { "uv": [ 0, 0, 2.4, 0.1000004 ], "texture": "#0" },
				"north": { "uv": [ 13, 13, 15.4, 13.3 ], "texture": "#0" },
				"south": { "uv": [ 13, 12, 15.4, 12.3 ], "texture": "#0" },
				"west": { "uv": [ 0, 0, 0.09999999, 0.3000002 ], "texture": "#0" },
				"east": { "uv": [ 0, 0, 0.09999999, 0.3000002 ], "texture": "#0" }
			}
		},
		{
			"from": [ 9.9, 2, 8.5 ],
			"to": [ 10.2, 3.5, 8.6 ],
			"faces": {
				"down": { "uv": [ 0, 0, 0.3, 0.1000004 ], "texture": "#0" },
				"up": { "uv": [ 0, 0, 0.3, 0.1000004 ], "texture": "#0" },
				"south": { "uv": [ 13, 10, 13.3, 11.5 ], "texture": "#0" },
				"west": { "uv": [ 0, 0, 0.09999999, 1.5 ], "texture": "#0" },
				"east": { "uv": [ 0, 0, 0.09999999, 1.5 ], "texture": "#0" }
			}
		},
		{
			"from": [ 5.8, 2, 8.5 ],
			"to": [ 6.099999, 3.5, 8.6 ],
			"faces": {
				"down": { "uv": [ 0, 0, 0.3, 0.1000004 ], "texture": "#0" },
				"up": { "uv": [ 0, 0, 0.3, 0.1000004 ], "texture": "#0" },
				"south": { "uv": [ 13, 10, 13.3, 11.5 ], "texture": "#0" },
				"west": { "uv": [ 0, 0, 0.09999999, 1.5 ], "texture": "#0" },
				"east": { "uv": [ 0, 0, 0.09999999, 1.5 ], "texture": "#0" }
			}
		},
		{
			"from": [ 7.2, 0.5, 8.5 ],
			"to": [ 8.7, 0.8, 8.6 ],
			"faces": {
				"down": { "uv": [ 0, 0, 1.5, 0.1000004 ], "texture": "#0" },
				"up": { "uv": [ 0, 0, 1.5, 0.1000004 ], "texture": "#0" },
				"south": { "uv": [ 13, 12, 14.5, 12.3 ], "texture": "#0" },
				"west": { "uv": [ 0, 0, 0.09999999, 0.3000002 ], "texture": "#0" },
				"east": { "uv": [ 0, 0, 0.09999999, 0.3000002 ], "texture": "#0" }
			}
		},
		{
			"from": [ 7.2, 4.6, 8.5 ],
			"to": [ 8.7, 4.9, 8.6 ],
			"faces": {
				"down": { "uv": [ 0, 0, 1.5, 0.1000004 ], "texture": "#0" },
				"up": { "uv": [ 0, 0, 1.5, 0.1000004 ], "texture": "#0" },
				"north": { "uv": [ 13, 11, 14.5, 11.3 ], "texture": "#0" },
				"south": { "uv": [ 13, 11, 14.5, 11.3 ], "texture": "#0" },
				"west": { "uv": [ 0, 0, 0.09999999, 0.3000002 ], "texture": "#0" },
				"east": { "uv": [ 0, 0, 0.09999999, 0.3000002 ], "texture": "#0" }
			}
		},
		{
			"from": [ 9, 1.7, 7.3 ],
			"to": [ 9.4, 3.7, 7.5 ],
			"faces": {
				"down": { "uv": [ 0, 0, 0.4, 0.1999998 ], "texture": "#0" },
				"up": { "uv": [ 0, 0, 0.4, 0.1999998 ], "texture": "#0" },
				"north": { "uv": [ 12, 11, 12.4, 13 ], "texture": "#0" },
				"west": { "uv": [ 0, 0, 0.2, 2 ], "texture": "#0" },
				"east": { "uv": [ 0, 0, 0.2, 2 ], "texture": "#0" }
			}
		},
		{
			"from": [ 6.6, 3.2, 7.3 ],
			"to": [ 8.6, 3.7, 7.5 ],
			"faces": {
				"down": { "uv": [ 0, 0, 2, 0.1999998 ], "texture": "#0" },
				"up": { "uv": [ 0, 0, 2, 0.1999998 ], "texture": "#0" },
				"north": { "uv": [ 12, 11, 14, 11.5 ], "texture": "#0" },
				"west": { "uv": [ 0, 0, 0.2, 0.5 ], "texture": "#0" },
				"east": { "uv": [ 0, 0, 0.2, 0.5 ], "texture": "#0" }
			}
		},
		{
			"from": [ 7.4, 2.2, 7.3 ],
			"to": [ 9, 2.8, 7.5 ],
			"faces": {
				"down": { "uv": [ 0, 0, 1.6, 0.1999998 ], "texture": "#0" },
				"up": { "uv": [ 0, 0, 1.6, 0.1999998 ], "texture": "#0" },
				"north": { "uv": [ 12, 11, 13.6, 11.6 ], "texture": "#0" },
				"west": { "uv": [ 0, 0, 0.2, 0.6000004 ], "texture": "#0" },
				"east": { "uv": [ 0, 0, 0.2, 0.6000004 ], "texture": "#0" }
			}
		},
		{
			"from": [ 6.6, 1.7, 7.3 ],
			"to": [ 7, 3.2, 7.5 ],
			"faces": {
				"down": { "uv": [ 0, 0, 0.4, 0.1999998 ], "texture": "#0" },
				"up": { "uv": [ 0, 0, 0.4, 0.1999998 ], "texture": "#0" },
				"north": { "uv": [ 12, 11, 12.4, 12.5 ], "texture": "#0" },
				"west": { "uv": [ 0, 0, 0.2, 1.5 ], "texture": "#0" },
				"east": { "uv": [ 0, 0, 0.2, 1.5 ], "texture": "#0" }
			}
		},
		{
			"from": [ 7, 2.8, 7.3 ],
			"to": [ 7.4, 3.2, 7.5 ],
			"faces": {
				"down": { "uv": [ 0, 0, 0.4, 0.1999998 ], "texture": "#0" },
				"up": { "uv": [ 0, 0, 0.4, 0.1999998 ], "texture": "#0" },
				"north": { "uv": [ 12, 11, 12.4, 11.4 ], "texture": "#0" },
				"west": { "uv": [ 0, 0, 0.2, 0.3999996 ], "texture": "#0" },
				"east": { "uv": [ 0, 0, 0.2, 0.3999996 ], "texture": "#0" }
			}
		},
		{
			"from": [ 7.4, 1.8, 7.3 ],
			"to": [ 8.6, 2.2, 7.5 ],
			"faces": {
				"down": { "uv": [ 2.775558E-17, 0, 1.2, 0.1999998 ], "texture": "#0" },
				"up": { "uv": [ 0, 0, 1.2, 0.1999998 ], "texture": "#0" },
				"north": { "uv": [ 12.4, 11, 13.6, 11.4 ], "texture": "#0" },
				"west": { "uv": [ 0, 0, 0.2, 0.3999996 ], "texture": "#0" },
				"east": { "uv": [ 0, 0, 0.2, 0.3999996 ], "texture": "#0" }
			}
		},
		{
			"from": [ 7, 1.3, 7.3 ],
			"to": [ 7.4, 1.8, 7.5 ],
			"faces": {
				"down": { "uv": [ 0, 0, 0.4, 0.1999998 ], "texture": "#0" },
				"up": { "uv": [ 0, 0, 0.4, 0.1999998 ], "texture": "#0" },
				"north": { "uv": [ 13, 13, 13.4, 13.5 ], "texture": "#0" },
				"west": { "uv": [ 0, 0, 0.2, 0.5 ], "texture": "#0" },
				"east": { "uv": [ 0, 0, 0.2, 0.5 ], "texture": "#0" }
			}
		},
		{
			"from": [ 8.599999, 1.3, 7.3 ],
			"to": [ 8.999999, 1.8, 7.5 ],
			"faces": {
				"down": { "uv": [ 0, 0, 0.4, 0.1999998 ], "texture": "#0" },
				"up": { "uv": [ 0, 0, 0.4, 0.1999998 ], "texture": "#0" },
				"north": { "uv": [ 13, 13, 13.4, 13.5 ], "texture": "#0" },
				"south": { "uv": [ 14, 12, 14.4, 12.5 ], "texture": "#0" },
				"west": { "uv": [ 0, 0, 0.2, 0.5 ], "texture": "#0" },
				"east": { "uv": [ 0, 0, 0.2, 0.5 ], "texture": "#0" }
			}
		},
		{
			"from": [ 6.6, 1.7, 8.5 ],
			"to": [ 7, 3.7, 8.7 ],
			"faces": {
				"down": { "uv": [ 0, 0, 0.4, 0.1999998 ], "texture": "#0" },
				"up": { "uv": [ 0, 0, 0.4, 0.1999998 ], "texture": "#0" },
				"south": { "uv": [ 13, 10, 13.4, 12 ], "texture": "#0" },
				"west": { "uv": [ 0, 0, 0.2, 2 ], "texture": "#0" },
				"east": { "uv": [ 0, 0, 0.2, 2 ], "texture": "#0" }
			}
		},
		{
			"from": [ 7.4, 3.2, 8.5 ],
			"to": [ 9.4, 3.7, 8.7 ],
			"faces": {
				"down": { "uv": [ 0, 0, 2, 0.1999998 ], "texture": "#0" },
				"up": { "uv": [ 0, 0, 2, 0.1999998 ], "texture": "#0" },
				"south": { "uv": [ 13, 10, 15, 10.5 ], "texture": "#0" },
				"west": { "uv": [ 0, 0, 0.2, 0.5 ], "texture": "#0" },
				"east": { "uv": [ 0, 0, 0.2, 0.5 ], "texture": "#0" }
			}
		},
		{
			"from": [ 7, 2.2, 8.5 ],
			"to": [ 8.6, 2.8, 8.7 ],
			"faces": {
				"down": { "uv": [ 0, 0, 1.6, 0.1999998 ], "texture": "#0" },
				"up": { "uv": [ 0, 0, 1.6, 0.1999998 ], "texture": "#0" },
				"south": { "uv": [ 13, 10, 14.6, 10.6 ], "texture": "#0" },
				"west": { "uv": [ 0, 0, 0.2, 0.6000004 ], "texture": "#0" },
				"east": { "uv": [ 0, 0, 0.2, 0.6000004 ], "texture": "#0" }
			}
		},
		{
			"from": [ 9, 1.7, 8.5 ],
			"to": [ 9.4, 3.2, 8.7 ],
			"faces": {
				"down": { "uv": [ 0, 0, 0.4, 0.1999998 ], "texture": "#0" },
				"up": { "uv": [ 0, 0, 0.4, 0.1999998 ], "texture": "#0" },
				"south": { "uv": [ 13, 10, 13.4, 11.5 ], "texture": "#0" },
				"west": { "uv": [ 0, 0, 0.2, 1.5 ], "texture": "#0" },
				"east": { "uv": [ 0, 0, 0.2, 1.5 ], "texture": "#0" }
			}
		},
		{
			"from": [ 8.599999, 2.8, 8.5 ],
			"to": [ 8.999999, 3.2, 8.7 ],
			"faces": {
				"down": { "uv": [ 0, 0, 0.4, 0.1999998 ], "texture": "#0" },
				"up": { "uv": [ 0, 0, 0.4, 0.1999998 ], "texture": "#0" },
				"south": { "uv": [ 13, 10, 13.4, 10.4 ], "texture": "#0" },
				"west": { "uv": [ 0, 0, 0.2, 0.3999996 ], "texture": "#0" },
				"east": { "uv": [ 0, 0, 0.2, 0.3999996 ], "texture": "#0" }
			}
		},
		{
			"from": [ 7.4, 1.8, 8.5 ],
			"to": [ 8.6, 2.2, 8.7 ],
			"faces": {
				"down": { "uv": [ 2.775558E-17, 0, 1.2, 0.1999998 ], "texture": "#0" },
				"up": { "uv": [ 0, 0, 1.2, 0.1999998 ], "texture": "#0" },
				"south": { "uv": [ 12.4, 10, 13.6, 10.4 ], "texture": "#0" },
				"west": { "uv": [ 0, 0, 0.2, 0.3999996 ], "texture": "#0" },
				"east": { "uv": [ 0, 0, 0.2, 0.3999996 ], "texture": "#0" }
			}
		},
		{
			"from": [ 7, 1.3, 8.5 ],
			"to": [ 7.4, 1.8, 8.7 ],
			"faces": {
				"down": { "uv": [ 0, 0, 0.4, 0.1999998 ], "texture": "#0" },
				"up": { "uv": [ 0, 0, 0.4, 0.1999998 ], "texture": "#0" },
				"south": { "uv": [ 14, 12, 14.4, 12.5 ], "texture": "#0" },
				"west": { "uv": [ 0, 0, 0.2, 0.5 ], "texture": "#0" },
				"east": { "uv": [ 0, 0, 0.2, 0.5 ], "texture": "#0" }
			}
		},
		{
			"from": [ 8.599999, 1.3, 8.5 ],
			"to": [ 8.999999, 1.8, 8.7 ],
			"faces": {
				"down": { "uv": [ 0, 0, 0.4, 0.1999998 ], "texture": "#0" },
				"up": { "uv": [ 0, 0, 0.4, 0.1999998 ], "texture": "#0" },
				"north": { "uv": [ 13, 13, 13.4, 13.5 ], "texture": "#0" },
				"south": { "uv": [ 14, 12, 14.4, 12.5 ], "texture": "#0" },
				"west": { "uv": [ 0, 0, 0.2, 0.5 ], "texture": "#0" },
				"east": { "uv": [ 0, 0, 0.2, 0.5 ], "texture": "#0" }
			}
		}
	],
	"display": {
		"ground": {
			"translation":  [ 0, 6.7, 0 ],
			"scale":  [ 1.55, 1.55, 1.55 ]
		}
	}
}