{
    "__comment": "Model generated using MrCrayfish's Model Creator (http://mrcrayfish.com/modelcreator/)",
    "textures": {
        "0": "blocks/gold_block",
        "1": "custom/gold_new"
    },
    "elements": [
        {
            "name": "CoinMiddleA",
            "from": [ 6.499999992549419, 0.20000000298023224, 7.499999992549419 ], 
            "to": [ 9.49999999254942, 5.200000002980232, 8.49999999254942 ], 
            "faces": {
                "north": { "texture": "#0", "uv": [ 12.0, 10.0, 15.0, 15.0 ] },
                "east": { "texture": "#0", "uv": [ 0.0, 0.0, 1.0, 5.0 ] },
                "south": { "texture": "#0", "uv": [ 12.0, 10.0, 15.0, 15.0 ] },
                "west": { "texture": "#0", "uv": [ 0.0, 0.0, 1.0, 5.0 ] },
                "up": { "texture": "#0", "uv": [ 0.0, 0.0, 3.0, 1.0 ] },
                "down": { "texture": "#0", "uv": [ 0.0, 0.0, 3.0, 1.0 ] }
            }
        },
        {
            "name": "CoinMiddleB",
            "from": [ 5.499999992549419, 1.2000000029802322, 7.499999992549419 ], 
            "to": [ 10.49999999254942, 4.200000002980232, 8.49999999254942 ], 
            "faces": {
                "north": { "texture": "#0", "uv": [ 10.0, 12.0, 15.0, 15.0 ] },
                "east": { "texture": "#0", "uv": [ 0.0, 0.0, 1.0, 3.0 ] },
                "south": { "texture": "#0", "uv": [ 10.0, 12.0, 15.0, 15.0 ] },
                "west": { "texture": "#0", "uv": [ 0.0, 0.0, 1.0, 3.0 ] },
                "up": { "texture": "#0", "uv": [ 0.0, 0.0, 5.0, 1.0 ] },
                "down": { "texture": "#0", "uv": [ 0.0, 0.0, 5.0, 1.0 ] }
            }
        },
        {
            "name": "CoinMiddleC",
            "from": [ 6.0, 0.7000000104308128, 7.600000008940697 ], 
            "to": [ 10.0, 4.700000010430813, 8.400000005960464 ], 
            "faces": {
                "north": { "texture": "#0", "uv": [ 11.0, 11.0, 15.0, 15.0 ] },
                "east": { "texture": "#0", "uv": [ 0.0, 0.0, 0.7999999970197678, 4.0 ] },
                "south": { "texture": "#0", "uv": [ 11.0, 11.0, 15.0, 15.0 ] },
                "west": { "texture": "#0", "uv": [ 0.0, 0.0, 0.7999999970197678, 4.0 ] },
                "up": { "texture": "#0", "uv": [ 0.0, 0.0, 4.0, 0.7999999970197678 ] },
                "down": { "texture": "#0", "uv": [ 0.0, 0.0, 4.0, 0.7999999970197678 ] }
            }
        },
        {
            "name": "CoindMiddleD",
            "from": [ 6.200000002980232, 0.3999999910593033, 7.700000010430813 ], 
            "to": [ 9.800000011920929, 4.999999985098839, 8.300000004470348 ], 
            "faces": {
                "north": { "texture": "#0", "uv": [ 11.0, 10.0, 14.600000008940697, 14.599999994039536 ] },
                "east": { "texture": "#0", "uv": [ 0.0, 0.0, 0.5999999940395355, 4.5999999940395355 ] },
                "south": { "texture": "#0", "uv": [ 11.0, 10.0, 14.600000008940697, 14.599999994039536 ] },
                "west": { "texture": "#0", "uv": [ 0.0, 0.0, 0.5999999940395355, 4.5999999940395355 ] },
                "up": { "texture": "#0", "uv": [ 0.0, 0.0, 3.6000000089406967, 0.5999999940395355 ] },
                "down": { "texture": "#0", "uv": [ 0.0, 0.0, 3.6000000089406967, 0.5999999940395355 ] }
            }
        },
        {
            "name": "CoindMiddleE",
            "from": [ 5.699999995529652, 0.8999999985098839, 7.700000010430813 ], 
            "to": [ 10.299999995529651, 4.4999999985098835, 8.300000004470348 ], 
            "faces": {
                "north": { "texture": "#0", "uv": [ 11.0, 10.0, 15.6, 13.6 ] },
                "east": { "texture": "#0", "uv": [ 0.0, 0.0, 0.5999999940395355, 3.6 ] },
                "south": { "texture": "#0", "uv": [ 11.0, 10.0, 15.6, 13.6 ] },
                "west": { "texture": "#0", "uv": [ 0.0, 0.0, 0.5999999940395355, 3.6 ] },
                "up": { "texture": "#0", "uv": [ 0.0, 0.0, 4.6, 0.5999999940395355 ] },
                "down": { "texture": "#0", "uv": [ 0.0, 0.0, 4.6, 0.5999999940395355 ] }
            }
        },
        {
            "name": "CoindMiddleF",
            "from": [ 6.800000011920929, 0.0, 7.700000010430813 ], 
            "to": [ 9.300000004470348, 5.4000000059604645, 8.300000004470348 ], 
            "faces": {
                "north": { "texture": "#0", "uv": [ 12.0, 9.0, 14.49999999254942, 14.400000005960464 ] },
                "east": { "texture": "#0", "uv": [ 0.0, 0.0, 0.5999999940395355, 5.4000000059604645 ] },
                "south": { "texture": "#0", "uv": [ 12.0, 9.0, 14.49999999254942, 14.400000005960464 ] },
                "west": { "texture": "#0", "uv": [ 0.0, 0.0, 0.5999999940395355, 5.4000000059604645 ] },
                "up": { "texture": "#0", "uv": [ 0.0, 0.0, 2.4999999925494194, 0.5999999940395355 ] },
                "down": { "texture": "#0", "uv": [ 0.0, 0.0, 2.4999999925494194, 0.5999999940395355 ] }
            }
        },
        {
            "name": "CoinMiddleG",
            "from": [ 5.299999989569187, 1.4999999925494194, 7.700000010430813 ], 
            "to": [ 10.699999989569188, 3.9999999925494194, 8.300000004470348 ], 
            "faces": {
                "north": { "texture": "#0", "uv": [ 11.0, 10.0, 15.4, 12.5 ] },
                "east": { "texture": "#0", "uv": [ 0.0, 0.0, 0.5999999940395355, 2.5 ] },
                "south": { "texture": "#0", "uv": [ 11.0, 10.0, 15.4, 12.5 ] },
                "west": { "texture": "#0", "uv": [ 0.0, 0.0, 0.5999999940395355, 2.5 ] },
                "up": { "texture": "#0", "uv": [ 0.0, 0.0, 5.4, 0.5999999940395355 ] },
                "down": { "texture": "#0", "uv": [ 0.0, 0.0, 5.4, 0.5999999940395355 ] }
            }
        },
        {
            "name": "FrontEdgeA",
            "from": [ 7.000000014901161, 0.7999999970197678, 7.300000004470348 ], 
            "to": [ 9.000000014901161, 1.2999999895691872, 7.499999992549419 ], 
            "faces": {
                "north": { "texture": "#0", "uv": [ 13.0, 13.0, 15.0, 13.49999999254942 ] },
                "east": { "texture": "#0", "uv": [ 0.0, 0.0, 0.19999998807907104, 0.4999999925494194 ] },
                "south": { "texture": "#0", "uv": [ 13.0, 12.0, 15.0, 12.49999999254942 ] },
                "west": { "texture": "#0", "uv": [ 0.0, 0.0, 0.19999998807907104, 0.4999999925494194 ] },
                "up": { "texture": "#0", "uv": [ 0.0, 0.0, 2.0, 0.19999998807907104 ] },
                "down": { "texture": "#0", "uv": [ 0.0, 0.0, 2.0, 0.19999998807907104 ] }
            }
        },
        {
            "name": "FrontEdgeB",
            "from": [ 7.000000014901161, 4.100000001490116, 7.300000004470348 ], 
            "to": [ 9.000000014901161, 4.5999999940395355, 7.499999992549419 ], 
            "faces": {
                "north": { "texture": "#0", "uv": [ 12.0, 11.0, 14.0, 11.49999999254942 ] },
                "east": { "texture": "#0", "uv": [ 0.0, 0.0, 0.19999998807907104, 0.4999999925494194 ] },
                "south": { "texture": "#0", "uv": [ 13.0, 10.0, 15.0, 10.49999999254942 ] },
                "west": { "texture": "#0", "uv": [ 0.0, 0.0, 0.19999998807907104, 0.4999999925494194 ] },
                "up": { "texture": "#0", "uv": [ 0.0, 0.0, 2.0, 0.19999998807907104 ] },
                "down": { "texture": "#0", "uv": [ 0.0, 0.0, 2.0, 0.19999998807907104 ] }
            }
        },
        {
            "name": "FrontEdgeC",
            "from": [ 6.100000001490116, 1.6999999955296516, 7.300000004470348 ], 
            "to": [ 6.600000001490116, 3.6999999955296516, 7.499999992549419 ], 
            "faces": {
                "north": { "texture": "#0", "uv": [ 12.0, 11.0, 12.5, 13.0 ] },
                "east": { "texture": "#0", "uv": [ 0.0, 0.0, 0.19999998807907104, 2.0 ] },
                "south": { "texture": "#0", "uv": [ 13.0, 10.0, 13.5, 12.0 ] },
                "west": { "texture": "#0", "uv": [ 0.0, 0.0, 0.19999998807907104, 2.0 ] },
                "up": { "texture": "#0", "uv": [ 0.0, 0.0, 0.5, 0.19999998807907104 ] },
                "down": { "texture": "#0", "uv": [ 0.0, 0.0, 0.5, 0.19999998807907104 ] }
            }
        },
        {
            "name": "FrontEdgeD",
            "from": [ 9.400000050663948, 1.6999999955296516, 7.300000004470348 ], 
            "to": [ 9.900000050663948, 3.6999999955296516, 7.499999992549419 ], 
            "faces": {
                "north": { "texture": "#0", "uv": [ 12.0, 11.0, 12.5, 13.0 ] },
                "east": { "texture": "#0", "uv": [ 0.0, 0.0, 0.19999998807907104, 2.0 ] },
                "south": { "texture": "#0", "uv": [ 13.0, 10.0, 13.5, 12.0 ] },
                "west": { "texture": "#0", "uv": [ 0.0, 0.0, 0.19999998807907104, 2.0 ] },
                "up": { "texture": "#0", "uv": [ 0.0, 0.0, 0.5, 0.19999998807907104 ] },
                "down": { "texture": "#0", "uv": [ 0.0, 0.0, 0.5, 0.19999998807907104 ] }
            }
        },
        {
            "name": "FrontCover",
            "from": [ 6.600000038743019, 1.2999999895691872, 7.4000000059604645 ], 
            "to": [ 9.400000043213367, 4.100000001490116, 7.499999992549419 ], 
            "faces": {
                "north": { "texture": "#1", "uv": [ 12.0, 11.0, 14.800000004470348, 13.800000011920929 ] },
                "east": { "texture": "#1", "uv": [ 0.0, 0.0, 0.09999998658895493, 2.800000011920929 ] },
                "south": { "texture": "#1", "uv": [ 13.0, 10.0, 15.800000004470348, 12.800000011920929 ] },
                "west": { "texture": "#1", "uv": [ 0.0, 0.0, 0.09999998658895493, 2.800000011920929 ] },
                "up": { "texture": "#1", "uv": [ 0.0, 0.0, 2.8000000044703484, 0.09999998658895493 ] },
                "down": { "texture": "#1", "uv": [ 0.0, 0.0, 2.8000000044703484, 0.09999998658895493 ] }
            }
        },
        {
            "name": "FrontCornerA",
            "from": [ 9.000000044703484, 3.6999999955296516, 7.300000004470348 ], 
            "to": [ 9.500000044703484, 4.199999995529652, 7.499999992549419 ], 
            "faces": {
                "north": { "texture": "#0", "uv": [ 12.0, 11.0, 12.5, 11.5 ] },
                "east": { "texture": "#0", "uv": [ 0.0, 0.0, 0.19999998807907104, 0.5 ] },
                "south": { "texture": "#0", "uv": [ 13.0, 10.0, 13.5, 10.5 ] },
                "west": { "texture": "#0", "uv": [ 0.0, 0.0, 0.19999998807907104, 0.5 ] },
                "up": { "texture": "#0", "uv": [ 0.0, 0.0, 0.5, 0.19999998807907104 ] },
                "down": { "texture": "#0", "uv": [ 0.0, 0.0, 0.5, 0.19999998807907104 ] }
            }
        },
        {
            "name": "FrontCornerB",
            "from": [ 6.500000052154064, 3.6999999955296516, 7.300000004470348 ], 
            "to": [ 7.000000052154064, 4.199999995529652, 7.499999992549419 ], 
            "faces": {
                "north": { "texture": "#0", "uv": [ 12.0, 11.0, 12.5, 11.5 ] },
                "east": { "texture": "#0", "uv": [ 0.0, 0.0, 0.19999998807907104, 0.5 ] },
                "south": { "texture": "#0", "uv": [ 13.0, 10.0, 13.5, 10.5 ] },
                "west": { "texture": "#0", "uv": [ 0.0, 0.0, 0.19999998807907104, 0.5 ] },
                "up": { "texture": "#0", "uv": [ 0.0, 0.0, 0.5, 0.19999998807907104 ] },
                "down": { "texture": "#0", "uv": [ 0.0, 0.0, 0.5, 0.19999998807907104 ] }
            }
        },
        {
            "name": "FrontCornerC",
            "from": [ 6.500000052154064, 1.1999999582767487, 7.300000004470348 ], 
            "to": [ 7.000000052154064, 1.6999999582767487, 7.499999992549419 ], 
            "faces": {
                "north": { "texture": "#0", "uv": [ 13.0, 13.0, 13.5, 13.5 ] },
                "east": { "texture": "#0", "uv": [ 0.0, 0.0, 0.19999998807907104, 0.5 ] },
                "south": { "texture": "#0", "uv": [ 13.0, 12.0, 13.5, 12.5 ] },
                "west": { "texture": "#0", "uv": [ 0.0, 0.0, 0.19999998807907104, 0.5 ] },
                "up": { "texture": "#0", "uv": [ 0.0, 0.0, 0.5, 0.19999998807907104 ] },
                "down": { "texture": "#0", "uv": [ 0.0, 0.0, 0.5, 0.19999998807907104 ] }
            }
        },
        {
            "name": "FrontCornerD",
            "from": [ 9.000000044703484, 1.1999999582767487, 7.300000004470348 ], 
            "to": [ 9.500000044703484, 1.6999999582767487, 7.499999992549419 ], 
            "faces": {
                "north": { "texture": "#0", "uv": [ 13.0, 13.0, 13.5, 13.5 ] },
                "east": { "texture": "#0", "uv": [ 0.0, 0.0, 0.19999998807907104, 0.5 ] },
                "south": { "texture": "#0", "uv": [ 13.0, 12.0, 13.5, 12.5 ] },
                "west": { "texture": "#0", "uv": [ 0.0, 0.0, 0.19999998807907104, 0.5 ] },
                "up": { "texture": "#0", "uv": [ 0.0, 0.0, 0.5, 0.19999998807907104 ] },
                "down": { "texture": "#0", "uv": [ 0.0, 0.0, 0.5, 0.19999998807907104 ] }
            }
        },
        {
            "name": "FrontExtraA",
            "from": [ 9.400000050663948, 1.4999999925494194, 7.4000000059604645 ], 
            "to": [ 9.700000047683716, 3.899999998509884, 7.499999992549419 ], 
            "faces": {
                "north": { "texture": "#0", "uv": [ 12.0, 11.0, 12.299999997019768, 13.400000005960464 ] },
                "east": { "texture": "#0", "uv": [ 0.0, 0.0, 0.09999998658895493, 2.4000000059604645 ] },
                "south": { "texture": "#0", "uv": [ 13.0, 10.0, 13.299999997019768, 12.400000005960464 ] },
                "west": { "texture": "#0", "uv": [ 0.0, 0.0, 0.09999998658895493, 2.4000000059604645 ] },
                "up": { "texture": "#0", "uv": [ 0.0, 0.0, 0.29999999701976776, 0.09999998658895493 ] },
                "down": { "texture": "#0", "uv": [ 0.0, 0.0, 0.29999999701976776, 0.09999998658895493 ] }
            }
        },
        {
            "name": "FrontExtraB",
            "from": [ 6.3000000193715096, 1.4999999925494194, 7.4000000059604645 ], 
            "to": [ 6.600000016391277, 3.899999998509884, 7.499999992549419 ], 
            "faces": {
                "north": { "texture": "#0", "uv": [ 12.0, 11.0, 12.299999997019768, 13.400000005960464 ] },
                "east": { "texture": "#0", "uv": [ 0.0, 0.0, 0.09999998658895493, 2.4000000059604645 ] },
                "south": { "texture": "#0", "uv": [ 13.0, 10.0, 13.299999997019768, 12.400000005960464 ] },
                "west": { "texture": "#0", "uv": [ 0.0, 0.0, 0.09999998658895493, 2.4000000059604645 ] },
                "up": { "texture": "#0", "uv": [ 0.0, 0.0, 0.29999999701976776, 0.09999998658895493 ] },
                "down": { "texture": "#0", "uv": [ 0.0, 0.0, 0.29999999701976776, 0.09999998658895493 ] }
            }
        },
        {
            "name": "FrontExtraC",
            "from": [ 6.800000011920929, 0.8999999985098839, 7.4000000059604645 ], 
            "to": [ 9.20000001192093, 1.199999998509884, 7.499999992549419 ], 
            "faces": {
                "north": { "texture": "#0", "uv": [ 13.0, 13.0, 15.4, 13.3 ] },
                "east": { "texture": "#0", "uv": [ 0.0, 0.0, 0.09999998658895493, 0.3 ] },
                "south": { "texture": "#0", "uv": [ 13.0, 12.0, 15.4, 12.3 ] },
                "west": { "texture": "#0", "uv": [ 0.0, 0.0, 0.09999998658895493, 0.3 ] },
                "up": { "texture": "#0", "uv": [ 0.0, 0.0, 2.4, 0.09999998658895493 ] },
                "down": { "texture": "#0", "uv": [ 0.0, 0.0, 2.4, 0.09999998658895493 ] }
            }
        },
        {
            "name": "FrontExtraD",
            "from": [ 6.800000011920929, 4.099999986588955, 7.4000000059604645 ], 
            "to": [ 9.20000001192093, 4.399999986588955, 7.499999992549419 ], 
            "faces": {
                "north": { "texture": "#0", "uv": [ 13.0, 13.0, 15.4, 13.3 ] },
                "east": { "texture": "#0", "uv": [ 0.0, 0.0, 0.09999998658895493, 0.3 ] },
                "south": { "texture": "#0", "uv": [ 13.0, 12.0, 15.4, 12.3 ] },
                "west": { "texture": "#0", "uv": [ 0.0, 0.0, 0.09999998658895493, 0.3 ] },
                "up": { "texture": "#0", "uv": [ 0.0, 0.0, 2.4, 0.09999998658895493 ] },
                "down": { "texture": "#0", "uv": [ 0.0, 0.0, 2.4, 0.09999998658895493 ] }
            }
        },
        {
            "name": "FrontExtra2A",
            "from": [ 9.900000058114529, 2.0, 7.4000000059604645 ], 
            "to": [ 10.200000055134296, 3.4999999925494194, 7.499999992549419 ], 
            "faces": {
                "north": { "texture": "#0", "uv": [ 12.0, 11.0, 12.299999997019768, 12.49999999254942 ] },
                "east": { "texture": "#0", "uv": [ 0.0, 0.0, 0.09999998658895493, 1.4999999925494194 ] },
                "south": { "texture": "#0", "uv": [ 13.0, 10.0, 13.299999997019768, 11.49999999254942 ] },
                "west": { "texture": "#0", "uv": [ 0.0, 0.0, 0.09999998658895493, 1.4999999925494194 ] },
                "up": { "texture": "#0", "uv": [ 0.0, 0.0, 0.29999999701976776, 0.09999998658895493 ] },
                "down": { "texture": "#0", "uv": [ 0.0, 0.0, 0.29999999701976776, 0.09999998658895493 ] }
            }
        },
        {
            "name": "FrontExtra2B",
            "from": [ 5.8000000566244125, 2.0, 7.4000000059604645 ], 
            "to": [ 6.10000005364418, 3.4999999925494194, 7.499999992549419 ], 
            "faces": {
                "north": { "texture": "#0", "uv": [ 12.0, 11.0, 12.299999997019768, 12.49999999254942 ] },
                "east": { "texture": "#0", "uv": [ 0.0, 0.0, 0.09999998658895493, 1.4999999925494194 ] },
                "south": { "texture": "#0", "uv": [ 13.0, 10.0, 13.299999997019768, 11.49999999254942 ] },
                "west": { "texture": "#0", "uv": [ 0.0, 0.0, 0.09999998658895493, 1.4999999925494194 ] },
                "up": { "texture": "#0", "uv": [ 0.0, 0.0, 0.29999999701976776, 0.09999998658895493 ] },
                "down": { "texture": "#0", "uv": [ 0.0, 0.0, 0.29999999701976776, 0.09999998658895493 ] }
            }
        },
        {
            "name": "FrontExtra2C",
            "from": [ 7.200000017881393, 0.4999999925494194, 7.4000000059604645 ], 
            "to": [ 8.700000017881393, 0.7999999925494194, 7.499999992549419 ], 
            "faces": {
                "north": { "texture": "#0", "uv": [ 13.0, 13.0, 14.5, 13.3 ] },
                "east": { "texture": "#0", "uv": [ 0.0, 0.0, 0.09999998658895493, 0.3 ] },
                "south": { "texture": "#0", "uv": [ 13.0, 12.0, 14.5, 12.3 ] },
                "west": { "texture": "#0", "uv": [ 0.0, 0.0, 0.09999998658895493, 0.3 ] },
                "up": { "texture": "#0", "uv": [ 0.0, 0.0, 1.5, 0.09999998658895493 ] },
                "down": { "texture": "#0", "uv": [ 0.0, 0.0, 1.5, 0.09999998658895493 ] }
            }
        },
        {
            "name": "FrontExtra2D",
            "from": [ 7.200000017881393, 4.5999999940395355, 7.4000000059604645 ], 
            "to": [ 8.700000017881393, 4.899999994039535, 7.499999992549419 ], 
            "faces": {
                "north": { "texture": "#0", "uv": [ 13.0, 11.0, 14.5, 11.3 ] },
                "east": { "texture": "#0", "uv": [ 0.0, 0.0, 0.09999998658895493, 0.3 ] },
                "south": { "texture": "#0", "uv": [ 13.0, 11.0, 14.5, 11.3 ] },
                "west": { "texture": "#0", "uv": [ 0.0, 0.0, 0.09999998658895493, 0.3 ] },
                "up": { "texture": "#0", "uv": [ 0.0, 0.0, 1.5, 0.09999998658895493 ] },
                "down": { "texture": "#0", "uv": [ 0.0, 0.0, 1.5, 0.09999998658895493 ] }
            }
        },
        {
            "name": "FrontOneA",
            "from": [ 9.000000044703484, 1.6999999955296516, 7.300000004470348 ], 
            "to": [ 9.400000043213367, 3.7000000178813934, 7.499999992549419 ], 
            "faces": {
                "north": { "texture": "#0", "uv": [ 12.0, 11.0, 12.399999998509884, 13.000000022351742 ] },
                "east": { "texture": "#0", "uv": [ 0.0, 0.0, 0.19999998807907104, 2.000000022351742 ] },
                "south": { "texture": "#0", "uv": [ 13.0, 10.0, 13.399999998509884, 12.000000022351742 ] },
                "west": { "texture": "#0", "uv": [ 0.0, 0.0, 0.19999998807907104, 2.000000022351742 ] },
                "up": { "texture": "#0", "uv": [ 0.0, 0.0, 0.3999999985098839, 0.19999998807907104 ] },
                "down": { "texture": "#0", "uv": [ 0.0, 0.0, 0.3999999985098839, 0.19999998807907104 ] }
            }
        },
        {
            "name": "FrontOneB",
            "from": [ 6.600000008940697, 1.6999999955296516, 7.300000004470348 ], 
            "to": [ 7.000000007450581, 3.7000000178813934, 7.499999992549419 ], 
            "faces": {
                "north": { "texture": "#0", "uv": [ 12.0, 11.0, 12.399999998509884, 13.000000022351742 ] },
                "east": { "texture": "#0", "uv": [ 0.0, 0.0, 0.19999998807907104, 2.000000022351742 ] },
                "south": { "texture": "#0", "uv": [ 13.0, 10.0, 13.399999998509884, 12.000000022351742 ] },
                "west": { "texture": "#0", "uv": [ 0.0, 0.0, 0.19999998807907104, 2.000000022351742 ] },
                "up": { "texture": "#0", "uv": [ 0.0, 0.0, 0.3999999985098839, 0.19999998807907104 ] },
                "down": { "texture": "#0", "uv": [ 0.0, 0.0, 0.3999999985098839, 0.19999998807907104 ] }
            }
        },
        {
            "name": "FrontOneC",
            "from": [ 8.700000040233135, 1.2999999895691872, 7.300000004470348 ], 
            "to": [ 9.000000037252903, 4.100000023841858, 7.499999992549419 ], 
            "faces": {
                "north": { "texture": "#0", "uv": [ 12.0, 10.600000000000001, 12.299999997019768, 13.400000034272672 ] },
                "east": { "texture": "#0", "uv": [ 0.0, 0.0, 0.19999998807907104, 2.8000000342726707 ] },
                "south": { "texture": "#0", "uv": [ 13.0, 10.600000000000001, 13.299999997019768, 13.400000034272672 ] },
                "west": { "texture": "#0", "uv": [ 0.0, 0.0, 0.19999998807907104, 2.8000000342726707 ] },
                "up": { "texture": "#0", "uv": [ 0.0, 0.0, 0.29999999701976776, 0.19999998807907104 ] },
                "down": { "texture": "#0", "uv": [ 0.0, 0.0, 0.19999999552965164, 0.19999998807907104 ] }
            }
        },
        {
            "name": "FrontOneD",
            "from": [ 7.000000014901161, 1.2999999895691872, 7.300000004470348 ], 
            "to": [ 7.600000016391277, 4.100000023841858, 7.499999992549419 ], 
            "faces": {
                "north": { "texture": "#0", "uv": [ 12.0, 11.0, 12.600000001490116, 13.80000003427267 ] },
                "east": { "texture": "#0", "uv": [ 0.0, 0.0, 0.19999998807907104, 2.8000000342726707 ] },
                "south": { "texture": "#0", "uv": [ 13.0, 10.0, 13.600000001490116, 12.80000003427267 ] },
                "west": { "texture": "#0", "uv": [ 0.0, 0.0, 0.19999998807907104, 2.8000000342726707 ] },
                "up": { "texture": "#0", "uv": [ 0.0, 0.0, 0.6000000014901161, 0.19999998807907104 ] },
                "down": { "texture": "#0", "uv": [ 0.0, 0.0, 0.6000000014901161, 0.19999998807907104 ] }
            }
        },
        {
            "name": "FrontOneE",
            "from": [ 8.200000032782555, 1.2999999895691872, 7.300000004470348 ], 
            "to": [ 8.700000032782555, 3.5000000298023224, 7.499999992549419 ], 
            "faces": {
                "north": { "texture": "#0", "uv": [ 12.0, 11.0, 12.5, 13.200000040233135 ] },
                "east": { "texture": "#0", "uv": [ 0.0, 0.0, 0.19999998807907104, 2.2000000402331352 ] },
                "south": { "texture": "#0", "uv": [ 13.0, 10.0, 13.5, 12.200000040233135 ] },
                "west": { "texture": "#0", "uv": [ 0.0, 0.0, 0.19999998807907104, 2.2000000402331352 ] },
                "up": { "texture": "#0", "uv": [ 0.0, 0.0, 0.5, 0.19999998807907104 ] },
                "down": { "texture": "#0", "uv": [ 0.0, 0.0, 0.5, 0.19999998807907104 ] }
            }
        },
        {
            "name": "BackEdgeA",
            "from": [ 7.000000014901161, 0.7999999970197678, 8.49999999254942 ], 
            "to": [ 9.000000014901161, 1.2999999895691872, 8.69999998062849 ], 
            "faces": {
                "north": { "texture": "#0", "uv": [ 13.0, 13.0, 15.0, 13.49999999254942 ] },
                "east": { "texture": "#0", "uv": [ 0.0, 0.0, 0.19999998807907104, 0.4999999925494194 ] },
                "south": { "texture": "#0", "uv": [ 13.0, 12.0, 15.0, 12.49999999254942 ] },
                "west": { "texture": "#0", "uv": [ 0.0, 0.0, 0.19999998807907104, 0.4999999925494194 ] },
                "up": { "texture": "#0", "uv": [ 0.0, 0.0, 2.0, 0.19999998807907104 ] },
                "down": { "texture": "#0", "uv": [ 0.0, 0.0, 2.0, 0.19999998807907104 ] }
            }
        },
        {
            "name": "BackEdgeB",
            "from": [ 7.000000014901161, 4.100000001490116, 8.49999999254942 ], 
            "to": [ 9.000000014901161, 4.5999999940395355, 8.69999998062849 ], 
            "faces": {
                "north": { "texture": "#0", "uv": [ 12.0, 11.0, 14.0, 11.49999999254942 ] },
                "east": { "texture": "#0", "uv": [ 0.0, 0.0, 0.19999998807907104, 0.4999999925494194 ] },
                "south": { "texture": "#0", "uv": [ 13.0, 10.0, 15.0, 10.49999999254942 ] },
                "west": { "texture": "#0", "uv": [ 0.0, 0.0, 0.19999998807907104, 0.4999999925494194 ] },
                "up": { "texture": "#0", "uv": [ 0.0, 0.0, 2.0, 0.19999998807907104 ] },
                "down": { "texture": "#0", "uv": [ 0.0, 0.0, 2.0, 0.19999998807907104 ] }
            }
        },
        {
            "name": "BackEdgeC",
            "from": [ 6.100000001490116, 1.6999999955296516, 8.50000000745058 ], 
            "to": [ 6.600000001490116, 3.6999999955296516, 8.699999995529652 ], 
            "faces": {
                "north": { "texture": "#0", "uv": [ 12.0, 11.0, 12.5, 13.0 ] },
                "east": { "texture": "#0", "uv": [ 0.0, 0.0, 0.19999998807907104, 2.0 ] },
                "south": { "texture": "#0", "uv": [ 13.0, 10.0, 13.5, 12.0 ] },
                "west": { "texture": "#0", "uv": [ 0.0, 0.0, 0.19999998807907104, 2.0 ] },
                "up": { "texture": "#0", "uv": [ 0.0, 0.0, 0.5, 0.19999998807907104 ] },
                "down": { "texture": "#0", "uv": [ 0.0, 0.0, 0.5, 0.19999998807907104 ] }
            }
        },
        {
            "name": "BackEdgeD",
            "from": [ 9.400000050663948, 1.6999999955296516, 8.50000000745058 ], 
            "to": [ 9.900000050663948, 3.6999999955296516, 8.699999995529652 ], 
            "faces": {
                "north": { "texture": "#0", "uv": [ 12.0, 11.0, 12.5, 13.0 ] },
                "east": { "texture": "#0", "uv": [ 0.0, 0.0, 0.19999998807907104, 2.0 ] },
                "south": { "texture": "#0", "uv": [ 13.0, 10.0, 13.5, 12.0 ] },
                "west": { "texture": "#0", "uv": [ 0.0, 0.0, 0.19999998807907104, 2.0 ] },
                "up": { "texture": "#0", "uv": [ 0.0, 0.0, 0.5, 0.19999998807907104 ] },
                "down": { "texture": "#0", "uv": [ 0.0, 0.0, 0.5, 0.19999998807907104 ] }
            }
        },
        {
            "name": "BackCover",
            "from": [ 6.600000038743019, 1.2999999895691872, 8.50000000745058 ], 
            "to": [ 9.400000043213367, 4.100000001490116, 8.599999994039536 ], 
            "faces": {
                "north": { "texture": "#1", "uv": [ 12.0, 11.0, 14.800000004470348, 13.800000011920929 ] },
                "east": { "texture": "#1", "uv": [ 0.0, 0.0, 0.09999998658895493, 2.800000011920929 ] },
                "south": { "texture": "#1", "uv": [ 13.0, 10.0, 15.800000004470348, 12.800000011920929 ] },
                "west": { "texture": "#1", "uv": [ 0.0, 0.0, 0.09999998658895493, 2.800000011920929 ] },
                "up": { "texture": "#1", "uv": [ 0.0, 0.0, 2.8000000044703484, 0.09999998658895493 ] },
                "down": { "texture": "#1", "uv": [ 0.0, 0.0, 2.8000000044703484, 0.09999998658895493 ] }
            }
        },
        {
            "name": "BackCornerA",
            "from": [ 9.000000044703484, 3.6999999955296516, 8.50000000745058 ], 
            "to": [ 9.500000044703484, 4.199999995529652, 8.699999995529652 ], 
            "faces": {
                "north": { "texture": "#0", "uv": [ 12.0, 11.0, 12.5, 11.5 ] },
                "east": { "texture": "#0", "uv": [ 0.0, 0.0, 0.19999998807907104, 0.5 ] },
                "south": { "texture": "#0", "uv": [ 13.0, 10.0, 13.5, 10.5 ] },
                "west": { "texture": "#0", "uv": [ 0.0, 0.0, 0.19999998807907104, 0.5 ] },
                "up": { "texture": "#0", "uv": [ 0.0, 0.0, 0.5, 0.19999998807907104 ] },
                "down": { "texture": "#0", "uv": [ 0.0, 0.0, 0.5, 0.19999998807907104 ] }
            }
        },
        {
            "name": "BackCornerB",
            "from": [ 6.500000052154064, 3.6999999955296516, 8.50000000745058 ], 
            "to": [ 7.000000052154064, 4.199999995529652, 8.699999995529652 ], 
            "faces": {
                "north": { "texture": "#0", "uv": [ 12.0, 11.0, 12.5, 11.5 ] },
                "east": { "texture": "#0", "uv": [ 0.0, 0.0, 0.19999998807907104, 0.5 ] },
                "south": { "texture": "#0", "uv": [ 13.0, 10.0, 13.5, 10.5 ] },
                "west": { "texture": "#0", "uv": [ 0.0, 0.0, 0.19999998807907104, 0.5 ] },
                "up": { "texture": "#0", "uv": [ 0.0, 0.0, 0.5, 0.19999998807907104 ] },
                "down": { "texture": "#0", "uv": [ 0.0, 0.0, 0.5, 0.19999998807907104 ] }
            }
        },
        {
            "name": "BackCornerC",
            "from": [ 6.500000052154064, 1.1999999582767487, 8.50000000745058 ], 
            "to": [ 7.000000052154064, 1.6999999582767487, 8.699999995529652 ], 
            "faces": {
                "north": { "texture": "#0", "uv": [ 13.0, 13.0, 13.5, 13.5 ] },
                "east": { "texture": "#0", "uv": [ 0.0, 0.0, 0.19999998807907104, 0.5 ] },
                "south": { "texture": "#0", "uv": [ 13.0, 12.0, 13.5, 12.5 ] },
                "west": { "texture": "#0", "uv": [ 0.0, 0.0, 0.19999998807907104, 0.5 ] },
                "up": { "texture": "#0", "uv": [ 0.0, 0.0, 0.5, 0.19999998807907104 ] },
                "down": { "texture": "#0", "uv": [ 0.0, 0.0, 0.5, 0.19999998807907104 ] }
            }
        },
        {
            "name": "BackCornerD",
            "from": [ 9.000000044703484, 1.1999999582767487, 8.50000000745058 ], 
            "to": [ 9.500000044703484, 1.6999999582767487, 8.699999995529652 ], 
            "faces": {
                "north": { "texture": "#0", "uv": [ 13.0, 13.0, 13.5, 13.5 ] },
                "east": { "texture": "#0", "uv": [ 0.0, 0.0, 0.19999998807907104, 0.5 ] },
                "south": { "texture": "#0", "uv": [ 13.0, 12.0, 13.5, 12.5 ] },
                "west": { "texture": "#0", "uv": [ 0.0, 0.0, 0.19999998807907104, 0.5 ] },
                "up": { "texture": "#0", "uv": [ 0.0, 0.0, 0.5, 0.19999998807907104 ] },
                "down": { "texture": "#0", "uv": [ 0.0, 0.0, 0.5, 0.19999998807907104 ] }
            }
        },
        {
            "name": "BackExtraA",
            "from": [ 9.400000050663948, 1.4999999925494194, 8.50000000745058 ], 
            "to": [ 9.700000047683716, 3.899999998509884, 8.599999994039536 ], 
            "faces": {
                "north": { "texture": "#0", "uv": [ 12.0, 11.0, 12.299999997019768, 13.400000005960464 ] },
                "east": { "texture": "#0", "uv": [ 0.0, 0.0, 0.09999998658895493, 2.4000000059604645 ] },
                "south": { "texture": "#0", "uv": [ 13.0, 10.0, 13.299999997019768, 12.400000005960464 ] },
                "west": { "texture": "#0", "uv": [ 0.0, 0.0, 0.09999998658895493, 2.4000000059604645 ] },
                "up": { "texture": "#0", "uv": [ 0.0, 0.0, 0.29999999701976776, 0.09999998658895493 ] },
                "down": { "texture": "#0", "uv": [ 0.0, 0.0, 0.29999999701976776, 0.09999998658895493 ] }
            }
        },
        {
            "name": "BackExtraB",
            "from": [ 6.3000000193715096, 1.4999999925494194, 8.50000000745058 ], 
            "to": [ 6.600000016391277, 3.899999998509884, 8.599999994039536 ], 
            "faces": {
                "north": { "texture": "#0", "uv": [ 12.0, 11.0, 12.299999997019768, 13.400000005960464 ] },
                "east": { "texture": "#0", "uv": [ 0.0, 0.0, 0.09999998658895493, 2.4000000059604645 ] },
                "south": { "texture": "#0", "uv": [ 13.0, 10.0, 13.299999997019768, 12.400000005960464 ] },
                "west": { "texture": "#0", "uv": [ 0.0, 0.0, 0.09999998658895493, 2.4000000059604645 ] },
                "up": { "texture": "#0", "uv": [ 0.0, 0.0, 0.29999999701976776, 0.09999998658895493 ] },
                "down": { "texture": "#0", "uv": [ 0.0, 0.0, 0.29999999701976776, 0.09999998658895493 ] }
            }
        },
        {
            "name": "BackExtraC",
            "from": [ 6.800000011920929, 0.8999999985098839, 8.50000000745058 ], 
            "to": [ 9.20000001192093, 1.199999998509884, 8.599999994039536 ], 
            "faces": {
                "north": { "texture": "#0", "uv": [ 13.0, 13.0, 15.4, 13.3 ] },
                "east": { "texture": "#0", "uv": [ 0.0, 0.0, 0.09999998658895493, 0.3 ] },
                "south": { "texture": "#0", "uv": [ 13.0, 12.0, 15.4, 12.3 ] },
                "west": { "texture": "#0", "uv": [ 0.0, 0.0, 0.09999998658895493, 0.3 ] },
                "up": { "texture": "#0", "uv": [ 0.0, 0.0, 2.4, 0.09999998658895493 ] },
                "down": { "texture": "#0", "uv": [ 0.0, 0.0, 2.4, 0.09999998658895493 ] }
            }
        },
        {
            "name": "BackExtraD",
            "from": [ 6.800000011920929, 4.099999986588955, 8.50000000745058 ], 
            "to": [ 9.20000001192093, 4.399999986588955, 8.599999994039536 ], 
            "faces": {
                "north": { "texture": "#0", "uv": [ 13.0, 13.0, 15.4, 13.3 ] },
                "east": { "texture": "#0", "uv": [ 0.0, 0.0, 0.09999998658895493, 0.3 ] },
                "south": { "texture": "#0", "uv": [ 13.0, 12.0, 15.4, 12.3 ] },
                "west": { "texture": "#0", "uv": [ 0.0, 0.0, 0.09999998658895493, 0.3 ] },
                "up": { "texture": "#0", "uv": [ 0.0, 0.0, 2.4, 0.09999998658895493 ] },
                "down": { "texture": "#0", "uv": [ 0.0, 0.0, 2.4, 0.09999998658895493 ] }
            }
        },
        {
            "name": "BackExtra2A",
            "from": [ 9.900000058114529, 2.0, 8.50000000745058 ], 
            "to": [ 10.200000055134296, 3.4999999925494194, 8.599999994039536 ], 
            "faces": {
                "north": { "texture": "#0", "uv": [ 12.0, 11.0, 12.299999997019768, 12.49999999254942 ] },
                "east": { "texture": "#0", "uv": [ 0.0, 0.0, 0.09999998658895493, 1.4999999925494194 ] },
                "south": { "texture": "#0", "uv": [ 13.0, 10.0, 13.299999997019768, 11.49999999254942 ] },
                "west": { "texture": "#0", "uv": [ 0.0, 0.0, 0.09999998658895493, 1.4999999925494194 ] },
                "up": { "texture": "#0", "uv": [ 0.0, 0.0, 0.29999999701976776, 0.09999998658895493 ] },
                "down": { "texture": "#0", "uv": [ 0.0, 0.0, 0.29999999701976776, 0.09999998658895493 ] }
            }
        },
        {
            "name": "BackExtra2B",
            "from": [ 5.8000000566244125, 2.0, 8.50000000745058 ], 
            "to": [ 6.10000005364418, 3.4999999925494194, 8.599999994039536 ], 
            "faces": {
                "north": { "texture": "#0", "uv": [ 12.0, 11.0, 12.299999997019768, 12.49999999254942 ] },
                "east": { "texture": "#0", "uv": [ 0.0, 0.0, 0.09999998658895493, 1.4999999925494194 ] },
                "south": { "texture": "#0", "uv": [ 13.0, 10.0, 13.299999997019768, 11.49999999254942 ] },
                "west": { "texture": "#0", "uv": [ 0.0, 0.0, 0.09999998658895493, 1.4999999925494194 ] },
                "up": { "texture": "#0", "uv": [ 0.0, 0.0, 0.29999999701976776, 0.09999998658895493 ] },
                "down": { "texture": "#0", "uv": [ 0.0, 0.0, 0.29999999701976776, 0.09999998658895493 ] }
            }
        },
        {
            "name": "BackExtra2C",
            "from": [ 7.200000017881393, 0.4999999925494194, 8.50000000745058 ], 
            "to": [ 8.700000017881393, 0.7999999925494194, 8.599999994039536 ], 
            "faces": {
                "north": { "texture": "#0", "uv": [ 13.0, 13.0, 14.5, 13.3 ] },
                "east": { "texture": "#0", "uv": [ 0.0, 0.0, 0.09999998658895493, 0.3 ] },
                "south": { "texture": "#0", "uv": [ 13.0, 12.0, 14.5, 12.3 ] },
                "west": { "texture": "#0", "uv": [ 0.0, 0.0, 0.09999998658895493, 0.3 ] },
                "up": { "texture": "#0", "uv": [ 0.0, 0.0, 1.5, 0.09999998658895493 ] },
                "down": { "texture": "#0", "uv": [ 0.0, 0.0, 1.5, 0.09999998658895493 ] }
            }
        },
        {
            "name": "BackExtra2D",
            "from": [ 7.200000017881393, 4.5999999940395355, 8.50000000745058 ], 
            "to": [ 8.700000017881393, 4.899999994039535, 8.599999994039536 ], 
            "faces": {
                "north": { "texture": "#0", "uv": [ 13.0, 11.0, 14.5, 11.3 ] },
                "east": { "texture": "#0", "uv": [ 0.0, 0.0, 0.09999998658895493, 0.3 ] },
                "south": { "texture": "#0", "uv": [ 13.0, 11.0, 14.5, 11.3 ] },
                "west": { "texture": "#0", "uv": [ 0.0, 0.0, 0.09999998658895493, 0.3 ] },
                "up": { "texture": "#0", "uv": [ 0.0, 0.0, 1.5, 0.09999998658895493 ] },
                "down": { "texture": "#0", "uv": [ 0.0, 0.0, 1.5, 0.09999998658895493 ] }
            }
        },
        {
            "name": "BackOneA",
            "from": [ 9.000000044703484, 1.6999999955296516, 8.50000000745058 ], 
            "to": [ 9.400000043213367, 3.7000000178813934, 8.699999995529652 ], 
            "faces": {
                "north": { "texture": "#0", "uv": [ 12.0, 11.0, 12.399999998509884, 13.000000022351742 ] },
                "east": { "texture": "#0", "uv": [ 0.0, 0.0, 0.19999998807907104, 2.000000022351742 ] },
                "south": { "texture": "#0", "uv": [ 13.0, 10.0, 13.399999998509884, 12.000000022351742 ] },
                "west": { "texture": "#0", "uv": [ 0.0, 0.0, 0.19999998807907104, 2.000000022351742 ] },
                "up": { "texture": "#0", "uv": [ 0.0, 0.0, 0.3999999985098839, 0.19999998807907104 ] },
                "down": { "texture": "#0", "uv": [ 0.0, 0.0, 0.3999999985098839, 0.19999998807907104 ] }
            }
        },
        {
            "name": "BackOneB",
            "from": [ 6.600000008940697, 1.6999999955296516, 8.50000000745058 ], 
            "to": [ 7.000000007450581, 3.7000000178813934, 8.699999995529652 ], 
            "faces": {
                "north": { "texture": "#0", "uv": [ 12.0, 11.0, 12.399999998509884, 13.000000022351742 ] },
                "east": { "texture": "#0", "uv": [ 0.0, 0.0, 0.19999998807907104, 2.000000022351742 ] },
                "south": { "texture": "#0", "uv": [ 13.0, 10.0, 13.399999998509884, 12.000000022351742 ] },
                "west": { "texture": "#0", "uv": [ 0.0, 0.0, 0.19999998807907104, 2.000000022351742 ] },
                "up": { "texture": "#0", "uv": [ 0.0, 0.0, 0.3999999985098839, 0.19999998807907104 ] },
                "down": { "texture": "#0", "uv": [ 0.0, 0.0, 0.3999999985098839, 0.19999998807907104 ] }
            }
        },
        {
            "name": "BackOneC",
            "from": [ 7.000000014901161, 1.2999999895691872, 8.50000000745058 ], 
            "to": [ 7.300000011920929, 4.100000023841858, 8.699999995529652 ], 
            "faces": {
                "north": { "texture": "#0", "uv": [ 12.0, 10.600000000000001, 12.299999997019768, 13.400000034272672 ] },
                "east": { "texture": "#0", "uv": [ 0.0, 0.0, 0.19999998807907104, 2.8000000342726707 ] },
                "south": { "texture": "#0", "uv": [ 11.299999999999999, 10.600000000000001, 11.599999997019767, 13.400000034272672 ] },
                "west": { "texture": "#0", "uv": [ 0.0, 0.0, 0.19999998807907104, 2.8000000342726707 ] },
                "up": { "texture": "#0", "uv": [ 0.0, 0.0, 0.29999999701976776, 0.19999998807907104 ] },
                "down": { "texture": "#0", "uv": [ 0.0, 0.0, 0.19999999552965164, 0.19999998807907104 ] }
            }
        },
        {
            "name": "BackOneD",
            "from": [ 8.400000035762787, 1.2999999895691872, 8.50000000745058 ], 
            "to": [ 9.000000037252903, 4.100000023841858, 8.699999995529652 ], 
            "faces": {
                "north": { "texture": "#0", "uv": [ 12.0, 11.0, 12.600000001490116, 13.80000003427267 ] },
                "east": { "texture": "#0", "uv": [ 0.0, 0.0, 0.19999998807907104, 2.8000000342726707 ] },
                "south": { "texture": "#0", "uv": [ 13.0, 10.0, 13.600000001490116, 12.80000003427267 ] },
                "west": { "texture": "#0", "uv": [ 0.0, 0.0, 0.19999998807907104, 2.8000000342726707 ] },
                "up": { "texture": "#0", "uv": [ 0.0, 0.0, 0.6000000014901161, 0.19999998807907104 ] },
                "down": { "texture": "#0", "uv": [ 0.0, 0.0, 0.6000000014901161, 0.19999998807907104 ] }
            }
        },
        {
            "name": "BackOneE",
            "from": [ 7.3000000193715096, 1.2999999895691872, 8.50000000745058 ], 
            "to": [ 7.8000000193715096, 3.5000000298023224, 8.699999995529652 ], 
            "faces": {
                "north": { "texture": "#0", "uv": [ 12.0, 11.0, 12.5, 13.200000040233135 ] },
                "east": { "texture": "#0", "uv": [ 0.0, 0.0, 0.19999998807907104, 2.2000000402331352 ] },
                "south": { "texture": "#0", "uv": [ 13.0, 10.0, 13.5, 12.200000040233135 ] },
                "west": { "texture": "#0", "uv": [ 0.0, 0.0, 0.19999998807907104, 2.2000000402331352 ] },
                "up": { "texture": "#0", "uv": [ 0.0, 0.0, 0.5, 0.19999998807907104 ] },
                "down": { "texture": "#0", "uv": [ 0.0, 0.0, 0.5, 0.19999998807907104 ] }
            }
        }
    ],
	"display":
	{
		"ground":
		{
			"scale": [1.35, 1.35, 1.35],
			"translation": [0.0, 6.0, 0.0]
		}
	}
}