{
	"__comment": "Model generated using MrCrayfish's Model Creator (http://mrcrayfish.com/modelcreator/)",
	"textures": {
		"particle": "custom/poison_block",
		"0": "custom/poison_block"
	},
	"elements": [ 	 
		{
			"from": [ 5, 10, 8 ],
			"to": [ 6.8, 11, 9 ],
			"faces": {
				"up": { "uv": [ 1, 1, 2.8, 2 ], "texture": "#0" },
				"north": { "uv": [ 1, 1, 2.8, 2 ], "texture": "#0" },
				"south": { "uv": [ 1, 1, 2.8, 2 ], "texture": "#0" },
				"west": { "uv": [ 1, 1, 2, 2 ], "texture": "#0" },
				"east": { "uv": [ 1, 1, 2, 2 ], "texture": "#0" }
			}
		},
		{
			"from": [ 8.2, 10, 8 ],
			"to": [ 10, 11, 9 ],
			"faces": {
				"up": { "uv": [ 3, 1, 4.8, 2 ], "texture": "#0" },
				"north": { "uv": [ 3, 1, 4.8, 2 ], "texture": "#0" },
				"south": { "uv": [ 4, 1, 5.8, 2 ], "texture": "#0" },
				"west": { "uv": [ 2, 1, 3, 2 ], "texture": "#0" },
				"east": { "uv": [ 4, 1, 5, 2 ], "texture": "#0" }
			}
		},
		{
			"from": [ 4, 7, 8 ],
			"to": [ 11, 10, 9 ],
			"faces": {
				"down": { "uv": [ 6, 11, 13, 12 ], "texture": "#0" },
				"up": { "uv": [ 4, 2, 11, 3 ], "texture": "#0" },
				"north": { "uv": [ 4, 1, 11, 4 ], "texture": "#0" },
				"south": { "uv": [ 3, 11, 10, 14 ], "texture": "#0" },
				"west": { "uv": [ 13, 5, 14, 8 ], "texture": "#0" },
				"east": { "uv": [ 13, 4, 14, 7 ], "texture": "#0" }
			}
		},
		{
			"from": [ 5, 6, 8 ],
			"to": [ 10, 7, 9 ],
			"faces": {
				"down": { "uv": [ 7, 2, 12, 3 ], "texture": "#0" },
				"north": { "uv": [ 7, 12, 12, 13 ], "texture": "#0" },
				"south": { "uv": [ 3, 2, 8, 3 ], "texture": "#0" },
				"west": { "uv": [ 13, 7, 14, 8 ], "texture": "#0" },
				"east": { "uv": [ 12, 4, 13, 5 ], "texture": "#0" }
			}
		},
		{
			"from": [ 6, 5, 8 ],
			"to": [ 9, 6, 9 ],
			"faces": {
				"down": { "uv": [ 11, 3, 14, 4 ], "texture": "#0" },
				"north": { "uv": [ 3, 2, 6, 3 ], "texture": "#0" },
				"south": { "uv": [ 4, 12, 7, 13 ], "texture": "#0" },
				"west": { "uv": [ 5, 13, 6, 14 ], "texture": "#0" },
				"east": { "uv": [ 3, 3, 4, 4 ], "texture": "#0" }
			}
		},
		{
			"from": [ 7, 4, 8 ],
			"to": [ 8, 5, 9 ],
			"faces": {
				"down": { "uv": [ 1, 2, 2, 3 ], "texture": "#0" },
				"north": { "uv": [ 2, 2, 3, 3 ], "texture": "#0" },
				"south": { "uv": [ 0, 2, 1, 3 ], "texture": "#0" },
				"west": { "uv": [ 1, 3, 2, 4 ], "texture": "#0" },
				"east": { "uv": [ 2, 3, 3, 4 ], "texture": "#0" }
			}
		},
		{
			"from": [ 5, 7, 7.5 ],
			"to": [ 7, 10, 9.5 ],
			"faces": {
				"down": { "uv": [ 2, 1, 4, 3 ], "texture": "#0" },
				"up": { "uv": [ 1, 1, 3, 3 ], "texture": "#0" },
				"north": { "uv": [ 3, 2, 5, 5 ], "texture": "#0" },
				"south": { "uv": [ 2, 3, 4, 6 ], "texture": "#0" },
				"west": { "uv": [ 3, 2, 5, 5 ], "texture": "#0" },
				"east": { "uv": [ 2, 3, 4, 6 ], "texture": "#0" }
			}
		},
		{
			"from": [ 8, 7, 7.5 ],
			"to": [ 10, 10, 9.5 ],
			"faces": {
				"down": { "uv": [ 13, 4, 15, 6 ], "texture": "#0" },
				"up": { "uv": [ 11, 3, 13, 5 ], "texture": "#0" },
				"north": { "uv": [ 12, 3, 14, 6 ], "texture": "#0" },
				"south": { "uv": [ 11, 2, 13, 5 ], "texture": "#0" },
				"west": { "uv": [ 12, 4, 14, 7 ], "texture": "#0" },
				"east": { "uv": [ 11, 2, 13, 5 ], "texture": "#0" }
			}
		},
		{
			"from": [ 6, 6, 7.3 ],
			"to": [ 9, 9, 9.799999 ],
			"faces": {
				"down": { "uv": [ 9, 3, 12, 5.5 ], "texture": "#0" },
				"up": { "uv": [ 7, 4, 10, 6.5 ], "texture": "#0" },
				"north": { "uv": [ 11, 2, 14, 5 ], "texture": "#0" },
				"south": { "uv": [ 10, 1, 13, 4 ], "texture": "#0" },
				"west": { "uv": [ 8, 4, 10.5, 7 ], "texture": "#0" },
				"east": { "uv": [ 7, 1, 9.5, 4 ], "texture": "#0" }
			}
		},
		{
			"from": [ 7, 5, 7.5 ],
			"to": [ 8, 6, 9.5 ],
			"faces": {
				"down": { "uv": [ 4, 2, 5, 4 ], "texture": "#0" },
				"north": { "uv": [ 4, 4, 5, 5 ], "texture": "#0" },
				"south": { "uv": [ 4, 5, 5, 6 ], "texture": "#0" },
				"west": { "uv": [ 3, 3, 5, 4 ], "texture": "#0" },
				"east": { "uv": [ 4, 3, 6, 4 ], "texture": "#0" }
			}
		},
		{
			"from": [ 4.7, 6.6, 8.3 ],
			"to": [ 5.3, 10.4, 8.8 ],
			"faces": {
				"down": { "uv": [ 2, 5, 2.6, 5.5 ], "texture": "#0" },
				"up": { "uv": [ 2, 5, 2.6, 5.5 ], "texture": "#0" },
				"north": { "uv": [ 2, 2, 2.6, 5.8 ], "texture": "#0" },
				"south": { "uv": [ 1, 5, 1.6, 8.8 ], "texture": "#0" },
				"west": { "uv": [ 2, 5, 2.5, 8.8 ], "texture": "#0" },
				"east": { "uv": [ 2, 5, 2.5, 8.8 ], "texture": "#0" }
			}
		},
		{
			"from": [ 9.7, 6.6, 8.3 ],
			"to": [ 10.3, 10.4, 8.8 ],
			"faces": {
				"down": { "uv": [ 4, 3, 4.6, 3.5 ], "texture": "#0" },
				"up": { "uv": [ 2, 2, 2.6, 2.5 ], "texture": "#0" },
				"north": { "uv": [ 2, 3, 2.6, 6.8 ], "texture": "#0" },
				"south": { "uv": [ 2, 5, 2.6, 8.8 ], "texture": "#0" },
				"west": { "uv": [ 2, 7, 2.5, 10.8 ], "texture": "#0" },
				"east": { "uv": [ 2, 5, 2.5, 8.8 ], "texture": "#0" }
			}
		},
		{
			"from": [ 5.6, 5.6, 8.3 ],
			"to": [ 9.5, 6.1, 8.8 ],
			"faces": {
				"down": { "uv": [ 0, 0, 3.9, 0.5 ], "texture": "#0" },
				"north": { "uv": [ 0, 0, 3.9, 0.5 ], "texture": "#0" },
				"south": { "uv": [ 0, 0, 3.9, 0.5 ], "texture": "#0" },
				"west": { "uv": [ 0, 0, 0.5, 0.5 ], "texture": "#0" },
				"east": { "uv": [ 0, 0, 0.5, 0.5 ], "texture": "#0" }
			}
		},
		{
			"from": [ 6.6, 4.6, 8.3 ],
			"to": [ 8.5, 5.1, 8.8 ],
			"faces": {
				"down": { "uv": [ 0, 0, 1.9, 0.5 ], "texture": "#0" },
				"north": { "uv": [ 0, 0, 1.9, 0.5 ], "texture": "#0" },
				"south": { "uv": [ 0, 0, 1.9, 0.5 ], "texture": "#0" },
				"west": { "uv": [ 0, 0, 0.5, 0.5 ], "texture": "#0" },
				"east": { "uv": [ 0, 0, 0.5, 0.5 ], "texture": "#0" }
			}
		},
		{
			"from": [ 6.5, 6.5, 7.1 ],
			"to": [ 8.5, 8.5, 10 ],
			"faces": {
				"down": { "uv": [ 5, 6, 7, 8.9 ], "texture": "#0" },
				"up": { "uv": [ 2, 4, 5, 5 ], "texture": "#0" },
				"north": { "uv": [ 6, 2, 3, 5 ], "texture": "#0" },
				"south": { "uv": [ 11, 1, 13, 3 ], "texture": "#0" },
				"west": { "uv": [ 3, 5, 4, 8 ], "texture": "#0" },
				"east": { "uv": [ 5, 3, 4, 6 ], "texture": "#0" }
			}
		},
		{
			"from": [ 7, 9, 7.7 ],
			"to": [ 8, 9.5, 9.3 ],
			"faces": {
				"up": { "uv": [ 5, 5, 6, 6.6 ], "texture": "#0" },
				"north": { "uv": [ 4, 4, 5, 4.5 ], "texture": "#0" },
				"south": { "uv": [ 3, 3, 4, 3.5 ], "texture": "#0" }
			}
		},
		{
			"from": [ 3.7, 7.5, 8.3 ],
			"to": [ 4.099999, 9.5, 8.7 ],
			"faces": {
				"down": { "uv": [ 3, 2, 3.4, 2.4 ], "texture": "#0" },
				"up": { "uv": [ 4, 4, 4.4, 4.4 ], "texture": "#0" },
				"north": { "uv": [ 4, 3, 4.4, 5 ], "texture": "#0" },
				"south": { "uv": [ 2, 3, 2.4, 5 ], "texture": "#0" },
				"west": { "uv": [ 1, 3, 1.4, 5 ], "texture": "#0" }
			}
		},
		{
			"from": [ 10.9, 7.5, 8.3 ],
			"to": [ 11.3, 9.5, 8.7 ],
			"faces": {
				"down": { "uv": [ 2, 5, 2.4, 5.4 ], "texture": "#0" },
				"up": { "uv": [ 2, 7, 2.4, 7.4 ], "texture": "#0" },
				"north": { "uv": [ 5, 4, 5.4, 6 ], "texture": "#0" },
				"south": { "uv": [ 3, 4, 3.4, 6 ], "texture": "#0" },
				"east": { "uv": [ 2, 5, 2.4, 7 ], "texture": "#0" }
			}
		},
		{
			"from": [ 6.6, 10, 8.3 ],
			"to": [ 7.1, 10.5, 8.8 ],
			"faces": {
				"up": { "uv": [ 2, 3, 2.5, 3.5 ], "texture": "#0" },
				"north": { "uv": [ 3, 5, 3.5, 5.5 ], "texture": "#0" },
				"south": { "uv": [ 2, 3, 2.5, 3.5 ], "texture": "#0" },
				"east": { "uv": [ 1, 2, 1.5, 2.5 ], "texture": "#0" }
			}
		},
		{
			"from": [ 8, 10, 8.3 ],
			"to": [ 8.5, 10.5, 8.8 ],
			"faces": {
				"up": { "uv": [ 3, 4, 3.5, 4.5 ], "texture": "#0" },
				"north": { "uv": [ 2, 3, 2.5, 3.5 ], "texture": "#0" },
				"south": { "uv": [ 4, 3, 4.5, 3.5 ], "texture": "#0" },
				"west": { "uv": [ 3, 3, 3.5, 3.5 ], "texture": "#0" }
			}
		}
	]
}