{
"s1": {"sounds": [{"name": "custom_sounds/1", "stream": true}], "category":"voice"},
"s2": {"sounds": [{"name": "custom_sounds/2", "stream": true}], "category":"voice"},
"s3": {"sounds": [{"name": "custom_sounds/3", "stream": true}], "category":"voice"},
"s4": {"sounds": [{"name": "custom_sounds/4", "stream": true}], "category":"voice"},

"t1a": {"sounds": [{"name": "tutorial/1a", "stream": true}], "category":"voice"},
"t1b": {"sounds": [{"name": "tutorial/1b", "stream": true}], "category":"voice"},
"t2": {"sounds": [{"name": "tutorial/2", "stream": true}], "category":"voice"},
"t3": {"sounds": [{"name": "tutorial/3", "stream": true}], "category":"voice"},
"t4": {"sounds": [{"name": "tutorial/4", "stream": true}], "category":"voice"},
"t5a": {"sounds": [{"name": "tutorial/5a", "stream": true}], "category":"voice"},
"t5b": {"sounds": [{"name": "tutorial/5b", "stream": true}], "category":"voice"},
"t5c": {"sounds": [{"name": "tutorial/5c", "stream": true}], "category":"voice"},
"t6": {"sounds": [{"name": "tutorial/6", "stream": true}], "category":"voice"},
"t7": {"sounds": [{"name": "tutorial/7", "stream": true}], "category":"voice"},
"t8": {"sounds": [{"name": "tutorial/8", "stream": true}], "category":"voice"},
"t9": {"sounds": [{"name": "tutorial/9", "stream": true}], "category":"voice"},
"t10": {"sounds": [{"name": "tutorial/10", "stream": true}], "category":"voice"},
"t11": {"sounds": [{"name": "tutorial/11", "stream": true}], "category":"voice"},
"t12": {"sounds": [{"name": "tutorial/12", "stream": true}], "category":"voice"}

}