{
    "parent": "item/handheld",
    "textures": {
        "layer0": "item/item/f1"
    },
    "overrides": [
        {"predicate": {"damage": 0.04},"model": "item/custom/carrot/f1"},
        {"predicate": {"damage": 0.08},"model": "item/custom/carrot/f2"},
        {"predicate": {"damage": 0.12},"model": "item/custom/carrot/f3"},
        {"predicate": {"damage": 0.16},"model": "item/custom/carrot/f4"},
        {"predicate": {"damage": 0.20},"model": "item/custom/carrot/next"},
        {"predicate": {"damage": 0.24},"model": "item/custom/carrot/zoom"}
    ]
}
