{
	"__comment": "Designed by MinerYT with Cubik Studio - https://cubik.studio",
	"textures": {
		"particle": "blocks/e_particle",
		"texture": "blocks/e_texture",
		"green_dye": "item/green_dye"
	},
	"elements": [ 	 
		{
			"__comment": "Box1",
			"from": [ 4, 8, 4 ],
			"to": [ 9.5, 9, 5 ],
			"faces": {
				"down": { "uv": [ 5, 4, 6, 5 ], "texture": "#green_dye" },
				"up": { "uv": [ 5, 4, 6, 5 ], "texture": "#green_dye" },
				"north": { "uv": [ 5, 4, 6, 5 ], "texture": "#green_dye" },
				"south": { "uv": [ 5, 4, 6, 5 ], "texture": "#green_dye" },
				"west": { "uv": [ 5, 4, 6, 5 ], "texture": "#green_dye" },
				"east": { "uv": [ 5, 4, 6, 5 ], "texture": "#green_dye" }
			}
		},
		{
			"__comment": "Box2",
			"from": [ 5, 6, 6 ],
			"to": [ 11, 11, 14 ],
			"faces": {
				"down": { "uv": [ 5, 14, 11, 6 ], "texture": "#green_dye" },
				"up": { "uv": [ 5, 6, 11, 14 ], "texture": "#green_dye" },
				"north": { "uv": [ 11, 6, 5, 7 ], "texture": "#green_dye" },
				"south": { "uv": [ 5, 13, 11, 14 ], "texture": "#green_dye" },
				"west": { "uv": [ 5, 6, 6, 14 ], "texture": "#green_dye", "rotation": 270 },
				"east": { "uv": [ 11, 14, 10, 6 ], "texture": "#green_dye", "rotation": 270 }
			}
		},
		{
			"__comment": "Box3",
			"from": [ 6, 7, 3 ],
			"to": [ 10, 10, 6 ],
			"faces": {
				"down": { "uv": [ 6, 6, 10, 3 ], "texture": "#green_dye" },
				"up": { "uv": [ 6, 3, 10, 6 ], "texture": "#green_dye" },
				"north": { "uv": [ 10, 3, 6, 4 ], "texture": "#green_dye" },
				"south": { "uv": [ 6, 5, 10, 6 ], "texture": "#green_dye" },
				"west": { "uv": [ 6, 3, 7, 6 ], "texture": "#green_dye", "rotation": 270 },
				"east": { "uv": [ 10, 6, 9, 3 ], "texture": "#green_dye", "rotation": 270 }
			}
		},
		{
			"__comment": "Box4",
			"from": [ 8, 8, 2 ],
			"to": [ 9, 9, 3 ],
			"faces": {
				"down": { "uv": [ 8, 3, 9, 2 ], "texture": "#green_dye" },
				"up": { "uv": [ 8, 2, 9, 3 ], "texture": "#green_dye" },
				"north": { "uv": [ 9, 2, 8, 3 ], "texture": "#green_dye" },
				"south": { "uv": [ 8, 2, 9, 3 ], "texture": "#green_dye" },
				"west": { "uv": [ 8, 2, 9, 3 ], "texture": "#green_dye", "rotation": 270 },
				"east": { "uv": [ 9, 3, 8, 2 ], "texture": "#green_dye", "rotation": 270 }
			}
		}
	],
	"display": {
		"thirdperson_righthand": {
			"rotation":  [ 90, 0, 90 ],
			"translation":  [ 0, -2.782, -0.695 ],
			"scale":  [ 0.7, 0.7, 0.7 ]
		},
		"thirdperson_lefthand": {
			"rotation":  [ 90, 0, -90 ],
			"translation":  [ 0, -2.782, -0.695 ],
			"scale":  [ 0.7, 0.7, 0.7 ]
		},
		"firstperson_righthand": {
			"rotation":  [ 100, -2, 74 ],
			"translation":  [ 2.7826, 2.7825, -2.086 ],
			"scale":  [ 0.6956, 1, 1 ]
		},
		"firstperson_lefthand": {
			"rotation":  [ 92, 5, -116 ],
			"translation":  [ 0, 3.4782, -1.391 ]
		},
		"gui": {
			"rotation":  [ 90, -9, -27 ],
			"translation":  [ 0, 0, 3.4782 ]
		},
		"ground": {
			"rotation":  [ 90, 0, 0 ],
			"translation":  [ 0, 1.3913, 0 ],
			"scale":  [ 0.6, 0.6, 0.6 ]
		}
	}
}