{
    "parent": "builtin/generated",
    "textures": {
        "layer0": "items/diamond_hoe"
    },
    "overrides": [
        {"predicate": {"damage": 0.001},"model": "item/custom/character/beetle"},
        {"predicate": {"damage": 0.002},"model": "item/custom/character/bug"},
        {"predicate": {"damage": 0.003},"model": "item/custom/character_player/mctsts"},
        {"predicate": {"damage": 0.004},"model": "item/custom/character/villager0"},
        {"predicate": {"damage": 0.005},"model": "item/custom/character/villager1"},
        {"predicate": {"damage": 0.006},"model": "item/custom/character/villager2"},
        {"predicate": {"damage": 0.007},"model": "item/custom/character/villager3"},
        {"predicate": {"damage": 0.008},"model": "item/custom/character/creeper0"},
        {"predicate": {"damage": 0.009},"model": "item/custom/character/creeper1"},
        {"predicate": {"damage": 0.010},"model": "item/custom/character/creeper2"},
        {"predicate": {"damage": 0.011},"model": "item/custom/character/creeper3"},
        {"predicate": {"damage": 0.012},"model": "item/custom/character/tree"},
        {"predicate": {"damage": 0.013},"model": "item/custom/character/tree_small"},
        {"predicate": {"damage": 0.014},"model": "item/custom/character/antlion"},
        {"predicate": {"damage": 0.015},"model": "item/custom/character/tree2"},
        {"predicate": {"damage": 0.016},"model": "item/custom/character/tree2_small"},
        {"predicate": {"damage": 0.017},"model": "item/custom/tower_extra/wings"},
        {"predicate": {"damage": 0.018},"model": "item/custom/character/lava"},
        {"predicate": {"damage": 0.019},"model": "item/custom/character/beetle_red"},
        {"predicate": {"damage": 0.020},"model": "item/custom/character/tree3"},
        {"predicate": {"damage": 0.021},"model": "item/custom/character/tree3_small"},
        {"predicate": {"damage": 0.022},"model": "item/custom/tower_extra/wings_white"},
        {"predicate": {"damage": 0.023},"model": "item/custom/tower_extra/wings_orange"},
        {"predicate": {"damage": 0.024},"model": "item/custom/tower_extra/wings_red"},
        {"predicate": {"damage": 0.025},"model": "item/custom/tower_extra/wings_purple"},
        {"predicate": {"damage": 0.026},"model": "item/custom/character/wither_black"},
        {"predicate": {"damage": 0.027},"model": "item/custom/character/wither_orange"},
        {"predicate": {"damage": 0.028},"model": "item/custom/character/wither_red"},
        {"predicate": {"damage": 0.029},"model": "item/custom/character/wither_purple"},
        {"predicate": {"damage": 0.030},"model": "item/custom/tower_extra/crown0"},
        {"predicate": {"damage": 0.031},"model": "item/custom/tower_extra/crown1"},
        {"predicate": {"damage": 0.032},"model": "item/custom/tower_extra/crown2"},
        {"predicate": {"damage": 0.033},"model": "item/custom/tower_extra/crown3"},
        {"predicate": {"damage": 0.034},"model": "item/custom/character_player/marhjo"},
        {"predicate": {"damage": 0.035},"model": "item/custom/map/plains"},
        {"predicate": {"damage": 0.036},"model": "item/custom/map_tower/heal"},
        {"predicate": {"damage": 0.037},"model": "item/custom/map_tower/sheep"},
        {"predicate": {"damage": 0.038},"model": "item/custom/map_tower/air"},
        {"predicate": {"damage": 0.039},"model": "item/custom/map_tower/ice"},
        {"predicate": {"damage": 0.040},"model": "item/custom/map_tower/fire"},
        {"predicate": {"damage": 0.041},"model": "item/custom/map_tower/support"},
        {"predicate": {"damage": 0.042},"model": "item/custom/map_tower/witch"},
        {"predicate": {"damage": 0.043},"model": "item/custom/map_tower/beacon"},
        {"predicate": {"damage": 0.044},"model": "item/custom/map_tower/villager"},
        {"predicate": {"damage": 0.045},"model": "item/custom/map_tower/creeper"},
        {"predicate": {"damage": 0.046},"model": "item/custom/map_tower/super_sheep"},
        {"predicate": {"damage": 0.047},"model": "item/custom/map_tower/lightning"},
        {"predicate": {"damage": 0.048},"model": "item/custom/map_tower/illager"},
        {"predicate": {"damage": 0.049},"model": "item/custom/character_player/enderpig"},
        {"predicate": {"damage": 0.050},"model": "item/custom/tower_extra/wings_green"},
        {"predicate": {"damage": 0.051},"model": "item/custom/extra/sign_info"},
        {"predicate": {"damage": 0.052},"model": "item/custom/extra/sign_rules"},
        {"predicate": {"damage": 0.053},"model": "item/custom/grave/grave1"},
        {"predicate": {"damage": 0.054},"model": "item/custom/grave/grave2"},
        {"predicate": {"damage": 0.055},"model": "item/custom/grave/grave3"},
        {"predicate": {"damage": 0.056},"model": "item/custom/grave/grave4"},
        {"predicate": {"damage": 0.057},"model": "item/custom/grave/grave1mossy"},
        {"predicate": {"damage": 0.058},"model": "item/custom/grave/grave2mossy"},
        {"predicate": {"damage": 0.059},"model": "item/custom/grave/grave3mossy"},
        {"predicate": {"damage": 0.060},"model": "item/custom/grave/grave4mossy"},
        {"predicate": {"damage": 0.061},"model": "item/custom/item/heart"},
        {"predicate": {"damage": 0.062},"model": "item/custom/item/coin_one"},
        {"predicate": {"damage": 0.063},"model": "item/custom/item/coin_five"},
        {"predicate": {"damage": 0.064},"model": "item/custom/tower_extra/ice_crystal"},
        {"predicate": {"damage": 0.065},"model": "item/custom/tower_extra/beacon_red"},
        {"predicate": {"damage": 0.066},"model": "item/custom/tower_extra/blaze0"},
        {"predicate": {"damage": 0.067},"model": "item/custom/tower_extra/blaze1"},
        {"predicate": {"damage": 0.068},"model": "item/custom/tower_extra/blaze2"},
        {"predicate": {"damage": 0.069},"model": "item/custom/tower_extra/blaze3"},
        {"predicate": {"damage": 0.070},"model": "item/custom/tower_extra/snow0"},
        {"predicate": {"damage": 0.071},"model": "item/custom/tower_extra/snow1"},
        {"predicate": {"damage": 0.072},"model": "item/custom/tower_extra/snow2"},
        {"predicate": {"damage": 0.073},"model": "item/custom/tower_extra/snow3"},
        {"predicate": {"damage": 0.074},"model": "item/custom/tower_extra/witch0"},
        {"predicate": {"damage": 0.075},"model": "item/custom/tower_extra/witch1"},
        {"predicate": {"damage": 0.076},"model": "item/custom/tower_extra/witch2"},
        {"predicate": {"damage": 0.077},"model": "item/custom/tower_extra/witch3"},
        {"predicate": {"damage": 0.078},"model": "item/custom/character/zephyr"},
        {"predicate": {"damage": 0.079},"model": "item/custom/character/zephyr_ice"},
        {"predicate": {"damage": 0.080},"model": "item/custom/character/zephyr_fire"},
        {"predicate": {"damage": 0.081},"model": "item/custom/item/heart_negative"},
        {"predicate": {"damage": 0.082},"model": "item/custom/item/coin_negative"},
        {"predicate": {"damage": 0.083},"model": "item/custom/extra/sign_play"},
        {"predicate": {"damage": 0.084},"model": "item/custom/character_player/mrkukurykpl"},
        {"predicate": {"damage": 0.085},"model": "item/custom/extra/special_button"},
        {"predicate": {"damage": 0.086},"model": "item/custom/extra/helmet1"},
        {"predicate": {"damage": 0.087},"model": "item/custom/extra/helmet2"},
        {"predicate": {"damage": 0.088},"model": "item/custom/extra/helmet3"},
        {"predicate": {"damage": 0.089},"model": "item/custom/character/boulder"},
        {"predicate": {"damage": 0.090},"model": "item/custom/map_tower/speed"},
        {"predicate": {"damage": 0.091},"model": "item/custom/map_tower/thorns"},
        {"predicate": {"damage": 0.092},"model": "item/custom/map_tower/boulder"},
        {"predicate": {"damage": 0.093},"model": "item/custom/map_tower/ocelot"},
        {"predicate": {"damage": 0.094},"model": "item/custom/map_tower/chicken"},
        {"predicate": {"damage": 0.095},"model": "item/custom/map_tower/super_villager"},
        {"predicate": {"damage": 0.096},"model": "item/custom/map_tower/super_beacon"},
        {"predicate": {"damage": 0.097},"model": "item/custom/map_tower/wither"},
        {"predicate": {"damage": 0.098},"model": "item/custom/map_tower/summoner"},
        {"predicate": {"damage": 0.099},"model": "item/custom/character_player/ttextt"},
        {"predicate": {"damage": 0.100},"model": "item/custom/character/ice_slug"},
        {"predicate": {"damage": 0.101},"model": "item/custom/character/ice_antlion"},
        {"predicate": {"damage": 0.102},"model": "item/custom/character/ice_beetle"},
        {"predicate": {"damage": 0.103},"model": "item/custom/character/ice_bug"},
        {"predicate": {"damage": 0.104},"model": "item/custom/character/boulder_a"},
        {"predicate": {"damage": 0.105},"model": "item/custom/character/boulder_as"},
        {"predicate": {"damage": 0.106},"model": "item/custom/character/boulder_d"},
        {"predicate": {"damage": 0.107},"model": "item/custom/character/boulder_ds"},
        {"predicate": {"damage": 0.108},"model": "item/custom/character/boulder_g"},
        {"predicate": {"damage": 0.109},"model": "item/custom/character/boulder_gs"},
        {"predicate": {"damage": 0.110},"model": "item/custom/range/2"},
        {"predicate": {"damage": 0.111},"model": "item/custom/range/3"},
        {"predicate": {"damage": 0.112},"model": "item/custom/range/4"},
        {"predicate": {"damage": 0.114},"model": "item/custom/character/sheep_white"},
        {"predicate": {"damage": 0.115},"model": "item/custom/character/sheep_orange"},
        {"predicate": {"damage": 0.116},"model": "item/custom/character/sheep_red"},
        {"predicate": {"damage": 0.117},"model": "item/custom/character/sheep_purple"}
    ]
}
