{
    "__comment": "Model animated using Fizzy's model animator - http://fizzy81.github.io/animated-models/", 
    "textures": {
        "main": "block"
    }, 
    "elements": [
        {
            "__comment": "Box1", 
            "from": [ 0, 0.0004, 0 ], 
            "to":   [ 16, 16.0004, 16 ], 
            "faces": {
                "down":  { "uv": [ 2, 0, 4, 2 ], "texture": "#main", "rotation":90 }, 
                "up":    { "uv": [ 4, 2, 2, 0 ], "texture": "#main", "rotation":270 }, 
                "north": { "uv": [ 2, 0, 4, 2 ], "texture": "#main", "rotation":270 }, 
                "south": { "uv": [ 2, 0, 4, 2 ], "texture": "#main", "rotation":90 }, 
                "west":  { "uv": [ 2, 0, 4, 2 ], "texture": "#main", "rotation":90 }, 
                "east":  { "uv": [ 4, 2, 2, 0 ], "texture": "#main", "rotation":270 }
            }
        }, 
        {
            "__comment": "Box1", 
            "from": [ 16, 0, 0 ], 
            "to":   [ 30, 16, 16 ], 
            "faces": {
                "down":  { "uv": [ 2, 0.25, 4, 2 ], "texture": "#main", "rotation":90 }, 
                "up":    { "uv": [ 4, 2, 2, 0.25 ], "texture": "#main", "rotation":270 }, 
                "north": { "uv": [ 2, 0.25, 4, 2 ], "texture": "#main", "rotation":270 }, 
                "south": { "uv": [ 2, 0.25, 4, 2 ], "texture": "#main", "rotation":90 }, 
                "west":  { "uv": [ 2, 0, 4, 2 ], "texture": "#main", "rotation":90 }, 
                "east":  { "uv": [ 2, 2, 0, 0 ], "texture": "#main", "rotation":270 }
            }
        }, 
        {
            "__comment": "Box1", 
            "from": [ -14.0002, 0.0007, 0 ], 
            "to":   [ -0.000199318, 16.0007, 16 ], 
            "faces": {
                "down":  { "uv": [ 2, 0, 4, 1.75 ], "texture": "#main", "rotation":90 }, 
                "up":    { "uv": [ 4, 1.75, 2, 0 ], "texture": "#main", "rotation":270 }, 
                "north": { "uv": [ 2, 0, 4, 1.75 ], "texture": "#main", "rotation":270 }, 
                "south": { "uv": [ 2, 0, 4, 1.75 ], "texture": "#main", "rotation":90 }, 
                "west":  { "uv": [ 0, 0, 2, 2 ], "texture": "#main", "rotation":90 }, 
                "east":  { "uv": [ 4, 2, 2, 0 ], "texture": "#main", "rotation":270 }
            }
        }, 
        {
            "__comment": "Box1", 
            "from": [ 0, -0.9996, -0.5001 ], 
            "to":   [ 16, 15.0004, 15.4999 ], 
            "rotation": { "origin": [16, 15, -0.5], "axis": "x", "angle": -22.5 }, 
            "faces": {
                "down":  { "uv": [ 6, 0, 8, 2 ], "texture": "#main", "rotation":90 }, 
                "up":    { "uv": [ 8, 2, 6, 0 ], "texture": "#main", "rotation":270 }, 
                "north": { "uv": [ 6, 0, 8, 2 ], "texture": "#main", "rotation":270 }, 
                "south": { "uv": [ 6, 0, 8, 2 ], "texture": "#main", "rotation":90 }, 
                "west":  { "uv": [ 6, 0, 8, 2 ], "texture": "#main", "rotation":90 }, 
                "east":  { "uv": [ 8, 2, 6, 0 ], "texture": "#main", "rotation":270 }
            }
        }, 
        {
            "__comment": "Box1", 
            "from": [ 16, -1, -0.5001 ], 
            "to":   [ 30, 15, 15.4999 ], 
            "rotation": { "origin": [16, 15, -0.5], "axis": "x", "angle": -22.5 }, 
            "faces": {
                "down":  { "uv": [ 6, 0.25, 8, 2 ], "texture": "#main", "rotation":90 }, 
                "up":    { "uv": [ 8, 2, 6, 0.25 ], "texture": "#main", "rotation":270 }, 
                "north": { "uv": [ 6, 0.25, 8, 2 ], "texture": "#main", "rotation":270 }, 
                "south": { "uv": [ 6, 0.25, 8, 2 ], "texture": "#main", "rotation":90 }, 
                "west":  { "uv": [ 6, 0, 8, 2 ], "texture": "#main", "rotation":90 }, 
                "east":  { "uv": [ 6, 2, 4, 0 ], "texture": "#main", "rotation":270 }
            }
        }, 
        {
            "__comment": "Box1", 
            "from": [ -14.0002, -0.9993, -0.5001 ], 
            "to":   [ -0.000199318, 15.0007, 15.4999 ], 
            "rotation": { "origin": [16, 15, -0.5], "axis": "x", "angle": -22.5 }, 
            "faces": {
                "down":  { "uv": [ 6, 0, 8, 1.75 ], "texture": "#main", "rotation":90 }, 
                "up":    { "uv": [ 8, 1.75, 6, 0 ], "texture": "#main", "rotation":270 }, 
                "north": { "uv": [ 6, 0, 8, 1.75 ], "texture": "#main", "rotation":270 }, 
                "south": { "uv": [ 6, 0, 8, 1.75 ], "texture": "#main", "rotation":90 }, 
                "west":  { "uv": [ 4, 0, 6, 2 ], "texture": "#main", "rotation":90 }, 
                "east":  { "uv": [ 8, 2, 6, 0 ], "texture": "#main", "rotation":270 }
            }
        }, 
        {
            "__comment": "Box1", 
            "from": [ 0, -4.4996, -3.5001 ], 
            "to":   [ 16, 11.5004, 12.4999 ], 
            "rotation": { "origin": [16, 11.5, -3.5], "axis": "x", "angle": -45 }, 
            "faces": {
                "down":  { "uv": [ 10, 0, 12, 2 ], "texture": "#main", "rotation":90 }, 
                "up":    { "uv": [ 12, 2, 10, 0 ], "texture": "#main", "rotation":270 }, 
                "north": { "uv": [ 10, 0, 12, 2 ], "texture": "#main", "rotation":270 }, 
                "south": { "uv": [ 10, 0, 12, 2 ], "texture": "#main", "rotation":90 }, 
                "west":  { "uv": [ 10, 0, 12, 2 ], "texture": "#main", "rotation":90 }, 
                "east":  { "uv": [ 12, 2, 10, 0 ], "texture": "#main", "rotation":270 }
            }
        }, 
        {
            "__comment": "Box1", 
            "from": [ 16, -4.5, -3.5001 ], 
            "to":   [ 30, 11.5, 12.4999 ], 
            "rotation": { "origin": [16, 11.5, -3.5], "axis": "x", "angle": -45 }, 
            "faces": {
                "down":  { "uv": [ 10, 0.25, 12, 2 ], "texture": "#main", "rotation":90 }, 
                "up":    { "uv": [ 12, 2, 10, 0.25 ], "texture": "#main", "rotation":270 }, 
                "north": { "uv": [ 10, 0.25, 12, 2 ], "texture": "#main", "rotation":270 }, 
                "south": { "uv": [ 10, 0.25, 12, 2 ], "texture": "#main", "rotation":90 }, 
                "west":  { "uv": [ 10, 0, 12, 2 ], "texture": "#main", "rotation":90 }, 
                "east":  { "uv": [ 10, 2, 8, 0 ], "texture": "#main", "rotation":270 }
            }
        }, 
        {
            "__comment": "Box1", 
            "from": [ -14.0002, -4.4993, -3.5001 ], 
            "to":   [ -0.000199318, 11.5007, 12.4999 ], 
            "rotation": { "origin": [16, 11.5, -3.5], "axis": "x", "angle": -45 }, 
            "faces": {
                "down":  { "uv": [ 10, 0, 12, 1.75 ], "texture": "#main", "rotation":90 }, 
                "up":    { "uv": [ 12, 1.75, 10, 0 ], "texture": "#main", "rotation":270 }, 
                "north": { "uv": [ 10, 0, 12, 1.75 ], "texture": "#main", "rotation":270 }, 
                "south": { "uv": [ 10, 0, 12, 1.75 ], "texture": "#main", "rotation":90 }, 
                "west":  { "uv": [ 8, 0, 10, 2 ], "texture": "#main", "rotation":90 }, 
                "east":  { "uv": [ 12, 2, 10, 0 ], "texture": "#main", "rotation":270 }
            }
        }, 
        {
            "__comment": "Box1", 
            "from": [ 0, -0.0001, 7.4996 ], 
            "to":   [ 16, 15.9999, 23.4996 ], 
            "rotation": { "origin": [16, 0, 7.5], "axis": "x", "angle": -45 }, 
            "faces": {
                "down":  { "uv": [ 16, 2, 14, 0 ], "texture": "#main", "rotation":270 }, 
                "up":    { "uv": [ 14, 0, 16, 2 ], "texture": "#main", "rotation":90 }, 
                "north": { "uv": [ 14, 0, 16, 2 ], "texture": "#main", "rotation":270 }, 
                "south": { "uv": [ 14, 0, 16, 2 ], "texture": "#main", "rotation":90 }, 
                "west":  { "uv": [ 14, 0, 16, 2 ], "texture": "#main" }, 
                "east":  { "uv": [ 16, 2, 14, 0 ], "texture": "#main" }
            }
        }, 
        {
            "__comment": "Box1", 
            "from": [ 16, -0.0001, 7.4999 ], 
            "to":   [ 30, 15.9999, 23.4999 ], 
            "rotation": { "origin": [16, 0, 7.5], "axis": "x", "angle": -45 }, 
            "faces": {
                "down":  { "uv": [ 16, 2, 14, 0.25 ], "texture": "#main", "rotation":270 }, 
                "up":    { "uv": [ 14, 0.25, 16, 2 ], "texture": "#main", "rotation":90 }, 
                "north": { "uv": [ 14, 0.25, 16, 2 ], "texture": "#main", "rotation":270 }, 
                "south": { "uv": [ 14, 0.25, 16, 2 ], "texture": "#main", "rotation":90 }, 
                "west":  { "uv": [ 14, 0, 16, 2 ], "texture": "#main" }, 
                "east":  { "uv": [ 14, 2, 12, 0 ], "texture": "#main" }
            }
        }, 
        {
            "__comment": "Box1", 
            "from": [ -14.0002, -0.0001, 7.4991 ], 
            "to":   [ -0.000199318, 15.9999, 23.4991 ], 
            "rotation": { "origin": [16, 0, 7.5], "axis": "x", "angle": -45 }, 
            "faces": {
                "down":  { "uv": [ 16, 1.75, 14, 0 ], "texture": "#main", "rotation":270 }, 
                "up":    { "uv": [ 14, 0, 16, 1.75 ], "texture": "#main", "rotation":90 }, 
                "north": { "uv": [ 14, 0, 16, 1.75 ], "texture": "#main", "rotation":270 }, 
                "south": { "uv": [ 14, 0, 16, 1.75 ], "texture": "#main", "rotation":90 }, 
                "west":  { "uv": [ 12, 0, 14, 2 ], "texture": "#main" }, 
                "east":  { "uv": [ 16, 2, 14, 0 ], "texture": "#main" }
            }
        }, 
        {
            "__comment": "Box1", 
            "from": [ 0, -0.0001, -0.0004 ], 
            "to":   [ 16, 15.9999, 15.9996 ], 
            "rotation": { "origin": [16, 0, 0], "axis": "x", "angle": -45 }, 
            "faces": {
                "down":  { "uv": [ 4, 6, 2, 4 ], "texture": "#main", "rotation":270 }, 
                "up":    { "uv": [ 2, 4, 4, 6 ], "texture": "#main", "rotation":90 }, 
                "north": { "uv": [ 2, 4, 4, 6 ], "texture": "#main", "rotation":270 }, 
                "south": { "uv": [ 2, 4, 4, 6 ], "texture": "#main", "rotation":90 }, 
                "west":  { "uv": [ 2, 4, 4, 6 ], "texture": "#main" }, 
                "east":  { "uv": [ 4, 6, 2, 4 ], "texture": "#main" }
            }
        }, 
        {
            "__comment": "Box1", 
            "from": [ 16, -0.0001, -0.0001 ], 
            "to":   [ 30, 15.9999, 15.9999 ], 
            "rotation": { "origin": [16, 0, 0], "axis": "x", "angle": -45 }, 
            "faces": {
                "down":  { "uv": [ 4, 6, 2, 4.25 ], "texture": "#main", "rotation":270 }, 
                "up":    { "uv": [ 2, 4.25, 4, 6 ], "texture": "#main", "rotation":90 }, 
                "north": { "uv": [ 2, 4.25, 4, 6 ], "texture": "#main", "rotation":270 }, 
                "south": { "uv": [ 2, 4.25, 4, 6 ], "texture": "#main", "rotation":90 }, 
                "west":  { "uv": [ 2, 4, 4, 6 ], "texture": "#main" }, 
                "east":  { "uv": [ 2, 6, 0, 4 ], "texture": "#main" }
            }
        }, 
        {
            "__comment": "Box1", 
            "from": [ -14.0002, -0.0001, -0.0009 ], 
            "to":   [ -0.000199318, 15.9999, 15.9991 ], 
            "rotation": { "origin": [16, 0, 0], "axis": "x", "angle": -45 }, 
            "faces": {
                "down":  { "uv": [ 4, 5.75, 2, 4 ], "texture": "#main", "rotation":270 }, 
                "up":    { "uv": [ 2, 4, 4, 5.75 ], "texture": "#main", "rotation":90 }, 
                "north": { "uv": [ 2, 4, 4, 5.75 ], "texture": "#main", "rotation":270 }, 
                "south": { "uv": [ 2, 4, 4, 5.75 ], "texture": "#main", "rotation":90 }, 
                "west":  { "uv": [ 0, 4, 2, 6 ], "texture": "#main" }, 
                "east":  { "uv": [ 4, 6, 2, 4 ], "texture": "#main" }
            }
        }
    ], 
    "display": {
        "head": {
            "translation": [ 0, -13, 0 ], 
            "scale": [ 2.4, 2.4, 2.4 ]
        }
    }
}