{
	"__comment": "Designed by MinerYT with Cubik Studio - https://cubik.studio",
	"textures": {
		"particle": "blocks/e_particle",
		"texture": "block/anvil",
		"ad2": "advertisements/ad8"
	},
	"elements": [ 	 
		{
			"__comment": "Box1",
			"from": [ -16, 8, -16 ],
			"to": [ -14.5, 9, -13 ],
			"faces": {
				"down": { "uv": [ 0, 1, 0.5, 0 ], "texture": "#ad2" },
				"up": { "uv": [ 0, 0, 0.5, 1 ], "texture": "#ad2" },
				"north": { "uv": [ 0.5, 0, 0, 0.0625 ], "texture": "#ad2" },
				"south": { "uv": [ 0, 0.9375, 0.5, 1 ], "texture": "#ad2" },
				"west": { "uv": [ 0, 0, 0.0625, 1 ], "texture": "#ad2", "rotation": 270 },
				"east": { "uv": [ 0.5, 1, 0.4375, 0 ], "texture": "#ad2", "rotation": 270 }
			}
		},
		{
			"__comment": "Box2",
			"from": [ -16, 8, -11.5 ],
			"to": [ 32, 9, -9.25 ],
			"faces": {
				"down": { "uv": [ 0, 2.25, 16, 1.5 ], "texture": "#ad2" },
				"up": { "uv": [ 0, 1.5, 16, 2.25 ], "texture": "#ad2" },
				"north": { "uv": [ 16, 1.5, 0, 1.5625 ], "texture": "#ad2" },
				"south": { "uv": [ 0, 2.1875, 16, 2.25 ], "texture": "#ad2" },
				"west": { "uv": [ 0, 1.5, 0.0625, 2.25 ], "texture": "#ad2", "rotation": 270 },
				"east": { "uv": [ 16, 2.25, 15.9375, 1.5 ], "texture": "#ad2", "rotation": 270 }
			}
		},
		{
			"__comment": "Box3",
			"from": [ -16, 8, -9.25 ],
			"to": [ 31.25, 9, -7.75 ],
			"faces": {
				"down": { "uv": [ 0, 2.75, 15.75, 2.25 ], "texture": "#ad2" },
				"up": { "uv": [ 0, 2.25, 15.75, 2.75 ], "texture": "#ad2" },
				"north": { "uv": [ 15.75, 2.25, 0, 2.3125 ], "texture": "#ad2" },
				"south": { "uv": [ 0, 2.6875, 15.75, 2.75 ], "texture": "#ad2" },
				"west": { "uv": [ 0, 2.25, 0.0625, 2.75 ], "texture": "#ad2", "rotation": 270 },
				"east": { "uv": [ 15.75, 2.75, 15.6875, 2.25 ], "texture": "#ad2", "rotation": 270 }
			}
		},
		{
			"__comment": "Box4",
			"from": [ -16, 8, 2 ],
			"to": [ 32, 9, 5 ],
			"faces": {
				"down": { "uv": [ 0, 7, 16, 6 ], "texture": "#ad2" },
				"up": { "uv": [ 0, 6, 16, 7 ], "texture": "#ad2" },
				"north": { "uv": [ 16, 6, 0, 6.0625 ], "texture": "#ad2" },
				"south": { "uv": [ 0, 6.9375, 16, 7 ], "texture": "#ad2" },
				"west": { "uv": [ 0, 6, 0.0625, 7 ], "texture": "#ad2", "rotation": 270 },
				"east": { "uv": [ 16, 7, 15.9375, 6 ], "texture": "#ad2", "rotation": 270 }
			}
		},
		{
			"__comment": "Box5",
			"from": [ -16, 8, 12.5 ],
			"to": [ 32, 9, 13.25 ],
			"faces": {
				"down": { "uv": [ 0, 9.75, 16, 9.5 ], "texture": "#ad2" },
				"up": { "uv": [ 0, 9.5, 16, 9.75 ], "texture": "#ad2" },
				"north": { "uv": [ 16, 9.5, 0, 9.5625 ], "texture": "#ad2" },
				"south": { "uv": [ 0, 9.6875, 16, 9.75 ], "texture": "#ad2" },
				"west": { "uv": [ 0, 9.5, 0.0625, 9.75 ], "texture": "#ad2", "rotation": 270 },
				"east": { "uv": [ 16, 9.75, 15.9375, 9.5 ], "texture": "#ad2", "rotation": 270 }
			}
		},
		{
			"__comment": "Box6",
			"from": [ -16, 8, 13.25 ],
			"to": [ 31.25, 9, 14.75 ],
			"faces": {
				"down": { "uv": [ 0, 10.25, 15.75, 9.75 ], "texture": "#ad2" },
				"up": { "uv": [ 0, 9.75, 15.75, 10.25 ], "texture": "#ad2" },
				"north": { "uv": [ 15.75, 9.75, 0, 9.8125 ], "texture": "#ad2" },
				"south": { "uv": [ 0, 10.1875, 15.75, 10.25 ], "texture": "#ad2" },
				"west": { "uv": [ 0, 9.75, 0.0625, 10.25 ], "texture": "#ad2", "rotation": 270 },
				"east": { "uv": [ 15.75, 10.25, 15.6875, 9.75 ], "texture": "#ad2", "rotation": 270 }
			}
		},
		{
			"__comment": "Box7",
			"from": [ -16, 8, 17 ],
			"to": [ 32, 9, 22.25 ],
			"faces": {
				"down": { "uv": [ 0, 12.75, 16, 11 ], "texture": "#ad2" },
				"up": { "uv": [ 0, 11, 16, 12.75 ], "texture": "#ad2" },
				"north": { "uv": [ 16, 11, 0, 11.0625 ], "texture": "#ad2" },
				"south": { "uv": [ 0, 12.6875, 16, 12.75 ], "texture": "#ad2" },
				"west": { "uv": [ 0, 11, 0.0625, 12.75 ], "texture": "#ad2", "rotation": 270 },
				"east": { "uv": [ 16, 12.75, 15.9375, 11 ], "texture": "#ad2", "rotation": 270 }
			}
		},
		{
			"__comment": "Box8",
			"from": [ -16, 8, 22.25 ],
			"to": [ 31.25, 9, 26 ],
			"faces": {
				"down": { "uv": [ 0, 14, 15.75, 12.75 ], "texture": "#ad2" },
				"up": { "uv": [ 0, 12.75, 15.75, 14 ], "texture": "#ad2" },
				"north": { "uv": [ 15.75, 12.75, 0, 12.8125 ], "texture": "#ad2" },
				"south": { "uv": [ 0, 13.9375, 15.75, 14 ], "texture": "#ad2" },
				"west": { "uv": [ 0, 12.75, 0.0625, 14 ], "texture": "#ad2", "rotation": 270 },
				"east": { "uv": [ 15.75, 14, 15.6875, 12.75 ], "texture": "#ad2", "rotation": 270 }
			}
		},
		{
			"__comment": "Box9",
			"from": [ -16, 8, 27.5 ],
			"to": [ 32, 9, 30.5 ],
			"faces": {
				"down": { "uv": [ 0, 15.5, 16, 14.5 ], "texture": "#ad2" },
				"up": { "uv": [ 0, 14.5, 16, 15.5 ], "texture": "#ad2" },
				"north": { "uv": [ 16, 14.5, 0, 14.5625 ], "texture": "#ad2" },
				"south": { "uv": [ 0, 15.4375, 16, 15.5 ], "texture": "#ad2" },
				"west": { "uv": [ 0, 14.5, 0.0625, 15.5 ], "texture": "#ad2", "rotation": 270 },
				"east": { "uv": [ 16, 15.5, 15.9375, 14.5 ], "texture": "#ad2", "rotation": 270 }
			}
		},
		{
			"__comment": "Box10",
			"from": [ -15.25, 8, -13 ],
			"to": [ 32, 9, -11.5 ],
			"faces": {
				"down": { "uv": [ 0.25, 1.5, 16, 1 ], "texture": "#ad2" },
				"up": { "uv": [ 0.25, 1, 16, 1.5 ], "texture": "#ad2" },
				"north": { "uv": [ 16, 1, 0.25, 1.0625 ], "texture": "#ad2" },
				"south": { "uv": [ 0.25, 1.4375, 16, 1.5 ], "texture": "#ad2" },
				"west": { "uv": [ 0.25, 1, 0.3125, 1.5 ], "texture": "#ad2", "rotation": 270 },
				"east": { "uv": [ 16, 1.5, 15.9375, 1 ], "texture": "#ad2", "rotation": 270 }
			}
		},
		{
			"__comment": "Box11",
			"from": [ -15.25, 8, -7.75 ],
			"to": [ 31.25, 9, -4 ],
			"faces": {
				"down": { "uv": [ 0.25, 4, 15.75, 2.75 ], "texture": "#ad2" },
				"up": { "uv": [ 0.25, 2.75, 15.75, 4 ], "texture": "#ad2" },
				"north": { "uv": [ 15.75, 2.75, 0.25, 2.8125 ], "texture": "#ad2" },
				"south": { "uv": [ 0.25, 3.9375, 15.75, 4 ], "texture": "#ad2" },
				"west": { "uv": [ 0.25, 2.75, 0.3125, 4 ], "texture": "#ad2", "rotation": 270 },
				"east": { "uv": [ 15.75, 4, 15.6875, 2.75 ], "texture": "#ad2", "rotation": 270 }
			}
		},
		{
			"__comment": "Box12",
			"from": [ -15.25, 8, -3.25 ],
			"to": [ 32, 9, -1 ],
			"faces": {
				"down": { "uv": [ 0.25, 5, 16, 4.25 ], "texture": "#ad2" },
				"up": { "uv": [ 0.25, 4.25, 16, 5 ], "texture": "#ad2" },
				"north": { "uv": [ 16, 4.25, 0.25, 4.3125 ], "texture": "#ad2" },
				"south": { "uv": [ 0.25, 4.9375, 16, 5 ], "texture": "#ad2" },
				"west": { "uv": [ 0.25, 4.25, 0.3125, 5 ], "texture": "#ad2", "rotation": 270 },
				"east": { "uv": [ 16, 5, 15.9375, 4.25 ], "texture": "#ad2", "rotation": 270 }
			}
		},
		{
			"__comment": "Box13",
			"from": [ -15.25, 8, -1 ],
			"to": [ 31.25, 9, 15.5 ],
			"faces": {
				"down": { "uv": [ 0.25, 10.5, 15.75, 5 ], "texture": "#ad2" },
				"up": { "uv": [ 0.25, 5, 15.75, 10.5 ], "texture": "#ad2" },
				"north": { "uv": [ 15.75, 5, 0.25, 5.0625 ], "texture": "#ad2" },
				"south": { "uv": [ 0.25, 10.4375, 15.75, 10.5 ], "texture": "#ad2" },
				"west": { "uv": [ 0.25, 5, 0.3125, 10.5 ], "texture": "#ad2", "rotation": 270 },
				"east": { "uv": [ 15.75, 10.5, 15.6875, 5 ], "texture": "#ad2", "rotation": 270 }
			}
		},
		{
			"__comment": "Box14",
			"from": [ -15.25, 8, 16.25 ],
			"to": [ 32, 9, 17 ],
			"faces": {
				"down": { "uv": [ 0.25, 11, 16, 10.75 ], "texture": "#ad2" },
				"up": { "uv": [ 0.25, 10.75, 16, 11 ], "texture": "#ad2" },
				"north": { "uv": [ 16, 10.75, 0.25, 10.8125 ], "texture": "#ad2" },
				"south": { "uv": [ 0.25, 10.9375, 16, 11 ], "texture": "#ad2" },
				"west": { "uv": [ 0.25, 10.75, 0.3125, 11 ], "texture": "#ad2", "rotation": 270 },
				"east": { "uv": [ 16, 11, 15.9375, 10.75 ], "texture": "#ad2", "rotation": 270 }
			}
		},
		{
			"__comment": "Box15",
			"from": [ -15.25, 8, 26 ],
			"to": [ 31.25, 9, 27.5 ],
			"faces": {
				"down": { "uv": [ 0.25, 14.5, 15.75, 14 ], "texture": "#ad2" },
				"up": { "uv": [ 0.25, 14, 15.75, 14.5 ], "texture": "#ad2" },
				"north": { "uv": [ 15.75, 14, 0.25, 14.0625 ], "texture": "#ad2" },
				"south": { "uv": [ 0.25, 14.4375, 15.75, 14.5 ], "texture": "#ad2" },
				"west": { "uv": [ 0.25, 14, 0.3125, 14.5 ], "texture": "#ad2", "rotation": 270 },
				"east": { "uv": [ 15.75, 14.5, 15.6875, 14 ], "texture": "#ad2", "rotation": 270 }
			}
		},
		{
			"__comment": "Box16",
			"from": [ -15.25, 8, 30.5 ],
			"to": [ -11.5, 9, 31.25 ],
			"faces": {
				"down": { "uv": [ 0.25, 15.75, 1.5, 15.5 ], "texture": "#ad2" },
				"up": { "uv": [ 0.25, 15.5, 1.5, 15.75 ], "texture": "#ad2" },
				"north": { "uv": [ 1.5, 15.5, 0.25, 15.5625 ], "texture": "#ad2" },
				"south": { "uv": [ 0.25, 15.6875, 1.5, 15.75 ], "texture": "#ad2" },
				"west": { "uv": [ 0.25, 15.5, 0.3125, 15.75 ], "texture": "#ad2", "rotation": 270 },
				"east": { "uv": [ 1.5, 15.75, 1.4375, 15.5 ], "texture": "#ad2", "rotation": 270 }
			}
		},
		{
			"__comment": "Box17",
			"from": [ -14.5, 8, -15.25 ],
			"to": [ -7.75, 9, 16.25 ],
			"faces": {
				"down": { "uv": [ 0.5, 10.75, 2.75, 0.25 ], "texture": "#ad2" },
				"up": { "uv": [ 0.5, 0.25, 2.75, 10.75 ], "texture": "#ad2" },
				"north": { "uv": [ 2.75, 0.25, 0.5, 0.3125 ], "texture": "#ad2" },
				"south": { "uv": [ 0.5, 10.6875, 2.75, 10.75 ], "texture": "#ad2" },
				"west": { "uv": [ 0.5, 0.25, 0.5625, 10.75 ], "texture": "#ad2", "rotation": 270 },
				"east": { "uv": [ 2.75, 10.75, 2.6875, 0.25 ], "texture": "#ad2", "rotation": 270 }
			}
		},
		{
			"__comment": "Box18",
			"from": [ -9.25, 8, 30.5 ],
			"to": [ -1.75, 9, 31.25 ],
			"faces": {
				"down": { "uv": [ 2.25, 15.75, 4.75, 15.5 ], "texture": "#ad2" },
				"up": { "uv": [ 2.25, 15.5, 4.75, 15.75 ], "texture": "#ad2" },
				"north": { "uv": [ 4.75, 15.5, 2.25, 15.5625 ], "texture": "#ad2" },
				"south": { "uv": [ 2.25, 15.6875, 4.75, 15.75 ], "texture": "#ad2" },
				"west": { "uv": [ 2.25, 15.5, 2.3125, 15.75 ], "texture": "#ad2", "rotation": 270 },
				"east": { "uv": [ 4.75, 15.75, 4.6875, 15.5 ], "texture": "#ad2", "rotation": 270 }
			}
		},
		{
			"__comment": "Box19",
			"from": [ -7.75, 8, -14.5 ],
			"to": [ 32, 9, -13.75 ],
			"faces": {
				"down": { "uv": [ 2.75, 0.75, 16, 0.5 ], "texture": "#ad2" },
				"up": { "uv": [ 2.75, 0.5, 16, 0.75 ], "texture": "#ad2" },
				"north": { "uv": [ 16, 0.5, 2.75, 0.5625 ], "texture": "#ad2" },
				"south": { "uv": [ 2.75, 0.6875, 16, 0.75 ], "texture": "#ad2" },
				"west": { "uv": [ 2.75, 0.5, 2.8125, 0.75 ], "texture": "#ad2", "rotation": 270 },
				"east": { "uv": [ 16, 0.75, 15.9375, 0.5 ], "texture": "#ad2", "rotation": 270 }
			}
		},
		{
			"__comment": "Box20",
			"from": [ -7.75, 8, -13.75 ],
			"to": [ 31.25, 9, 16.25 ],
			"faces": {
				"down": { "uv": [ 2.75, 10.75, 15.75, 0.75 ], "texture": "#ad2" },
				"up": { "uv": [ 2.75, 0.75, 15.75, 10.75 ], "texture": "#ad2" },
				"north": { "uv": [ 15.75, 0.75, 2.75, 0.8125 ], "texture": "#ad2" },
				"south": { "uv": [ 2.75, 10.6875, 15.75, 10.75 ], "texture": "#ad2" },
				"west": { "uv": [ 2.75, 0.75, 2.8125, 10.75 ], "texture": "#ad2", "rotation": 270 },
				"east": { "uv": [ 15.75, 10.75, 15.6875, 0.75 ], "texture": "#ad2", "rotation": 270 }
			}
		},
		{
			"__comment": "Box21",
			"from": [ -7.75, 8, 31.25 ],
			"to": [ -3.25, 9, 32 ],
			"faces": {
				"down": { "uv": [ 2.75, 16, 4.25, 15.75 ], "texture": "#ad2" },
				"up": { "uv": [ 2.75, 15.75, 4.25, 16 ], "texture": "#ad2" },
				"north": { "uv": [ 4.25, 15.75, 2.75, 15.8125 ], "texture": "#ad2" },
				"south": { "uv": [ 2.75, 15.9375, 4.25, 16 ], "texture": "#ad2" },
				"west": { "uv": [ 2.75, 15.75, 2.8125, 16 ], "texture": "#ad2", "rotation": 270 },
				"east": { "uv": [ 4.25, 16, 4.1875, 15.75 ], "texture": "#ad2", "rotation": 270 }
			}
		},
		{
			"__comment": "Box22",
			"from": [ -6.25, 8, -15.25 ],
			"to": [ -0.25, 9, -14.5 ],
			"faces": {
				"down": { "uv": [ 3.25, 0.5, 5.25, 0.25 ], "texture": "#ad2" },
				"up": { "uv": [ 3.25, 0.25, 5.25, 0.5 ], "texture": "#ad2" },
				"north": { "uv": [ 5.25, 0.25, 3.25, 0.3125 ], "texture": "#ad2" },
				"south": { "uv": [ 3.25, 0.4375, 5.25, 0.5 ], "texture": "#ad2" },
				"west": { "uv": [ 3.25, 0.25, 3.3125, 0.5 ], "texture": "#ad2", "rotation": 270 },
				"east": { "uv": [ 5.25, 0.5, 5.1875, 0.25 ], "texture": "#ad2", "rotation": 270 }
			}
		},
		{
			"__comment": "Box23",
			"from": [ -3.25, 8, -16 ],
			"to": [ -1, 9, -15.25 ],
			"faces": {
				"down": { "uv": [ 4.25, 0.25, 5, 0 ], "texture": "#ad2" },
				"up": { "uv": [ 4.25, 0, 5, 0.25 ], "texture": "#ad2" },
				"north": { "uv": [ 5, 0, 4.25, 0.0625 ], "texture": "#ad2" },
				"south": { "uv": [ 4.25, 0.1875, 5, 0.25 ], "texture": "#ad2" },
				"west": { "uv": [ 4.25, 0, 4.3125, 0.25 ], "texture": "#ad2", "rotation": 270 },
				"east": { "uv": [ 5, 0.25, 4.9375, 0 ], "texture": "#ad2", "rotation": 270 }
			}
		},
		{
			"__comment": "Box24",
			"from": [ -0.25, 8, 30.5 ],
			"to": [ 3.5, 9, 31.25 ],
			"faces": {
				"down": { "uv": [ 5.25, 15.75, 6.5, 15.5 ], "texture": "#ad2" },
				"up": { "uv": [ 5.25, 15.5, 6.5, 15.75 ], "texture": "#ad2" },
				"north": { "uv": [ 6.5, 15.5, 5.25, 15.5625 ], "texture": "#ad2" },
				"south": { "uv": [ 5.25, 15.6875, 6.5, 15.75 ], "texture": "#ad2" },
				"west": { "uv": [ 5.25, 15.5, 5.3125, 15.75 ], "texture": "#ad2", "rotation": 270 },
				"east": { "uv": [ 6.5, 15.75, 6.4375, 15.5 ], "texture": "#ad2", "rotation": 270 }
			}
		},
		{
			"__comment": "Box25",
			"from": [ 0.5, 8, -16 ],
			"to": [ 5, 9, -14.5 ],
			"faces": {
				"down": { "uv": [ 5.5, 0.5, 7, 0 ], "texture": "#ad2" },
				"up": { "uv": [ 5.5, 0, 7, 0.5 ], "texture": "#ad2" },
				"north": { "uv": [ 7, 0, 5.5, 0.0625 ], "texture": "#ad2" },
				"south": { "uv": [ 5.5, 0.4375, 7, 0.5 ], "texture": "#ad2" },
				"west": { "uv": [ 5.5, 0, 5.5625, 0.5 ], "texture": "#ad2", "rotation": 270 },
				"east": { "uv": [ 7, 0.5, 6.9375, 0 ], "texture": "#ad2", "rotation": 270 }
			}
		},
		{
			"__comment": "Box26",
			"from": [ 5, 8, -15.25 ],
			"to": [ 9.5, 9, 32 ],
			"faces": {
				"down": { "uv": [ 7, 16, 8.5, 0.25 ], "texture": "#ad2" },
				"up": { "uv": [ 7, 0.25, 8.5, 16 ], "texture": "#ad2" },
				"north": { "uv": [ 8.5, 0.25, 7, 0.3125 ], "texture": "#ad2" },
				"south": { "uv": [ 7, 15.9375, 8.5, 16 ], "texture": "#ad2" },
				"west": { "uv": [ 7, 0.25, 7.0625, 16 ], "texture": "#ad2", "rotation": 270 },
				"east": { "uv": [ 8.5, 16, 8.4375, 0.25 ], "texture": "#ad2", "rotation": 270 }
			}
		},
		{
			"__comment": "Box27",
			"from": [ 5.75, 8, -16 ],
			"to": [ 8.75, 9, -15.25 ],
			"faces": {
				"down": { "uv": [ 7.25, 0.25, 8.25, 0 ], "texture": "#ad2" },
				"up": { "uv": [ 7.25, 0, 8.25, 0.25 ], "texture": "#ad2" },
				"north": { "uv": [ 8.25, 0, 7.25, 0.0625 ], "texture": "#ad2" },
				"south": { "uv": [ 7.25, 0.1875, 8.25, 0.25 ], "texture": "#ad2" },
				"west": { "uv": [ 7.25, 0, 7.3125, 0.25 ], "texture": "#ad2", "rotation": 270 },
				"east": { "uv": [ 8.25, 0.25, 8.1875, 0 ], "texture": "#ad2", "rotation": 270 }
			}
		},
		{
			"__comment": "Box28",
			"from": [ 9.5, 8, 30.5 ],
			"to": [ 32, 9, 31.25 ],
			"faces": {
				"down": { "uv": [ 8.5, 15.75, 16, 15.5 ], "texture": "#ad2" },
				"up": { "uv": [ 8.5, 15.5, 16, 15.75 ], "texture": "#ad2" },
				"north": { "uv": [ 16, 15.5, 8.5, 15.5625 ], "texture": "#ad2" },
				"south": { "uv": [ 8.5, 15.6875, 16, 15.75 ], "texture": "#ad2" },
				"west": { "uv": [ 8.5, 15.5, 8.5625, 15.75 ], "texture": "#ad2", "rotation": 270 },
				"east": { "uv": [ 16, 15.75, 15.9375, 15.5 ], "texture": "#ad2", "rotation": 270 }
			}
		},
		{
			"__comment": "Box29",
			"from": [ 9.5, 8, 31.25 ],
			"to": [ 11.75, 9, 32 ],
			"faces": {
				"down": { "uv": [ 8.5, 16, 9.25, 15.75 ], "texture": "#ad2" },
				"up": { "uv": [ 8.5, 15.75, 9.25, 16 ], "texture": "#ad2" },
				"north": { "uv": [ 9.25, 15.75, 8.5, 15.8125 ], "texture": "#ad2" },
				"south": { "uv": [ 8.5, 15.9375, 9.25, 16 ], "texture": "#ad2" },
				"west": { "uv": [ 8.5, 15.75, 8.5625, 16 ], "texture": "#ad2", "rotation": 270 },
				"east": { "uv": [ 9.25, 16, 9.1875, 15.75 ], "texture": "#ad2", "rotation": 270 }
			}
		},
		{
			"__comment": "Box30",
			"from": [ 10.25, 8, -15.25 ],
			"to": [ 32, 9, -14.5 ],
			"faces": {
				"down": { "uv": [ 8.75, 0.5, 16, 0.25 ], "texture": "#ad2" },
				"up": { "uv": [ 8.75, 0.25, 16, 0.5 ], "texture": "#ad2" },
				"north": { "uv": [ 16, 0.25, 8.75, 0.3125 ], "texture": "#ad2" },
				"south": { "uv": [ 8.75, 0.4375, 16, 0.5 ], "texture": "#ad2" },
				"west": { "uv": [ 8.75, 0.25, 8.8125, 0.5 ], "texture": "#ad2", "rotation": 270 },
				"east": { "uv": [ 16, 0.5, 15.9375, 0.25 ], "texture": "#ad2", "rotation": 270 }
			}
		},
		{
			"__comment": "Box31",
			"from": [ 11.75, 8, -16 ],
			"to": [ 20.75, 9, -15.25 ],
			"faces": {
				"down": { "uv": [ 9.25, 0.25, 12.25, 0 ], "texture": "#ad2" },
				"up": { "uv": [ 9.25, 0, 12.25, 0.25 ], "texture": "#ad2" },
				"north": { "uv": [ 12.25, 0, 9.25, 0.0625 ], "texture": "#ad2" },
				"south": { "uv": [ 9.25, 0.1875, 12.25, 0.25 ], "texture": "#ad2" },
				"west": { "uv": [ 9.25, 0, 9.3125, 0.25 ], "texture": "#ad2", "rotation": 270 },
				"east": { "uv": [ 12.25, 0.25, 12.1875, 0 ], "texture": "#ad2", "rotation": 270 }
			}
		},
		{
			"__comment": "Box32",
			"from": [ 12.5, 8, 31.25 ],
			"to": [ 14.75, 9, 32 ],
			"faces": {
				"down": { "uv": [ 9.5, 16, 10.25, 15.75 ], "texture": "#ad2" },
				"up": { "uv": [ 9.5, 15.75, 10.25, 16 ], "texture": "#ad2" },
				"north": { "uv": [ 10.25, 15.75, 9.5, 15.8125 ], "texture": "#ad2" },
				"south": { "uv": [ 9.5, 15.9375, 10.25, 16 ], "texture": "#ad2" },
				"west": { "uv": [ 9.5, 15.75, 9.5625, 16 ], "texture": "#ad2", "rotation": 270 },
				"east": { "uv": [ 10.25, 16, 10.1875, 15.75 ], "texture": "#ad2", "rotation": 270 }
			}
		},
		{
			"__comment": "Box33",
			"from": [ 15.5, 8, 31.25 ],
			"to": [ 25.25, 9, 32 ],
			"faces": {
				"down": { "uv": [ 10.5, 16, 13.75, 15.75 ], "texture": "#ad2" },
				"up": { "uv": [ 10.5, 15.75, 13.75, 16 ], "texture": "#ad2" },
				"north": { "uv": [ 13.75, 15.75, 10.5, 15.8125 ], "texture": "#ad2" },
				"south": { "uv": [ 10.5, 15.9375, 13.75, 16 ], "texture": "#ad2" },
				"west": { "uv": [ 10.5, 15.75, 10.5625, 16 ], "texture": "#ad2", "rotation": 270 },
				"east": { "uv": [ 13.75, 16, 13.6875, 15.75 ], "texture": "#ad2", "rotation": 270 }
			}
		},
		{
			"__comment": "Box34",
			"from": [ 28.25, 8, 31.25 ],
			"to": [ 30.5, 9, 32 ],
			"faces": {
				"down": { "uv": [ 14.75, 16, 15.5, 15.75 ], "texture": "#ad2" },
				"up": { "uv": [ 14.75, 15.75, 15.5, 16 ], "texture": "#ad2" },
				"north": { "uv": [ 15.5, 15.75, 14.75, 15.8125 ], "texture": "#ad2" },
				"south": { "uv": [ 14.75, 15.9375, 15.5, 16 ], "texture": "#ad2" },
				"west": { "uv": [ 14.75, 15.75, 14.8125, 16 ], "texture": "#ad2", "rotation": 270 },
				"east": { "uv": [ 15.5, 16, 15.4375, 15.75 ], "texture": "#ad2", "rotation": 270 }
			}
		},
		{
			"__comment": "Box35",
			"from": [ 29.75, 8, -16 ],
			"to": [ 32, 9, -15.25 ],
			"faces": {
				"down": { "uv": [ 15.25, 0.25, 16, 0 ], "texture": "#ad2" },
				"up": { "uv": [ 15.25, 0, 16, 0.25 ], "texture": "#ad2" },
				"north": { "uv": [ 16, 0, 15.25, 0.0625 ], "texture": "#ad2" },
				"south": { "uv": [ 15.25, 0.1875, 16, 0.25 ], "texture": "#ad2" },
				"west": { "uv": [ 15.25, 0, 15.3125, 0.25 ], "texture": "#ad2", "rotation": 270 },
				"east": { "uv": [ 16, 0.25, 15.9375, 0 ], "texture": "#ad2", "rotation": 270 }
			}
		},
		{
			"__comment": "Box36",
			"from": [ 31.25, 8, -7 ],
			"to": [ 32, 9, -3.25 ],
			"faces": {
				"down": { "uv": [ 15.75, 4.25, 16, 3 ], "texture": "#ad2" },
				"up": { "uv": [ 15.75, 3, 16, 4.25 ], "texture": "#ad2" },
				"north": { "uv": [ 16, 3, 15.75, 3.0625 ], "texture": "#ad2" },
				"south": { "uv": [ 15.75, 4.1875, 16, 4.25 ], "texture": "#ad2" },
				"west": { "uv": [ 15.75, 3, 15.8125, 4.25 ], "texture": "#ad2", "rotation": 270 },
				"east": { "uv": [ 16, 4.25, 15.9375, 3 ], "texture": "#ad2", "rotation": 270 }
			}
		},
		{
			"__comment": "Box37",
			"from": [ 31.25, 8, 5 ],
			"to": [ 32, 9, 8.75 ],
			"faces": {
				"down": { "uv": [ 15.75, 8.25, 16, 7 ], "texture": "#ad2" },
				"up": { "uv": [ 15.75, 7, 16, 8.25 ], "texture": "#ad2" },
				"north": { "uv": [ 16, 7, 15.75, 7.0625 ], "texture": "#ad2" },
				"south": { "uv": [ 15.75, 8.1875, 16, 8.25 ], "texture": "#ad2" },
				"west": { "uv": [ 15.75, 7, 15.8125, 8.25 ], "texture": "#ad2", "rotation": 270 },
				"east": { "uv": [ 16, 8.25, 15.9375, 7 ], "texture": "#ad2", "rotation": 270 }
			}
		},
		{
			"__comment": "Box38",
			"from": [ 31.25, 8, 10.25 ],
			"to": [ 32, 9, 12.5 ],
			"faces": {
				"down": { "uv": [ 15.75, 9.5, 16, 8.75 ], "texture": "#ad2" },
				"up": { "uv": [ 15.75, 8.75, 16, 9.5 ], "texture": "#ad2" },
				"north": { "uv": [ 16, 8.75, 15.75, 8.8125 ], "texture": "#ad2" },
				"south": { "uv": [ 15.75, 9.4375, 16, 9.5 ], "texture": "#ad2" },
				"west": { "uv": [ 15.75, 8.75, 15.8125, 9.5 ], "texture": "#ad2", "rotation": 270 },
				"east": { "uv": [ 16, 9.5, 15.9375, 8.75 ], "texture": "#ad2", "rotation": 270 }
			}
		},
		{
			"__comment": "Box39",
			"from": [ 31.25, 8, 14.75 ],
			"to": [ 32, 9, 16.25 ],
			"faces": {
				"down": { "uv": [ 15.75, 10.75, 16, 10.25 ], "texture": "#ad2" },
				"up": { "uv": [ 15.75, 10.25, 16, 10.75 ], "texture": "#ad2" },
				"north": { "uv": [ 16, 10.25, 15.75, 10.3125 ], "texture": "#ad2" },
				"south": { "uv": [ 15.75, 10.6875, 16, 10.75 ], "texture": "#ad2" },
				"west": { "uv": [ 15.75, 10.25, 15.8125, 10.75 ], "texture": "#ad2", "rotation": 270 },
				"east": { "uv": [ 16, 10.75, 15.9375, 10.25 ], "texture": "#ad2", "rotation": 270 }
			}
		},
		{
			"__comment": "Box40",
			"from": [ 31.25, 8, 26.75 ],
			"to": [ 32, 9, 27.5 ],
			"faces": {
				"down": { "uv": [ 15.75, 14.5, 16, 14.25 ], "texture": "#ad2" },
				"up": { "uv": [ 15.75, 14.25, 16, 14.5 ], "texture": "#ad2" },
				"north": { "uv": [ 16, 14.25, 15.75, 14.3125 ], "texture": "#ad2" },
				"south": { "uv": [ 15.75, 14.4375, 16, 14.5 ], "texture": "#ad2" },
				"west": { "uv": [ 15.75, 14.25, 15.8125, 14.5 ], "texture": "#ad2", "rotation": 270 },
				"east": { "uv": [ 16, 14.5, 15.9375, 14.25 ], "texture": "#ad2", "rotation": 270 }
			}
		},
		{
			"__comment": "Box41",
			"from": [ 6.5, 9, -14 ],
			"to": [ 8.5, 9.5, -12 ],
			"faces": {
				"down": { "uv": [ 6.5, 12, 8.5, 14 ], "texture": "#texture" },
				"up": { "uv": [ 6.5, 2, 8.5, 4 ], "texture": "#texture" },
				"north": { "uv": [ 7.5, 6.5, 9.5, 7 ], "texture": "#texture" },
				"south": { "uv": [ 6.5, 6.5, 8.5, 7 ], "texture": "#texture" },
				"west": { "uv": [ 2, 6.5, 4, 7 ], "texture": "#texture" },
				"east": { "uv": [ 12, 6.5, 14, 7 ], "texture": "#texture" }
			}
		}
	],
	"display": {
		"firstperson_righthand": {
			"rotation":  [ 0, 45, 0 ],
			"scale":  [ 0.4, 0.4, 0.4 ]
		},
		"gui": {
			"rotation":  [ 90, 0, 0 ],
			"scale":  [ 0.3, 0.3, 0.3 ]
		},
		"fixed": {
			"rotation":  [ 90, 0, 180 ],
			"translation":  [ 0, 0, 1.8043 ],
			"scale":  [ 1, 2.5, 1 ]
		}
	}
}