{
	"__comment": "Designed by MinerYT with Cubik Studio - https://cubik.studio",
	"textures": {
		"black_concrete": "block/black_concrete",
		"yellow_concrete_powder": "block/yellow_concrete_powder"
	},
	"elements": [ 	 
		{
			"__comment": "Box1",
			"from": [ 6.500149, -0.000551128, 5.99934 ],
			"to": [ 9.500149, 3.999449, 8.99934 ],
			"faces": {
				"down": { "uv": [ 6.5, 7, 9.5, 10 ], "texture": "#yellow_concrete_powder" },
				"up": { "uv": [ 6.5, 6, 9.5, 9 ], "texture": "#yellow_concrete_powder" },
				"north": { "uv": [ 6.5, 12, 9.5, 16 ], "texture": "#yellow_concrete_powder" },
				"south": { "uv": [ 6.5, 12, 9.5, 16 ], "texture": "#yellow_concrete_powder" },
				"west": { "uv": [ 6, 12, 9, 16 ], "texture": "#yellow_concrete_powder" },
				"east": { "uv": [ 7, 12, 10, 16 ], "texture": "#yellow_concrete_powder" }
			}
		},
		{
			"__comment": "Box1",
			"from": [ 4.500813, -0.000342124, 6.500031 ],
			"to": [ 11.50081, 0.9996579, 8.500031 ],
			"faces": {
				"down": { "uv": [ 4.5, 7.5, 11.5, 9.5 ], "texture": "#yellow_concrete_powder" },
				"up": { "uv": [ 4.5, 6.5, 11.5, 8.5 ], "texture": "#yellow_concrete_powder" },
				"north": { "uv": [ 4.5, 15, 11.5, 16 ], "texture": "#yellow_concrete_powder" },
				"south": { "uv": [ 4.5, 15, 11.5, 16 ], "texture": "#yellow_concrete_powder" },
				"west": { "uv": [ 6.5, 15, 8.5, 16 ], "texture": "#yellow_concrete_powder" },
				"east": { "uv": [ 7.5, 15, 9.5, 16 ], "texture": "#yellow_concrete_powder" }
			}
		},
		{
			"__comment": "Box1",
			"from": [ 7.000164, -0.000264366, 4.500864 ],
			"to": [ 9.000164, 0.9997357, 11.00086 ],
			"faces": {
				"down": { "uv": [ 7, 5, 9, 11.5 ], "texture": "#yellow_concrete_powder" },
				"up": { "uv": [ 7, 4.5, 9, 11 ], "texture": "#yellow_concrete_powder" },
				"north": { "uv": [ 7, 15, 9, 16 ], "texture": "#yellow_concrete_powder" },
				"south": { "uv": [ 7, 15, 9, 16 ], "texture": "#yellow_concrete_powder" },
				"west": { "uv": [ 4.5, 15, 11, 16 ], "texture": "#yellow_concrete_powder" },
				"east": { "uv": [ 5, 15, 11.5, 16 ], "texture": "#yellow_concrete_powder" }
			}
		},
		{
			"__comment": "Box1",
			"from": [ 6.999661, 2.000053, 6.499949 ],
			"to": [ 8.99966, 8.000052, 8.499949 ],
			"faces": {
				"down": { "uv": [ 7, 7.5, 9, 9.5 ], "texture": "#yellow_concrete_powder" },
				"up": { "uv": [ 7, 6.5, 9, 8.5 ], "texture": "#yellow_concrete_powder" },
				"north": { "uv": [ 7, 8, 9, 14 ], "texture": "#yellow_concrete_powder" },
				"south": { "uv": [ 7, 8, 9, 14 ], "texture": "#yellow_concrete_powder" },
				"west": { "uv": [ 6.5, 8, 8.5, 14 ], "texture": "#yellow_concrete_powder" },
				"east": { "uv": [ 7.5, 8, 9.5, 14 ], "texture": "#yellow_concrete_powder" }
			}
		},
		{
			"__comment": "Box1",
			"from": [ 11.5005, -0.000073461, 6.499482 ],
			"to": [ 15.5005, 0.9999266, 8.499481 ],
			"rotation": { "origin": [ 11.5, 0, 6.5 ], "axis": "z", "angle": 22.5 },
			"faces": {
				"down": { "uv": [ 2.5, 7, 6.5, 10 ], "texture": "#yellow_concrete_powder" },
				"up": { "uv": [ 2.5, 6, 6.5, 9 ], "texture": "#yellow_concrete_powder" },
				"north": { "uv": [ 9.5, 15, 13.5, 16 ], "texture": "#yellow_concrete_powder" },
				"south": { "uv": [ 2.5, 15, 6.5, 16 ], "texture": "#yellow_concrete_powder" },
				"west": { "uv": [ 6, 15, 9, 16 ], "texture": "#yellow_concrete_powder" },
				"east": { "uv": [ 7, 15, 10, 16 ], "texture": "#yellow_concrete_powder" }
			}
		},
		{
			"__comment": "Box1",
			"from": [ 0.4997629, 0.000299217, 6.499398 ],
			"to": [ 4.499763, 1.000299, 8.499397 ],
			"rotation": { "origin": [ 4.5, 0, 8.5 ], "axis": "z", "angle": -22.5 },
			"faces": {
				"down": { "uv": [ 2.5, 7, 6.5, 10 ], "texture": "#yellow_concrete_powder", "rotation": 180 },
				"up": { "uv": [ 2.5, 6, 6.5, 9 ], "texture": "#yellow_concrete_powder", "rotation": 180 },
				"north": { "uv": [ 2.5, 15, 6.5, 16 ], "texture": "#yellow_concrete_powder" },
				"south": { "uv": [ 9.5, 15, 13.5, 16 ], "texture": "#yellow_concrete_powder" },
				"west": { "uv": [ 7, 15, 10, 16 ], "texture": "#yellow_concrete_powder" },
				"east": { "uv": [ 6, 15, 9, 16 ], "texture": "#yellow_concrete_powder" }
			}
		},
		{
			"__comment": "Box1",
			"from": [ 6.999146, 0.000597101, 11.00019 ],
			"to": [ 8.999146, 1.000597, 15.00019 ],
			"rotation": { "origin": [ 9, 0, 11 ], "axis": "x", "angle": -22.5 },
			"faces": {
				"down": { "uv": [ 2.5, 7, 6.5, 10 ], "texture": "#yellow_concrete_powder", "rotation": 270 },
				"up": { "uv": [ 2.5, 6, 6.5, 9 ], "texture": "#yellow_concrete_powder", "rotation": 90 },
				"north": { "uv": [ 6, 15, 9, 16 ], "texture": "#yellow_concrete_powder" },
				"south": { "uv": [ 7, 15, 10, 16 ], "texture": "#yellow_concrete_powder" },
				"west": { "uv": [ 2.5, 15, 6.5, 16 ], "texture": "#yellow_concrete_powder" },
				"east": { "uv": [ 9.5, 15, 13.5, 16 ], "texture": "#yellow_concrete_powder" }
			}
		},
		{
			"__comment": "Box1",
			"from": [ 6.999466, 0.000807074, 0.4998829 ],
			"to": [ 8.999466, 1.000807, 4.499883 ],
			"rotation": { "origin": [ 7, 0, 4.5 ], "axis": "x", "angle": 22.5 },
			"faces": {
				"down": { "uv": [ 6.5, 10, 2.5, 7 ], "texture": "#yellow_concrete_powder", "rotation": 270 },
				"up": { "uv": [ 6.5, 9, 2.5, 6 ], "texture": "#yellow_concrete_powder", "rotation": 90 },
				"north": { "uv": [ 10, 16, 7, 15 ], "texture": "#yellow_concrete_powder", "rotation": 180 },
				"south": { "uv": [ 9, 16, 6, 15 ], "texture": "#yellow_concrete_powder", "rotation": 180 },
				"west": { "uv": [ 9.5, 15, 13.5, 16 ], "texture": "#yellow_concrete_powder" },
				"east": { "uv": [ 2.5, 15, 6.5, 16 ], "texture": "#yellow_concrete_powder" }
			}
		},
		{
			"__comment": "Box1",
			"from": [ 7.499319, 8.000428, 7.000006 ],
			"to": [ 8.499319, 9.000428, 8.000006 ],
			"faces": {
				"down": { "uv": [ 7.5, 8, 8.5, 9 ], "texture": "#black_concrete" },
				"up": { "uv": [ 7.5, 7, 8.5, 8 ], "texture": "#black_concrete" },
				"north": { "uv": [ 7.5, 7, 8.5, 8 ], "texture": "#black_concrete" },
				"south": { "uv": [ 7.5, 7, 8.5, 8 ], "texture": "#black_concrete" },
				"west": { "uv": [ 7, 7, 8, 8 ], "texture": "#black_concrete" },
				"east": { "uv": [ 8, 7, 9, 8 ], "texture": "#black_concrete" }
			}
		}
	],
	"display": {
		"head": {
			"rotation":  [ 0, 11, 0 ],
			"translation":  [ 0, -9.032, 0 ],
			"scale":  [ 3, 3, 3 ]
		}
	}
}