{
	"__comment": "Designed by MinerYT with Cubik Studio - https://cubik.studio",
	"textures": {
		"black_concrete": "block/black_concrete",
		"yellow_concrete_powder": "block/yellow_concrete_powder"
	},
	"elements": [ 	 
		{
			"__comment": "Box8",
			"from": [ 6.999, 6, 7.5 ],
			"to": [ 10.009, 14, 10.5 ],
			"rotation": { "origin": [ 7, 6, 7.5 ], "axis": "x", "angle": 45 },
			"faces": {
				"down": { "uv": [ 7, 6, 10, 9 ], "texture": "#yellow_concrete_powder" },
				"up": { "uv": [ 7, 7, 10, 10 ], "texture": "#yellow_concrete_powder" },
				"north": { "uv": [ 6, 3, 9, 11 ], "texture": "#yellow_concrete_powder" },
				"south": { "uv": [ 7, 3, 10, 11 ], "texture": "#yellow_concrete_powder" },
				"west": { "uv": [ 7, 3, 10, 11 ], "texture": "#yellow_concrete_powder" },
				"east": { "uv": [ 6, 3, 9, 11 ], "texture": "#yellow_concrete_powder" }
			}
		},
		{
			"__comment": "Box8",
			"from": [ 7, 10.7, 12.299 ],
			"to": [ 10, 14.7, 15.299 ],
			"rotation": { "origin": [ 7, 10.5, 12.5 ], "axis": "x", "angle": 22.5 },
			"shade": false,
			"faces": {
				"down": { "uv": [ 7, 3, 10, 6 ], "texture": "#yellow_concrete_powder" },
				"up": { "uv": [ 7, 10, 10, 13 ], "texture": "#yellow_concrete_powder" },
				"north": { "uv": [ 6, 1, 9, 5 ], "texture": "#yellow_concrete_powder" },
				"south": { "uv": [ 7, 1, 10, 5 ], "texture": "#yellow_concrete_powder" },
				"west": { "uv": [ 10, 1, 13, 5 ], "texture": "#yellow_concrete_powder" },
				"east": { "uv": [ 3, 1, 6, 5 ], "texture": "#yellow_concrete_powder" }
			}
		},
		{
			"__comment": "Box8",
			"from": [ 7, 3.9, 4.75 ],
			"to": [ 10, 6.9, 9.75 ],
			"faces": {
				"down": { "uv": [ 7, 7, 10, 12 ], "texture": "#yellow_concrete_powder" },
				"up": { "uv": [ 7, 5, 10, 10 ], "texture": "#yellow_concrete_powder" },
				"north": { "uv": [ 6, 10, 9, 13 ], "texture": "#yellow_concrete_powder" },
				"south": { "uv": [ 7, 10, 10, 13 ], "texture": "#yellow_concrete_powder" },
				"west": { "uv": [ 4, 10, 9, 13 ], "texture": "#yellow_concrete_powder" },
				"east": { "uv": [ 7, 10, 12, 13 ], "texture": "#yellow_concrete_powder" }
			}
		},
		{
			"__comment": "Box8",
			"from": [ 8, 4.8, 4.5 ],
			"to": [ 9, 5.8, 6 ],
			"faces": {
				"down": { "uv": [ 7, 7, 10, 12 ], "texture": "#black_concrete" },
				"up": { "uv": [ 7, 5, 10, 10 ], "texture": "#black_concrete" },
				"north": { "uv": [ 6, 10, 9, 13 ], "texture": "#black_concrete" },
				"south": { "uv": [ 7, 10, 10, 13 ], "texture": "#black_concrete" },
				"west": { "uv": [ 4, 10, 9, 13 ], "texture": "#black_concrete" },
				"east": { "uv": [ 7, 10, 12, 13 ], "texture": "#black_concrete" }
			}
		},
		{
			"__comment": "Box8",
			"from": [ 8, 13.5, 13.3 ],
			"to": [ 9, 15, 14.3 ],
			"rotation": { "origin": [ 7, 10.5, 12.5 ], "axis": "x", "angle": 22.5 },
			"faces": {
				"down": { "uv": [ 7, 10, 10, 13 ], "texture": "#black_concrete" },
				"up": { "uv": [ 9, 13, 6, 10 ], "texture": "#black_concrete" },
				"north": { "uv": [ 10, 12, 7, 7 ], "texture": "#black_concrete" },
				"south": { "uv": [ 7, 5, 10, 10 ], "texture": "#black_concrete" },
				"west": { "uv": [ 4, 10, 9, 13 ], "texture": "#black_concrete", "rotation": 90 },
				"east": { "uv": [ 7, 10, 12, 13 ], "texture": "#black_concrete", "rotation": 270 }
			}
		}
	],
	"display": {
		"thirdperson_righthand": {
			"rotation":  [ 51, 180, 11 ],
			"translation":  [ 0, -2.956, 1.8913 ],
			"scale":  [ 0.85, 0.85, 0.85 ]
		},
		"thirdperson_lefthand": {
			"rotation":  [ 51, 180, 11 ],
			"translation":  [ 0, -2.956, 1.8913 ],
			"scale":  [ 0.85, 0.85, 0.85 ]
		},
		"firstperson_righthand": {
			"rotation":  [ -23, 14, 25 ],
			"translation":  [ -2.086, 3.2, 1.13 ],
			"scale":  [ 0.68, 0.68, 0.68 ]
		},
		"gui": {
			"rotation":  [ 57, 123, -34 ],
			"translation":  [ -2.086, -2.086, 0 ]
		},
		"head": {
			"rotation":  [ 0, 11, 0 ],
			"translation":  [ 0, -9.032, 0 ],
			"scale":  [ 3, 3, 3 ]
		},
		"ground": {
			"translation":  [ -2.086, 3.4782, -3.478 ]
		}
	}
}