{
	"credit": "Made with Blockbench, a free, modern block model editor made by JannisX11",
	"textures": {
		"0": "blocks/cactus_side",
		"1": "blocks/cactus_bottom"
	},
	"elements": [
		{
			"name": "CactusMain",
			"from": [5.04, 1.1600000000000001, 5.04],
			"to": [10.96, 18.919999999999998, 10.96],
			"shade": true,
			"faces": {
				"north": {"uv": [0, 0, 4, 12], "texture": "#0"},
				"east": {"uv": [12, 0, 16, 12], "texture": "#0"},
				"south": {"uv": [0, 0, 4, 12], "texture": "#0"},
				"west": {"uv": [12, 0, 16, 12], "texture": "#0"},
				"up": {"uv": [4, 1, 8, 5], "texture": "#0"},
				"down": {"uv": [6, 6, 10, 10], "texture": "#1"}
			}
		},
		{
			"name": "CatcusTop",
			"from": [5.780000011026859, 18.92, 5.780000011026859],
			"to": [
				10.220000011026858,
				19.65999998897314,
				10.220000011026858
			],
			"shade": true,
			"faces": {
				"north": {
					"uv": [0, 0, 3, 0.4999999925494194],
					"texture": "#0"
				},
				"east": {
					"uv": [12, 0, 15, 0.4999999925494194],
					"texture": "#0"
				},
				"south": {
					"uv": [0, 0, 3, 0.4999999925494194],
					"texture": "#0"
				},
				"west": {
					"uv": [12, 0, 15, 0.4999999925494194],
					"texture": "#0"
				},
				"up": {"uv": [4, 1, 7, 4], "texture": "#0"},
				"down": {"uv": [6, 6, 9, 9], "texture": "#1"}
			}
		},
		{
			"name": "CactusA1",
			"from": [10.96, 7.079999999999999, 6.520000022053718],
			"to": [13.92, 10.04, 9.48000002205372],
			"shade": true,
			"faces": {
				"north": {"uv": [5, 9, 7, 11], "texture": "#0"},
				"east": {"uv": [12, 2, 14, 4], "texture": "#0"},
				"south": {"uv": [7, 5, 9, 7], "texture": "#0"},
				"west": {"uv": [13, 5, 15, 7], "texture": "#0"},
				"up": {"uv": [5, 1, 7, 3], "texture": "#0"},
				"down": {"uv": [6, 8, 8, 10], "texture": "#0"}
			}
		},
		{
			"name": "CactusA2",
			"from": [13.92, 7.079999999999999, 6.66800002425909],
			"to": [17.915999993383885, 10.04, 9.332000019848346],
			"shade": true,
			"faces": {
				"north": {
					"uv": [5, 9, 7.699999995529652, 11],
					"texture": "#0"
				},
				"east": {
					"uv": [12, 2, 13.799999997019768, 4],
					"texture": "#0"
				},
				"south": {
					"uv": [7, 5, 9.699999995529652, 7],
					"texture": "#0"
				},
				"west": {
					"uv": [13, 5, 14.799999997019768, 7],
					"texture": "#0"
				},
				"up": {
					"uv": [5, 1, 7.699999995529652, 2.7999999970197678],
					"texture": "#0"
				},
				"down": {
					"uv": [6, 8, 8.699999995529652, 9.799999997019768],
					"texture": "#0"
				}
			},
			"rotation": {
				"origin": [13.92, 7.079999999999999, 6.52],
				"axis": "z",
				"angle": 45
			}
		},
		{
			"name": "CactusA3",
			"from": [13.92, 10.04, 6.520000022053718],
			"to": [
				16.731999997794627,
				18.771999975740908,
				9.48000002205372
			],
			"shade": true,
			"faces": {
				"north": {
					"uv": [5, 9, 6.899999998509884, 14.899999983608723],
					"texture": "#0"
				},
				"east": {
					"uv": [12, 2, 14, 7.899999983608723],
					"texture": "#0"
				},
				"south": {
					"uv": [7, 5, 8.899999998509884, 10.899999983608723],
					"texture": "#0"
				},
				"west": {
					"uv": [13, 5, 15, 10.899999983608723],
					"texture": "#0"
				},
				"up": {
					"uv": [5, 1, 6.899999998509884, 3],
					"texture": "#0"
				},
				"down": {
					"uv": [6, 8, 7.899999998509884, 10],
					"texture": "#0"
				}
			}
		},
		{
			"name": "CactusB1",
			"from": [6.52, 5.6, 2.08],
			"to": [9.48, 8.56, 5.04],
			"shade": true,
			"faces": {
				"north": {"uv": [5, 9, 7, 11], "texture": "#0"},
				"east": {"uv": [12, 2, 14, 4], "texture": "#0"},
				"south": {"uv": [7, 5, 9, 7], "texture": "#0"},
				"west": {"uv": [13, 5, 15, 7], "texture": "#0"},
				"up": {"uv": [5, 1, 7, 3], "texture": "#0"},
				"down": {"uv": [6, 8, 8, 10], "texture": "#0"}
			}
		},
		{
			"name": "CactusB2",
			"from": [6.667999999999999, -2.392000008821487, 2.524],
			"to": [9.332, 0.5679999911785121, 6.52],
			"shade": true,
			"faces": {
				"north": {"uv": [5, 9, 6.8, 11], "texture": "#0"},
				"east": {"uv": [12, 2, 14.7, 4], "texture": "#0"},
				"south": {"uv": [7, 5, 8.8, 7], "texture": "#0"},
				"west": {"uv": [13, 5, 15.7, 7], "texture": "#0"},
				"up": {"uv": [5, 1, 6.8, 3.7], "texture": "#0"},
				"down": {"uv": [6, 8, 7.8, 10.7], "texture": "#0"}
			},
			"rotation": {
				"origin": [6.52, 7.08, 13.92],
				"axis": "x",
				"angle": 45
			}
		},
		{
			"name": "CactusB3",
			"from": [6.52, 8.56, -0.879999999999999],
			"to": [9.48, 14.33199997574091, 1.9320000000000004],
			"shade": true,
			"faces": {
				"north": {
					"uv": [5, 9, 7, 12.899999983608723],
					"texture": "#0"
				},
				"east": {
					"uv": [12, 2, 13.9, 5.899999983608723],
					"texture": "#0"
				},
				"south": {
					"uv": [7, 5, 9, 8.899999983608723],
					"texture": "#0"
				},
				"west": {
					"uv": [13, 5, 14.9, 8.899999983608723],
					"texture": "#0"
				},
				"up": {"uv": [5, 1, 7, 2.9], "texture": "#0"},
				"down": {"uv": [6, 8, 8, 9.9], "texture": "#0"}
			}
		}
	]
}