{
	"credit": "Made with Blockbench, a free, modern block model editor made by JannisX11",
	"textures": {
		"0": "blocks/cactus_side",
		"1": "blocks/cactus_bottom"
	},
	"elements": [
		{
			"name": "CactusMain",
			"from": [3, 0, 3],
			"to": [13, 30, 13],
			"shade": true,
			"faces": {
				"north": {"uv": [0, 0, 4, 12], "texture": "#0"},
				"east": {"uv": [12, 0, 16, 12], "texture": "#0"},
				"south": {"uv": [0, 0, 4, 12], "texture": "#0"},
				"west": {"uv": [12, 0, 16, 12], "texture": "#0"},
				"up": {"uv": [4, 1, 8, 5], "texture": "#0"},
				"down": {"uv": [6, 6, 10, 10], "texture": "#1"}
			}
		},
		{
			"name": "CatcusTop",
			"from": [4.2500000186264515, 30, 4.2500000186264515],
			"to": [
				11.750000018626451,
				31.24999998137355,
				11.750000018626451
			],
			"shade": true,
			"faces": {
				"north": {
					"uv": [0, 0, 3, 0.4999999925494194],
					"texture": "#0"
				},
				"east": {
					"uv": [12, 0, 15, 0.4999999925494194],
					"texture": "#0"
				},
				"south": {
					"uv": [0, 0, 3, 0.4999999925494194],
					"texture": "#0"
				},
				"west": {
					"uv": [12, 0, 15, 0.4999999925494194],
					"texture": "#0"
				},
				"up": {"uv": [4, 1, 7, 4], "texture": "#0"},
				"down": {"uv": [6, 6, 9, 9], "texture": "#1"}
			}
		},
		{
			"name": "CactusA1",
			"from": [13, 10, 5.500000037252903],
			"to": [18, 15, 10.500000037252903],
			"shade": true,
			"faces": {
				"north": {"uv": [5, 9, 7, 11], "texture": "#0"},
				"east": {"uv": [12, 2, 14, 4], "texture": "#0"},
				"south": {"uv": [7, 5, 9, 7], "texture": "#0"},
				"west": {"uv": [13, 5, 15, 7], "texture": "#0"},
				"up": {"uv": [5, 1, 7, 3], "texture": "#0"},
				"down": {"uv": [6, 8, 8, 10], "texture": "#0"}
			}
		},
		{
			"name": "CactusA2",
			"from": [18, 10, 5.750000040978193],
			"to": [24.74999998882413, 15, 10.250000033527613],
			"shade": true,
			"faces": {
				"north": {
					"uv": [5, 9, 7.699999995529652, 11],
					"texture": "#0"
				},
				"east": {
					"uv": [12, 2, 13.799999997019768, 4],
					"texture": "#0"
				},
				"south": {
					"uv": [7, 5, 9.699999995529652, 7],
					"texture": "#0"
				},
				"west": {
					"uv": [13, 5, 14.799999997019768, 7],
					"texture": "#0"
				},
				"up": {
					"uv": [5, 1, 7.699999995529652, 2.7999999970197678],
					"texture": "#0"
				},
				"down": {
					"uv": [6, 8, 8.699999995529652, 9.799999997019768],
					"texture": "#0"
				}
			},
			"rotation": {
				"origin": [18, 10, 5.5],
				"axis": "z",
				"angle": 45
			}
		},
		{
			"name": "CactusA3",
			"from": [18, 15, 5.500000037252903],
			"to": [
				22.74999999627471,
				29.749999959021807,
				10.500000037252903
			],
			"shade": true,
			"faces": {
				"north": {
					"uv": [5, 9, 6.899999998509884, 14.899999983608723],
					"texture": "#0"
				},
				"east": {
					"uv": [12, 2, 14, 7.899999983608723],
					"texture": "#0"
				},
				"south": {
					"uv": [7, 5, 8.899999998509884, 10.899999983608723],
					"texture": "#0"
				},
				"west": {
					"uv": [13, 5, 15, 10.899999983608723],
					"texture": "#0"
				},
				"up": {
					"uv": [5, 1, 6.899999998509884, 3],
					"texture": "#0"
				},
				"down": {
					"uv": [6, 8, 7.899999998509884, 10],
					"texture": "#0"
				}
			}
		},
		{
			"name": "CactusB1",
			"from": [5.5, 7.5, -2],
			"to": [10.5, 12.5, 3],
			"shade": true,
			"faces": {
				"north": {"uv": [5, 9, 7, 11], "texture": "#0"},
				"east": {"uv": [12, 2, 14, 4], "texture": "#0"},
				"south": {"uv": [7, 5, 9, 7], "texture": "#0"},
				"west": {"uv": [13, 5, 15, 7], "texture": "#0"},
				"up": {"uv": [5, 1, 7, 3], "texture": "#0"},
				"down": {"uv": [6, 8, 8, 10], "texture": "#0"}
			}
		},
		{
			"name": "CactusB2",
			"from": [5.749999999999999, -4, -1.25],
			"to": [10.25, -1.0000000149011612, 5.5],
			"shade": true,
			"faces": {
				"north": {"uv": [5, 9, 6.8, 11], "texture": "#0"},
				"east": {"uv": [12, 2, 14.7, 4], "texture": "#0"},
				"south": {"uv": [7, 5, 8.8, 7], "texture": "#0"},
				"west": {"uv": [13, 5, 15.7, 7], "texture": "#0"},
				"up": {"uv": [5, 1, 6.8, 3.7], "texture": "#0"},
				"down": {"uv": [6, 8, 7.8, 10.7], "texture": "#0"}
			},
			"rotation": {
				"origin": [5.5, 10, 18],
				"axis": "x",
				"angle": 45
			}
		},
		{
			"name": "CactusB3",
			"from": [5.5, 12.5, -7],
			"to": [10.5, 22.249999959021807, -2.25],
			"shade": true,
			"faces": {
				"north": {
					"uv": [5, 9, 7, 12.899999983608723],
					"texture": "#0"
				},
				"east": {
					"uv": [12, 2, 13.9, 5.899999983608723],
					"texture": "#0"
				},
				"south": {
					"uv": [7, 5, 9, 8.899999983608723],
					"texture": "#0"
				},
				"west": {
					"uv": [13, 5, 14.9, 8.899999983608723],
					"texture": "#0"
				},
				"up": {"uv": [5, 1, 7, 2.9], "texture": "#0"},
				"down": {"uv": [6, 8, 8, 9.9], "texture": "#0"}
			}
		}
	]
}