{
    "__comment": "Model generated using MrCrayfish's Model Creator (http://mrcrayfish.com/modelcreator/)",
    "textures": {
        "0": "blocks/log_spruce",
        "1": "blocks/log_spruce_top",
        "2": "blocks/planks_spruce",
        "3": "blocks/planks_big_oak",
		"particle": "blocks/planks_spruce"
    },
    "elements": [
        {
            "name": "FootA",
            "from": [ 0.0, 0.0, 0.0 ], 
            "to": [ 2.0, 1.0, 2.0 ], 
            "faces": {
                "north": { "texture": "#0", "uv": [ 0.0, 0.0, 2.0, 1.0 ] },
                "east": { "texture": "#0", "uv": [ 0.0, 0.0, 2.0, 1.0 ] },
                "south": { "texture": "#0", "uv": [ 0.0, 0.0, 2.0, 1.0 ] },
                "west": { "texture": "#0", "uv": [ 0.0, 0.0, 2.0, 1.0 ] },
                "up": { "texture": "#1", "uv": [ 0.0, 0.0, 2.0, 2.0 ] },
                "down": { "texture": "#1", "uv": [ 0.0, 0.0, 2.0, 2.0 ] }
            }
        },
        {
            "name": "FootB",
            "from": [ 14.0, 0.0, 0.0 ], 
            "to": [ 16.0, 1.0, 2.0 ], 
            "faces": {
                "north": { "texture": "#0", "uv": [ 0.0, 0.0, 2.0, 1.0 ] },
                "east": { "texture": "#0", "uv": [ 0.0, 0.0, 2.0, 1.0 ] },
                "south": { "texture": "#0", "uv": [ 0.0, 0.0, 2.0, 1.0 ] },
                "west": { "texture": "#0", "uv": [ 0.0, 0.0, 2.0, 1.0 ] },
                "up": { "texture": "#1", "uv": [ 0.0, 0.0, 2.0, 2.0 ] },
                "down": { "texture": "#1", "uv": [ 0.0, 0.0, 2.0, 2.0 ] }
            }
        },
        {
            "name": "FootC",
            "from": [ 14.0, 0.0, 14.0 ], 
            "to": [ 16.0, 1.0, 16.0 ], 
            "faces": {
                "north": { "texture": "#0", "uv": [ 0.0, 0.0, 2.0, 1.0 ] },
                "east": { "texture": "#0", "uv": [ 0.0, 0.0, 2.0, 1.0 ] },
                "south": { "texture": "#0", "uv": [ 0.0, 0.0, 2.0, 1.0 ] },
                "west": { "texture": "#0", "uv": [ 0.0, 0.0, 2.0, 1.0 ] },
                "up": { "texture": "#1", "uv": [ 0.0, 0.0, 2.0, 2.0 ] },
                "down": { "texture": "#1", "uv": [ 0.0, 0.0, 2.0, 2.0 ] }
            }
        },
        {
            "name": "FootD",
            "from": [ 0.0, 0.0, 14.0 ], 
            "to": [ 2.0, 1.0, 16.0 ], 
            "faces": {
                "north": { "texture": "#0", "uv": [ 0.0, 0.0, 2.0, 1.0 ] },
                "east": { "texture": "#0", "uv": [ 0.0, 0.0, 2.0, 1.0 ] },
                "south": { "texture": "#0", "uv": [ 0.0, 0.0, 2.0, 1.0 ] },
                "west": { "texture": "#0", "uv": [ 0.0, 0.0, 2.0, 1.0 ] },
                "up": { "texture": "#1", "uv": [ 0.0, 0.0, 2.0, 2.0 ] },
                "down": { "texture": "#1", "uv": [ 0.0, 0.0, 2.0, 2.0 ] }
            }
        },
        {
            "name": "LayerA",
            "from": [ 0.0, 1.0, 0.0 ], 
            "to": [ 16.0, 3.0, 16.0 ], 
            "faces": {
                "north": { "texture": "#2", "uv": [ 0.0, 13.0, 16.0, 15.0 ] },
                "east": { "texture": "#2", "uv": [ 0.0, 13.0, 16.0, 15.0 ] },
                "south": { "texture": "#2", "uv": [ 0.0, 13.0, 16.0, 15.0 ] },
                "west": { "texture": "#2", "uv": [ 0.0, 13.0, 16.0, 15.0 ] },
                "up": { "texture": "#2", "uv": [ 0.0, 0.0, 16.0, 16.0 ] },
                "down": { "texture": "#2", "uv": [ 0.0, 0.0, 16.0, 16.0 ] }
            }
        },
        {
            "name": "ThingB",
            "from": [ 2.0, 3.0, 1.0 ], 
            "to": [ 14.0, 13.0, 17.0 ], 
            "faces": {
                "north": { "texture": "#3", "uv": [ 0.0, 0.0, 12.0, 10.0 ] },
                "east": { "texture": "#3", "uv": [ 0.0, 0.0, 16.0, 10.0 ] },
                "south": { "texture": "#3", "uv": [ 2.0, 3.0, 14.0, 13.0 ] },
                "west": { "texture": "#3", "uv": [ 0.0, 0.0, 16.0, 10.0 ] },
                "up": { "texture": "#3", "uv": [ 2.0, 0.0, 14.0, 16.0 ] },
                "down": { "texture": "#3", "uv": [ 2.0, 0.0, 14.0, 16.0 ] }
            }
        },
        {
            "name": "Back",
            "from": [ 0.0, 3.0, 0.0 ], 
            "to": [ 16.0, 15.0, 1.0 ], 
            "faces": {
                "north": { "texture": "#2", "uv": [ 0.0, 0.0, 16.0, 12.0 ] },
                "east": { "texture": "#2", "uv": [ 0.0, 0.0, 1.0, 12.0 ] },
                "south": { "texture": "#2", "uv": [ 0.0, 0.0, 16.0, 12.0 ] },
                "west": { "texture": "#2", "uv": [ 0.0, 0.0, 1.0, 12.0 ] },
                "up": { "texture": "#2", "uv": [ 0.0, 0.0, 16.0, 1.0 ] },
                "down": { "texture": "#2", "uv": [ 0.0, 0.0, 16.0, 1.0 ] }
            }
        },
        {
            "name": "SideA",
            "from": [ 0.0, 3.0, 1.0 ], 
            "to": [ 2.0, 15.0, 16.0 ], 
            "faces": {
                "north": { "texture": "#2", "uv": [ 0.0, 0.0, 2.0, 12.0 ] },
                "east": { "texture": "#2", "uv": [ 1.0, 0.0, 16.0, 12.0 ] },
                "south": { "texture": "#2", "uv": [ 0.0, 0.0, 2.0, 12.0 ] },
                "west": { "texture": "#2", "uv": [ 1.0, 0.0, 16.0, 12.0 ] },
                "up": { "texture": "#2", "uv": [ 0.0, 0.0, 2.0, 15.0 ] },
                "down": { "texture": "#2", "uv": [ 0.0, 0.0, 2.0, 15.0 ] }
            }
        },
        {
            "name": "SideB",
            "from": [ 14.0, 3.0, 1.0 ], 
            "to": [ 16.0, 15.0, 16.0 ], 
            "faces": {
                "north": { "texture": "#2", "uv": [ 14.0, 0.0, 16.0, 12.0 ] },
                "east": { "texture": "#2", "uv": [ 1.0, 0.0, 16.0, 12.0 ] },
                "south": { "texture": "#2", "uv": [ 14.0, 0.0, 16.0, 12.0 ] },
                "west": { "texture": "#2", "uv": [ 1.0, 0.0, 16.0, 12.0 ] },
                "up": { "texture": "#2", "uv": [ 0.0, 0.0, 2.0, 15.0 ] },
                "down": { "texture": "#2", "uv": [ 0.0, 0.0, 2.0, 15.0 ] }
            }
        },
        {
            "name": "LayerC",
            "from": [ 2.0, 13.0, 1.0 ], 
            "to": [ 14.0, 15.0, 16.0 ], 
            "faces": {
                "north": { "texture": "#2", "uv": [ 2.0, 0.0, 14.0, 2.0 ] },
                "east": { "texture": "#2", "uv": [ 0.0, 0.0, 15.0, 2.0 ] },
                "south": { "texture": "#2", "uv": [ 2.0, 0.0, 14.0, 2.0 ] },
                "west": { "texture": "#2", "uv": [ 0.0, 0.0, 15.0, 2.0 ] },
                "up": { "texture": "#2", "uv": [ 2.0, 0.0, 14.0, 15.0 ] },
                "down": { "texture": "#2", "uv": [ 2.0, 0.0, 14.0, 15.0 ] }
            }
        },
        {
            "name": "HandleSideA",
            "from": [ 12.0, 4.5, 17.0 ], 
            "to": [ 13.0, 5.0, 17.5 ], 
            "faces": {
                "north": { "texture": "#2", "uv": [ 0.0, 0.0, 1.0, 0.5 ] },
                "east": { "texture": "#2", "uv": [ 0.0, 0.0, 0.5, 0.5 ] },
                "south": { "texture": "#2", "uv": [ 0.0, 0.0, 1.0, 0.5 ] },
                "west": { "texture": "#2", "uv": [ 0.0, 0.0, 0.5, 0.5 ] },
                "up": { "texture": "#2", "uv": [ 0.0, 0.0, 1.0, 0.5 ] },
                "down": { "texture": "#2", "uv": [ 0.0, 0.0, 1.0, 0.5 ] }
            }
        },
        {
            "name": "Handle",
            "from": [ 12.0, 4.5, 17.5 ], 
            "to": [ 13.0, 11.5, 17.99999999254942 ], 
            "faces": {
                "north": { "texture": "#2", "uv": [ 0.0, 0.0, 1.0, 7.0 ] },
                "east": { "texture": "#2", "uv": [ 0.0, 0.0, 0.4999999925494194, 7.0 ] },
                "south": { "texture": "#2", "uv": [ 0.0, 0.0, 1.0, 7.0 ] },
                "west": { "texture": "#2", "uv": [ 0.0, 0.0, 0.4999999925494194, 7.0 ] },
                "up": { "texture": "#2", "uv": [ 0.0, 0.0, 1.0, 0.4999999925494194 ] },
                "down": { "texture": "#2", "uv": [ 0.0, 0.0, 1.0, 0.4999999925494194 ] }
            }
        },
        {
            "name": "HandleSideB",
            "from": [ 12.0, 11.0, 17.0 ], 
            "to": [ 13.0, 11.5, 17.5 ], 
            "faces": {
                "north": { "texture": "#2", "uv": [ 0.0, 0.0, 1.0, 0.5 ] },
                "east": { "texture": "#2", "uv": [ 0.0, 0.0, 0.5, 0.5 ] },
                "south": { "texture": "#2", "uv": [ 0.0, 0.0, 1.0, 0.5 ] },
                "west": { "texture": "#2", "uv": [ 0.0, 0.0, 0.5, 0.5 ] },
                "up": { "texture": "#2", "uv": [ 0.0, 0.0, 1.0, 0.5 ] },
                "down": { "texture": "#2", "uv": [ 0.0, 0.0, 1.0, 0.5 ] }
            }
        }
    ]
}