{
	"__comment": "Model generated using MrCrayfish's Model Creator (http://mrcrayfish.com/modelcreator/)",
	"textures": {
		"0": "blocks/log_spruce",
		"1": "blocks/log_spruce_top",
		"2": "blocks/planks_spruce",
		"3": "blocks/planks_big_oak",
		"particle": "blocks/planks_spruce"
	},
	"elements": [ 	 
		{
			"from": [ 0, 0, 0 ],
			"to": [ 2, 1, 2 ],
			"faces": {
				"down": { "uv": [ 0, 0, 2, 2 ], "texture": "#1", "cullface": "down" },
				"north": { "uv": [ 0, 0, 2, 1 ], "texture": "#0", "cullface": "north" },
				"south": { "uv": [ 0, 0, 2, 1 ], "texture": "#0" },
				"west": { "uv": [ 0, 0, 2, 1 ], "texture": "#0", "cullface": "west" },
				"east": { "uv": [ 0, 0, 2, 1 ], "texture": "#0" }
			}
		},
		{
			"from": [ 14, 0, 0 ],
			"to": [ 16, 1, 2 ],
			"faces": {
				"down": { "uv": [ 0, 0, 2, 2 ], "texture": "#1", "cullface": "down" },
				"north": { "uv": [ 0, 0, 2, 1 ], "texture": "#0", "cullface": "north" },
				"south": { "uv": [ 0, 0, 2, 1 ], "texture": "#0" },
				"west": { "uv": [ 0, 0, 2, 1 ], "texture": "#0" },
				"east": { "uv": [ 0, 0, 2, 1 ], "texture": "#0", "cullface": "east" }
			}
		},
		{
			"from": [ 14, 0, 14 ],
			"to": [ 16, 1, 16 ],
			"faces": {
				"down": { "uv": [ 0, 0, 2, 2 ], "texture": "#1", "cullface": "down" },
				"north": { "uv": [ 0, 0, 2, 1 ], "texture": "#0" },
				"south": { "uv": [ 0, 0, 2, 1 ], "texture": "#0", "cullface": "south" },
				"west": { "uv": [ 0, 0, 2, 1 ], "texture": "#0" },
				"east": { "uv": [ 0, 0, 2, 1 ], "texture": "#0", "cullface": "east" }
			}
		},
		{
			"from": [ 0, 0, 14 ],
			"to": [ 2, 1, 16 ],
			"faces": {
				"down": { "uv": [ 0, 0, 2, 2 ], "texture": "#1", "cullface": "down" },
				"north": { "uv": [ 0, 0, 2, 1 ], "texture": "#0" },
				"south": { "uv": [ 0, 0, 2, 1 ], "texture": "#0", "cullface": "south" },
				"west": { "uv": [ 0, 0, 2, 1 ], "texture": "#0", "cullface": "west" },
				"east": { "uv": [ 0, 0, 2, 1 ], "texture": "#0" }
			}
		},
		{
			"from": [ 0, 1, 0 ],
			"to": [ 16, 3, 16 ],
			"faces": {
				"down": { "uv": [ 0, 0, 16, 16 ], "texture": "#2" },
				"up": { "uv": [ 0, 0, 16, 16 ], "texture": "#2" },
				"north": { "uv": [ 0, 13, 16, 15 ], "texture": "#2", "cullface": "north" },
				"south": { "uv": [ 0, 13, 16, 15 ], "texture": "#2", "cullface": "south" },
				"west": { "uv": [ 0, 13, 16, 15 ], "texture": "#2", "cullface": "west" },
				"east": { "uv": [ 0, 13, 16, 15 ], "texture": "#2", "cullface": "east" }
			}
		},
		{
			"from": [ 2, 3, 1 ],
			"to": [ 14, 7, 17 ],
			"faces": {
				"down": { "uv": [ 2, 0, 14, 16 ], "texture": "#3", "cullface": "south" },
				"up": { "uv": [ 2, 0, 14, 16 ], "texture": "#3", "cullface": "south" },
				"south": { "uv": [ 2, 9, 14, 13 ], "texture": "#3", "cullface": "south" },
				"west": { "uv": [ 0, 0, 16, 4 ], "texture": "#3", "cullface": "south" },
				"east": { "uv": [ 0, 0, 16, 4 ], "texture": "#3", "cullface": "south" }
			}
		},
		{
			"from": [ 2, 9, 1 ],
			"to": [ 14, 13, 17 ],
			"faces": {
				"down": { "uv": [ 2, 0, 14, 16 ], "texture": "#3", "cullface": "south" },
				"up": { "uv": [ 2, 0, 14, 16 ], "texture": "#3", "cullface": "south" },
				"south": { "uv": [ 2, 3, 14, 7 ], "texture": "#3", "cullface": "south" },
				"west": { "uv": [ 0, 0, 16, 4 ], "texture": "#3", "cullface": "south" },
				"east": { "uv": [ 0, 0, 16, 4 ], "texture": "#3", "cullface": "south" }
			}
		},
		{
			"from": [ 0, 3, 0 ],
			"to": [ 16, 15, 1 ],
			"faces": {
				"up": { "uv": [ 0, 0, 16, 1 ], "texture": "#2" },
				"north": { "uv": [ 0, 0, 16, 12 ], "texture": "#2", "cullface": "north" },
				"south": { "uv": [ 0, 0, 16, 12 ], "texture": "#2" },
				"west": { "uv": [ 0, 0, 1, 12 ], "texture": "#2", "cullface": "west" },
				"east": { "uv": [ 0, 0, 1, 12 ], "texture": "#2", "cullface": "east" }
			}
		},
		{
			"from": [ 0, 3, 1 ],
			"to": [ 2, 15, 16 ],
			"faces": {
				"up": { "uv": [ 0, 0, 2, 15 ], "texture": "#2" },
				"south": { "uv": [ 0, 0, 2, 12 ], "texture": "#2", "cullface": "south" },
				"west": { "uv": [ 1, 0, 16, 12 ], "texture": "#2", "cullface": "west" },
				"east": { "uv": [ 1, 0, 16, 12 ], "texture": "#2" }
			}
		},
		{
			"from": [ 14, 3, 1 ],
			"to": [ 16, 15, 16 ],
			"faces": {
				"up": { "uv": [ 0, 0, 2, 15 ], "texture": "#2" },
				"south": { "uv": [ 14, 0, 16, 12 ], "texture": "#2", "cullface": "south" },
				"west": { "uv": [ 1, 0, 16, 12 ], "texture": "#2" },
				"east": { "uv": [ 1, 0, 16, 12 ], "texture": "#2", "cullface": "east" }
			}
		},
		{
			"from": [ 2, 13, 1 ],
			"to": [ 14, 15, 16 ],
			"faces": {
				"up": { "uv": [ 2, 0, 14, 15 ], "texture": "#2" },
				"south": { "uv": [ 2, 0, 14, 2 ], "texture": "#2", "cullface": "south" }
			}
		},
		{
			"from": [ 2, 7, 1 ],
			"to": [ 14, 9, 16 ],
			"faces": {
				"south": { "uv": [ 2, 2, 14, 4 ], "texture": "#2", "cullface": "south" }
			}
		},
		{
			"from": [ 4.5, 4.5, 16.5 ],
			"to": [ 5, 5.5, 17.5 ],
			"faces": {
				"down": { "uv": [ 0, 0, 0.5, 1 ], "texture": "#2", "cullface": "south" },
				"up": { "uv": [ 0, 0, 0.5, 1 ], "texture": "#2", "cullface": "south" },
				"west": { "uv": [ 0, 0, 1, 1 ], "texture": "#2", "cullface": "south" },
				"east": { "uv": [ 0, 0, 1, 1 ], "texture": "#2", "cullface": "south" }
			}
		},
		{
			"from": [ 11, 4.5, 16.5 ],
			"to": [ 11.5, 5.5, 17.5 ],
			"faces": {
				"down": { "uv": [ 0, 0, 0.5, 1 ], "texture": "#2", "cullface": "south" },
				"up": { "uv": [ 0, 0, 0.5, 1 ], "texture": "#2", "cullface": "south" },
				"west": { "uv": [ 0, 0, 1, 1 ], "texture": "#2", "cullface": "south" },
				"east": { "uv": [ 0, 0, 1, 1 ], "texture": "#2", "cullface": "south" }
			}
		},
		{
			"from": [ 4.5, 10.5, 16.5 ],
			"to": [ 5, 11.5, 17.5 ],
			"faces": {
				"down": { "uv": [ 0, 0, 0.5, 1 ], "texture": "#2", "cullface": "south" },
				"up": { "uv": [ 0, 0, 0.5, 1 ], "texture": "#2", "cullface": "south" },
				"west": { "uv": [ 0, 0, 1, 1 ], "texture": "#2", "cullface": "south" },
				"east": { "uv": [ 0, 0, 1, 1 ], "texture": "#2", "cullface": "south" }
			}
		},
		{
			"from": [ 11, 10.5, 16.5 ],
			"to": [ 11.5, 11.5, 17.5 ],
			"faces": {
				"down": { "uv": [ 0, 0, 0.5, 1 ], "texture": "#2", "cullface": "south" },
				"up": { "uv": [ 0, 0, 0.5, 1 ], "texture": "#2", "cullface": "south" },
				"west": { "uv": [ 0, 0, 1, 1 ], "texture": "#2", "cullface": "south" },
				"east": { "uv": [ 0, 0, 1, 1 ], "texture": "#2", "cullface": "south" }
			}
		},
		{
			"from": [ 4.5, 4.5, 17.5 ],
			"to": [ 11.5, 5.5, 18 ],
			"faces": {
				"down": { "uv": [ 0, 0, 7, 0.5 ], "texture": "#2", "cullface": "south" },
				"up": { "uv": [ 0, 0, 7, 0.5 ], "texture": "#2", "cullface": "south" },
				"north": { "uv": [ 0, 0, 7, 1 ], "texture": "#2", "cullface": "south" },
				"south": { "uv": [ 0, 0, 7, 1 ], "texture": "#2", "cullface": "south" },
				"west": { "uv": [ 0, 0, 0.5, 1 ], "texture": "#2", "cullface": "south" },
				"east": { "uv": [ 0, 0, 0.5, 1 ], "texture": "#2", "cullface": "south" }
			}
		},
		{
			"from": [ 4.5, 10.5, 17.5 ],
			"to": [ 11.5, 11.5, 18 ],
			"faces": {
				"down": { "uv": [ 0, 0, 7, 0.5 ], "texture": "#2", "cullface": "south" },
				"up": { "uv": [ 0, 0, 7, 0.5 ], "texture": "#2", "cullface": "south" },
				"north": { "uv": [ 0, 0, 7, 1 ], "texture": "#2", "cullface": "south" },
				"south": { "uv": [ 0, 0, 7, 1 ], "texture": "#2", "cullface": "south" },
				"west": { "uv": [ 0, 0, 0.5, 1 ], "texture": "#2", "cullface": "south" },
				"east": { "uv": [ 0, 0, 0.5, 1 ], "texture": "#2", "cullface": "south" }
			}
		}
	]
}